Property_ID,District,Locality,Area_Type,Property_Type,Area_sqft,BHK,Bathrooms,Property_Age_Years,Parking_Spaces,Furnishing,Floor,Distance_to_City_Center_km,Road_Access,Gated_Community,Price_INR,Research_Anchor_Rate_INR_per_sqft,Price_Data_Type
KHP100001,Thrissur,Kunnamkulam,Semi-Urban,Independent House,2496,3,3,20,2,Unfurnished,2,3.4,Main Road,No,7810000,3500,Research-informed synthetic estimate
KHP100002,Kollam,Punalur,Semi-Urban,Villa,2228,3,3,1,1,Semi-Furnished,0,3.4,Highway Access,No,8810000,3000,Research-informed synthetic estimate
KHP100003,Alappuzha,Ambalappuzha,Semi-Urban,Independent House,2928,5,5,21,1,Unfurnished,1,5.9,Narrow Road,Yes,8050000,3400,Research-informed synthetic estimate
KHP100004,Kottayam,Kumarakom,Semi-Urban,Villa,2153,3,3,25,0,Semi-Furnished,0,2.5,Main Road,No,14710000,6500,Research-informed synthetic estimate
KHP100005,Alappuzha,Cherthala,Semi-Urban,Independent House,4125,6,5,2,1,Unfurnished,2,16.0,Local Road,No,18950000,4700,Research-informed synthetic estimate
KHP100006,Kasaragod,Bekal,Semi-Urban,Villa,2320,3,3,23,0,Semi-Furnished,0,10.6,Local Road,No,7930000,4200,Research-informed synthetic estimate
KHP100007,Ernakulam,Kizhakkambalam,Semi-Urban,Apartment,2136,4,4,1,1,Unfurnished,7,6.3,Main Road,No,11790000,4700,Research-informed synthetic estimate
KHP100008,Kollam,Chinnakada,Urban,Independent House,3992,6,5,8,1,Semi-Furnished,2,2.8,Main Road,No,23970000,5000,Research-informed synthetic estimate
KHP100009,Alappuzha,Ambalappuzha,Rural,Villa,1546,2,2,26,1,Semi-Furnished,1,7.0,Narrow Road,Yes,4100000,3400,Research-informed synthetic estimate
KHP100010,Kollam,Kavanad,Semi-Urban,Independent House,2333,3,3,0,2,Semi-Furnished,2,3.4,Main Road,Yes,14000000,5000,Research-informed synthetic estimate
KHP100011,Wayanad,Panamaram,Rural,Villa,795,3,3,1,1,Fully Furnished,1,0.9,Main Road,Yes,2960000,2900,Research-informed synthetic estimate
KHP100012,Thiruvananthapuram,Technopark,Semi-Urban,Apartment,1056,2,2,16,0,Unfurnished,2,0.3,Narrow Road,Yes,6030000,7000,Research-informed synthetic estimate
KHP100013,Palakkad,Mannarkkad,Rural,Independent House,3276,5,5,0,2,Unfurnished,2,3.2,Main Road,Yes,12050000,2800,Research-informed synthetic estimate
KHP100014,Kottayam,Manarcadu,Semi-Urban,Independent House,1386,3,3,28,0,Semi-Furnished,0,3.8,Highway Access,No,4730000,3600,Research-informed synthetic estimate
KHP100015,Malappuram,Malappuram Town,Urban,Residential Plot,1272,2,2,5,1,Semi-Furnished,0,7.1,Local Road,No,4670000,4400,Research-informed synthetic estimate
KHP100016,Kottayam,Kumarakom,Semi-Urban,Independent House,2437,3,3,24,1,Unfurnished,2,4.7,Main Road,Yes,16030000,6500,Research-informed synthetic estimate
KHP100017,Kottayam,Kottayam Town,Urban,Apartment,2077,3,3,16,1,Fully Furnished,6,6.6,Local Road,No,11570000,5200,Research-informed synthetic estimate
KHP100018,Ernakulam,Kizhakkambalam,Rural,Independent House,4079,6,5,19,0,Unfurnished,1,1.4,Highway Access,No,19610000,4700,Research-informed synthetic estimate
KHP100019,Palakkad,Shoranur,Semi-Urban,Independent House,2812,2,2,2,3,Unfurnished,0,6.3,Narrow Road,No,6990000,3100,Research-informed synthetic estimate
KHP100020,Kozhikode,Mukkam,Rural,Independent House,2105,4,4,28,1,Fully Furnished,0,7.6,Local Road,No,4760000,3000,Research-informed synthetic estimate
KHP100021,Kollam,Chinnakada,Urban,Independent House,1554,3,3,5,1,Unfurnished,1,4.0,Main Road,No,7760000,5000,Research-informed synthetic estimate
KHP100022,Malappuram,Ponnani,Semi-Urban,Villa,1355,3,3,17,2,Unfurnished,2,5.1,Local Road,Yes,4050000,3500,Research-informed synthetic estimate
KHP100023,Kollam,Kavanad,Semi-Urban,Apartment,1793,2,2,15,2,Semi-Furnished,0,8.3,Narrow Road,No,7420000,5000,Research-informed synthetic estimate
KHP100024,Ernakulam,Kakkanad,Rural,Villa,3326,5,5,6,3,Unfurnished,1,3.3,Narrow Road,No,22220000,6500,Research-informed synthetic estimate
KHP100025,Kannur,Payyannur,Rural,Villa,3952,5,5,16,1,Fully Furnished,0,0.3,Main Road,Yes,18190000,3900,Research-informed synthetic estimate
KHP100026,Malappuram,Parappanangadi,Rural,Independent House,3610,5,5,24,0,Unfurnished,0,8.6,Main Road,No,11100000,3600,Research-informed synthetic estimate
KHP100027,Pathanamthitta,Mallappally,Semi-Urban,Apartment,1608,2,2,29,1,Semi-Furnished,1,4.4,Main Road,Yes,4310000,3000,Research-informed synthetic estimate
KHP100028,Kottayam,Kanjirappally,Rural,Independent House,2030,4,4,28,1,Semi-Furnished,1,5.8,Local Road,Yes,4570000,3000,Research-informed synthetic estimate
KHP100029,Palakkad,Alathur,Rural,Independent House,2229,3,3,25,2,Semi-Furnished,0,3.1,Narrow Road,No,4660000,2900,Research-informed synthetic estimate
KHP100030,Kasaragod,Nileshwar,Semi-Urban,Villa,3646,5,5,12,0,Semi-Furnished,1,6.8,Local Road,No,11950000,3200,Research-informed synthetic estimate
KHP100031,Thrissur,Ayyanthole,Semi-Urban,Apartment,3714,5,5,11,0,Semi-Furnished,5,1.2,Local Road,No,18680000,5000,Research-informed synthetic estimate
KHP100032,Pathanamthitta,Mallappally,Semi-Urban,Independent House,3838,6,5,23,0,Unfurnished,1,10.6,Narrow Road,No,8380000,3000,Research-informed synthetic estimate
KHP100033,Palakkad,Chittur,Semi-Urban,Residential Plot,1419,2,2,16,3,Semi-Furnished,1,2.3,Narrow Road,No,2980000,2900,Research-informed synthetic estimate
KHP100034,Malappuram,Ponnani,Semi-Urban,Apartment,2901,5,5,10,2,Unfurnished,4,2.3,Local Road,Yes,11000000,3500,Research-informed synthetic estimate
KHP100035,Thrissur,Mannuthy,Rural,Independent House,3858,6,5,12,2,Semi-Furnished,0,4.9,Main Road,Yes,16470000,4000,Research-informed synthetic estimate
KHP100036,Idukki,Adimali,Semi-Urban,Apartment,1121,1,1,3,0,Fully Furnished,5,2.9,Narrow Road,No,3040000,3000,Research-informed synthetic estimate
KHP100037,Ernakulam,Pallikkara,Semi-Urban,Villa,736,1,1,7,2,Unfurnished,0,4.2,Highway Access,Yes,3960000,4600,Research-informed synthetic estimate
KHP100038,Kannur,Thalassery,Semi-Urban,Independent House,1544,2,1,12,2,Unfurnished,2,6.6,Main Road,Yes,6320000,4300,Research-informed synthetic estimate
KHP100039,Kozhikode,Vellayil,Semi-Urban,Independent House,4181,6,5,27,3,Semi-Furnished,2,12.5,Main Road,No,24430000,7100,Research-informed synthetic estimate
KHP100040,Thrissur,Kuttanellur,Semi-Urban,Residential Plot,3346,6,5,23,0,Semi-Furnished,1,5.8,Local Road,No,16130000,5500,Research-informed synthetic estimate
KHP100041,Kottayam,Changanassery,Semi-Urban,Independent House,1480,2,2,2,0,Semi-Furnished,2,0.8,Highway Access,No,7780000,4300,Research-informed synthetic estimate
KHP100042,Kasaragod,Cheruvathur,Rural,Villa,955,1,1,24,3,Fully Furnished,0,6.2,Main Road,No,2620000,2900,Research-informed synthetic estimate
KHP100043,Malappuram,Kottakkal,Semi-Urban,Independent House,4052,6,5,16,0,Semi-Furnished,1,2.3,Local Road,Yes,16630000,4400,Research-informed synthetic estimate
KHP100044,Kannur,Taliparamba,Rural,Residential Plot,4136,6,5,23,1,Semi-Furnished,1,0.5,Local Road,No,11920000,3500,Research-informed synthetic estimate
KHP100045,Ernakulam,Kadavanthra,Urban,Apartment,3164,5,5,30,1,Unfurnished,4,1.4,Highway Access,No,30960000,9000,Research-informed synthetic estimate
KHP100046,Kollam,Karunagappally,Semi-Urban,Independent House,1321,2,2,4,1,Semi-Furnished,1,4.1,Local Road,No,4230000,3800,Research-informed synthetic estimate
KHP100047,Pathanamthitta,Mallappally,Semi-Urban,Residential Plot,1378,2,1,2,1,Semi-Furnished,1,9.9,Main Road,No,3490000,3000,Research-informed synthetic estimate
KHP100048,Kannur,Thalassery,Semi-Urban,Villa,982,2,2,26,3,Unfurnished,1,3.8,Main Road,No,3870000,4300,Research-informed synthetic estimate
KHP100049,Kannur,Payyannur,Semi-Urban,Independent House,717,1,1,17,1,Unfurnished,1,2.1,Local Road,No,2020000,3900,Research-informed synthetic estimate
KHP100050,Malappuram,Manjeri,Semi-Urban,Independent House,1903,4,4,23,0,Semi-Furnished,1,3.4,Local Road,No,6580000,4300,Research-informed synthetic estimate
KHP100051,Kannur,Chala,Rural,Villa,877,2,2,21,1,Semi-Furnished,2,1.1,Highway Access,No,2750000,3600,Research-informed synthetic estimate
KHP100052,Palakkad,Pattambi,Rural,Apartment,2044,2,2,14,1,Semi-Furnished,1,2.7,Local Road,Yes,4770000,3000,Research-informed synthetic estimate
KHP100053,Malappuram,Kondotty,Semi-Urban,Villa,2168,4,4,19,1,Fully Furnished,0,3.3,Local Road,No,11070000,4300,Research-informed synthetic estimate
KHP100054,Kozhikode,Vadakara,Semi-Urban,Independent House,2443,4,4,22,0,Fully Furnished,2,8.2,Highway Access,No,16970000,6800,Research-informed synthetic estimate
KHP100055,Malappuram,Kottakkal,Rural,Independent House,4087,6,5,26,0,Semi-Furnished,0,8.2,Main Road,No,15260000,4400,Research-informed synthetic estimate
KHP100056,Kottayam,Manarcadu,Semi-Urban,Villa,1076,1,1,17,1,Semi-Furnished,2,8.4,Local Road,Yes,3760000,3600,Research-informed synthetic estimate
KHP100057,Thiruvananthapuram,Peroorkada,Rural,Independent House,919,1,1,5,0,Semi-Furnished,0,4.9,Local Road,No,3930000,5900,Research-informed synthetic estimate
KHP100058,Kannur,Chala,Semi-Urban,Independent House,3057,5,5,15,1,Unfurnished,0,7.2,Main Road,No,10820000,3600,Research-informed synthetic estimate
KHP100059,Thiruvananthapuram,Kazhakkoottam,Semi-Urban,Independent House,2897,5,5,30,1,Semi-Furnished,2,4.6,Highway Access,Yes,20330000,6800,Research-informed synthetic estimate
KHP100060,Kollam,Kollam Town,Urban,Residential Plot,2183,4,4,11,1,Unfurnished,0,8.3,Main Road,No,9530000,4800,Research-informed synthetic estimate
KHP100061,Kozhikode,Thondayad,Rural,Residential Plot,3317,6,5,10,3,Unfurnished,1,3.2,Narrow Road,Yes,14640000,5000,Research-informed synthetic estimate
KHP100062,Wayanad,Panamaram,Rural,Villa,4108,6,5,11,0,Fully Furnished,1,3.8,Main Road,No,15470000,2900,Research-informed synthetic estimate
KHP100063,Alappuzha,Kayamkulam,Semi-Urban,Apartment,2540,5,5,0,3,Unfurnished,0,2.0,Highway Access,No,11470000,3600,Research-informed synthetic estimate
KHP100064,Palakkad,Mannarkkad,Rural,Independent House,2307,3,3,4,0,Fully Furnished,1,0.3,Main Road,Yes,7440000,2800,Research-informed synthetic estimate
KHP100065,Wayanad,Kalpetta,Semi-Urban,Villa,1825,4,4,15,3,Semi-Furnished,2,3.4,Local Road,No,8390000,4300,Research-informed synthetic estimate
KHP100066,Pathanamthitta,Mallappally,Rural,Residential Plot,2548,3,3,8,0,Semi-Furnished,1,1.5,Local Road,No,4960000,3000,Research-informed synthetic estimate
KHP100067,Kottayam,Kottayam Town,Urban,Independent House,854,1,1,28,3,Fully Furnished,1,3.4,Main Road,No,4160000,5200,Research-informed synthetic estimate
KHP100068,Kollam,Chinnakada,Urban,Independent House,1898,3,3,18,0,Unfurnished,1,1.3,Narrow Road,No,7090000,5000,Research-informed synthetic estimate
KHP100069,Thiruvananthapuram,Technopark,Semi-Urban,Independent House,3950,6,5,22,0,Semi-Furnished,1,0.4,Local Road,No,24600000,7000,Research-informed synthetic estimate
KHP100070,Pathanamthitta,Ranni,Rural,Apartment,861,1,1,4,2,Unfurnished,5,5.2,Local Road,No,2160000,3000,Research-informed synthetic estimate
KHP100071,Kottayam,Changanassery,Semi-Urban,Apartment,1785,1,1,30,0,Unfurnished,0,3.2,Main Road,No,6200000,4300,Research-informed synthetic estimate
KHP100072,Palakkad,Mannarkkad,Rural,Independent House,3819,4,4,14,0,Unfurnished,0,6.2,Main Road,No,10120000,2800,Research-informed synthetic estimate
KHP100073,Malappuram,Kondotty,Rural,Apartment,3286,6,5,1,2,Semi-Furnished,7,4.6,Local Road,No,15950000,4300,Research-informed synthetic estimate
KHP100074,Idukki,Thodupuzha,Semi-Urban,Independent House,2882,3,3,24,2,Unfurnished,0,4.7,Narrow Road,No,8520000,3900,Research-informed synthetic estimate
KHP100075,Malappuram,Tirur,Semi-Urban,Apartment,4124,6,5,10,1,Unfurnished,1,6.1,Main Road,No,18490000,4200,Research-informed synthetic estimate
KHP100076,Thrissur,Patturaikkal,Semi-Urban,Residential Plot,3728,6,5,28,1,Unfurnished,0,3.4,Local Road,No,13460000,5600,Research-informed synthetic estimate
KHP100077,Idukki,Kattappana,Semi-Urban,Independent House,3821,6,5,2,1,Unfurnished,2,4.4,Main Road,No,14050000,3000,Research-informed synthetic estimate
KHP100078,Malappuram,Nilambur,Semi-Urban,Villa,2705,5,5,24,0,Semi-Furnished,1,3.3,Main Road,No,9540000,3300,Research-informed synthetic estimate
KHP100079,Kozhikode,Vadakara,Semi-Urban,Independent House,2379,2,2,18,1,Unfurnished,1,2.5,Narrow Road,No,11770000,6800,Research-informed synthetic estimate
KHP100080,Kollam,Paravur,Rural,Villa,3109,4,4,9,0,Semi-Furnished,1,4.5,Main Road,No,12430000,3600,Research-informed synthetic estimate
KHP100081,Kannur,Iritty,Rural,Independent House,2631,4,4,26,2,Fully Furnished,1,7.1,Highway Access,No,6230000,2800,Research-informed synthetic estimate
KHP100082,Malappuram,Manjeri,Rural,Villa,2568,4,4,18,1,Unfurnished,2,3.2,Narrow Road,Yes,8200000,4300,Research-informed synthetic estimate
KHP100083,Idukki,Adimali,Semi-Urban,Independent House,2087,3,3,12,2,Semi-Furnished,1,2.3,Local Road,Yes,6250000,3000,Research-informed synthetic estimate
KHP100084,Ernakulam,Thrippunithura,Rural,Independent House,2624,3,3,26,2,Fully Furnished,2,3.9,Local Road,No,11810000,6000,Research-informed synthetic estimate
KHP100085,Thiruvananthapuram,Pattom,Urban,Independent House,2849,5,5,23,3,Semi-Furnished,2,13.4,Narrow Road,No,17820000,7200,Research-informed synthetic estimate
KHP100086,Alappuzha,Chengannur,Semi-Urban,Apartment,1562,2,2,19,1,Semi-Furnished,6,6.3,Local Road,No,6010000,4300,Research-informed synthetic estimate
KHP100087,Alappuzha,Chengannur,Semi-Urban,Independent House,3570,6,5,15,0,Unfurnished,2,3.5,Main Road,No,13730000,4300,Research-informed synthetic estimate
KHP100088,Ernakulam,Maradu,Rural,Independent House,3356,5,4,6,0,Fully Furnished,1,2.2,Highway Access,Yes,34730000,7300,Research-informed synthetic estimate
KHP100089,Kollam,Chinnakada,Urban,Independent House,3694,6,5,2,1,Semi-Furnished,2,2.2,Narrow Road,No,20520000,5000,Research-informed synthetic estimate
KHP100090,Kozhikode,Feroke,Semi-Urban,Independent House,2060,4,4,13,1,Unfurnished,0,17.9,Local Road,No,5920000,3700,Research-informed synthetic estimate
KHP100091,Thiruvananthapuram,Pattom,Urban,Independent House,3049,4,4,3,0,Unfurnished,2,6.8,Local Road,No,19790000,7200,Research-informed synthetic estimate
KHP100092,Thiruvananthapuram,Kowdiar,Urban,Independent House,2824,4,4,6,3,Unfurnished,2,8.3,Highway Access,No,27140000,9000,Research-informed synthetic estimate
KHP100093,Kollam,Asramam,Rural,Apartment,3878,6,5,30,1,Unfurnished,6,7.2,Narrow Road,No,14520000,5200,Research-informed synthetic estimate
KHP100094,Thiruvananthapuram,Kazhakkoottam,Rural,Villa,3506,6,5,13,0,Unfurnished,0,3.9,Narrow Road,No,19430000,6800,Research-informed synthetic estimate
KHP100095,Palakkad,Mannarkkad,Rural,Residential Plot,2530,4,4,16,2,Unfurnished,2,4.1,Main Road,No,4490000,2800,Research-informed synthetic estimate
KHP100096,Thrissur,Punkunnam,Semi-Urban,Villa,2946,5,4,2,3,Semi-Furnished,2,2.8,Local Road,No,18140000,5500,Research-informed synthetic estimate
KHP100097,Thrissur,Kuttanellur,Semi-Urban,Independent House,2892,4,4,7,3,Fully Furnished,0,6.5,Main Road,No,18870000,5500,Research-informed synthetic estimate
KHP100098,Ernakulam,Pallikkara,Rural,Villa,3348,4,4,12,2,Unfurnished,1,2.0,Highway Access,No,18040000,4600,Research-informed synthetic estimate
KHP100099,Wayanad,Sulthan Bathery,Semi-Urban,Independent House,1036,3,3,0,2,Semi-Furnished,1,2.6,Local Road,No,3910000,3900,Research-informed synthetic estimate
KHP100100,Palakkad,Pattambi,Semi-Urban,Apartment,1071,3,3,21,1,Semi-Furnished,2,9.7,Main Road,Yes,3110000,3000,Research-informed synthetic estimate
KHP100101,Kozhikode,Feroke,Semi-Urban,Villa,1663,2,2,29,0,Fully Furnished,2,6.9,Local Road,No,5470000,3700,Research-informed synthetic estimate
KHP100102,Wayanad,Meppadi,Semi-Urban,Independent House,2073,3,3,3,2,Semi-Furnished,1,4.5,Narrow Road,Yes,6640000,3300,Research-informed synthetic estimate
KHP100103,Palakkad,Palakkad Town,Urban,Apartment,2040,2,2,7,1,Unfurnished,1,2.2,Main Road,No,8900000,3900,Research-informed synthetic estimate
KHP100104,Kozhikode,Kottooli,Rural,Residential Plot,1820,3,3,2,0,Semi-Furnished,0,12.3,Main Road,No,9400000,6500,Research-informed synthetic estimate
KHP100105,Kollam,Kottarakkara,Semi-Urban,Villa,1760,3,2,3,2,Unfurnished,1,2.0,Highway Access,No,7550000,3400,Research-informed synthetic estimate
KHP100106,Alappuzha,Alappuzha Town,Urban,Independent House,3244,4,4,26,3,Semi-Furnished,1,7.0,Main Road,No,20330000,6000,Research-informed synthetic estimate
KHP100107,Kozhikode,Pantheerankavu,Semi-Urban,Independent House,2849,5,5,3,2,Unfurnished,0,1.6,Main Road,Yes,27710000,8500,Research-informed synthetic estimate
KHP100108,Palakkad,Chittur,Rural,Villa,735,1,1,7,2,Semi-Furnished,1,1.4,Main Road,No,2070000,2900,Research-informed synthetic estimate
KHP100109,Malappuram,Perinthalmanna,Rural,Apartment,1989,2,2,12,2,Unfurnished,1,2.5,Highway Access,Yes,7580000,4500,Research-informed synthetic estimate
KHP100110,Malappuram,Kondotty,Semi-Urban,Apartment,724,1,1,28,2,Semi-Furnished,7,2.6,Local Road,No,2530000,4300,Research-informed synthetic estimate
KHP100111,Kottayam,Pala,Semi-Urban,Villa,1479,2,2,9,1,Semi-Furnished,1,3.3,Local Road,No,6280000,4200,Research-informed synthetic estimate
KHP100112,Ernakulam,Palarivattom,Urban,Apartment,2283,4,4,19,0,Unfurnished,7,3.8,Main Road,No,17020000,7500,Research-informed synthetic estimate
KHP100113,Pathanamthitta,Thiruvalla,Semi-Urban,Independent House,2287,3,3,15,3,Unfurnished,0,4.6,Local Road,No,10100000,4700,Research-informed synthetic estimate
KHP100114,Kozhikode,Mavoor Road,Urban,Residential Plot,2985,4,4,18,1,Semi-Furnished,0,2.5,Highway Access,No,18580000,6400,Research-informed synthetic estimate
KHP100115,Malappuram,Kondotty,Semi-Urban,Apartment,3532,6,5,11,0,Unfurnished,4,5.6,Highway Access,No,17480000,4300,Research-informed synthetic estimate
KHP100116,Kozhikode,West Hill,Semi-Urban,Independent House,3082,5,5,20,0,Fully Furnished,2,1.9,Local Road,No,13100000,4200,Research-informed synthetic estimate
KHP100117,Kannur,Thottada,Semi-Urban,Independent House,1689,2,2,18,2,Fully Furnished,1,2.8,Local Road,No,5840000,4200,Research-informed synthetic estimate
KHP100118,Wayanad,Sulthan Bathery,Semi-Urban,Independent House,2544,5,5,8,2,Semi-Furnished,2,5.9,Local Road,No,10210000,3900,Research-informed synthetic estimate
KHP100119,Kottayam,Kumarakom,Semi-Urban,Independent House,4073,6,5,28,1,Semi-Furnished,1,7.9,Local Road,No,22930000,6500,Research-informed synthetic estimate
KHP100120,Thrissur,Muthuvattoor,Semi-Urban,Independent House,2981,4,4,1,1,Fully Furnished,0,7.2,Local Road,No,10980000,3500,Research-informed synthetic estimate
KHP100121,Pathanamthitta,Thiruvalla,Semi-Urban,Independent House,1509,3,3,27,2,Unfurnished,1,1.2,Main Road,No,6190000,4700,Research-informed synthetic estimate
KHP100122,Kollam,Chinnakada,Urban,Villa,2311,4,3,21,0,Fully Furnished,2,4.1,Local Road,No,12730000,5000,Research-informed synthetic estimate
KHP100123,Thiruvananthapuram,Kazhakoottam,Semi-Urban,Independent House,3637,5,5,7,2,Fully Furnished,1,5.5,Main Road,No,26500000,6800,Research-informed synthetic estimate
KHP100124,Kannur,Iritty,Rural,Independent House,2926,4,4,3,1,Semi-Furnished,1,12.0,Highway Access,No,8410000,2800,Research-informed synthetic estimate
KHP100125,Kasaragod,Cheruvathur,Rural,Residential Plot,1495,2,2,15,1,Unfurnished,0,2.3,Main Road,Yes,2840000,2900,Research-informed synthetic estimate
KHP100126,Kozhikode,Government Medical College,Urban,Independent House,696,1,1,26,0,Semi-Furnished,2,1.2,Main Road,No,6090000,9300,Research-informed synthetic estimate
KHP100127,Kozhikode,Vellayil,Semi-Urban,Independent House,3829,6,5,29,0,Semi-Furnished,2,2.2,Main Road,No,24920000,7100,Research-informed synthetic estimate
KHP100128,Malappuram,Perinthalmanna,Semi-Urban,Independent House,3341,5,5,27,0,Semi-Furnished,2,7.2,Main Road,No,13050000,4500,Research-informed synthetic estimate
KHP100129,Kozhikode,Feroke,Rural,Apartment,2232,2,1,4,1,Fully Furnished,7,3.6,Narrow Road,No,6630000,3700,Research-informed synthetic estimate
KHP100130,Kozhikode,Mavoor Road,Urban,Independent House,2190,2,2,27,0,Semi-Furnished,0,3.1,Local Road,No,10660000,6400,Research-informed synthetic estimate
KHP100131,Kannur,Kannur Town,Urban,Residential Plot,1387,4,4,7,2,Semi-Furnished,1,6.8,Main Road,No,5590000,4500,Research-informed synthetic estimate
KHP100132,Thiruvananthapuram,Pattom,Urban,Independent House,785,2,2,25,0,Semi-Furnished,1,5.4,Local Road,No,4800000,7200,Research-informed synthetic estimate
KHP100133,Kottayam,Kanjirappally,Rural,Independent House,3710,6,5,17,1,Unfurnished,2,9.2,Local Road,No,9230000,3000,Research-informed synthetic estimate
KHP100134,Kozhikode,Thondayad,Semi-Urban,Independent House,1036,1,1,1,1,Semi-Furnished,0,2.0,Main Road,No,5300000,5000,Research-informed synthetic estimate
KHP100135,Pathanamthitta,Pandalam,Semi-Urban,Apartment,1867,3,3,7,0,Fully Furnished,0,4.1,Narrow Road,No,6270000,3400,Research-informed synthetic estimate
KHP100136,Kasaragod,Nileshwar,Rural,Apartment,2938,5,5,21,1,Semi-Furnished,7,10.1,Highway Access,Yes,9430000,3200,Research-informed synthetic estimate
KHP100137,Kottayam,Pala,Semi-Urban,Independent House,2368,3,3,27,1,Semi-Furnished,0,1.8,Narrow Road,No,8080000,4200,Research-informed synthetic estimate
KHP100138,Thiruvananthapuram,Kowdiar,Urban,Independent House,3722,6,5,10,2,Fully Furnished,1,6.2,Highway Access,No,44160000,9000,Research-informed synthetic estimate
KHP100139,Kannur,Payyannur,Semi-Urban,Apartment,3506,6,5,12,0,Semi-Furnished,0,2.3,Main Road,No,17510000,3900,Research-informed synthetic estimate
KHP100140,Thrissur,Guruvayur,Semi-Urban,Residential Plot,1367,1,1,15,2,Semi-Furnished,1,3.9,Local Road,Yes,4260000,3700,Research-informed synthetic estimate
KHP100141,Kozhikode,Government Medical College,Urban,Apartment,1478,1,1,2,0,Fully Furnished,3,1.6,Main Road,Yes,14720000,9300,Research-informed synthetic estimate
KHP100142,Malappuram,Parappanangadi,Semi-Urban,Independent House,3261,6,5,23,0,Semi-Furnished,2,4.3,Main Road,Yes,12330000,3600,Research-informed synthetic estimate
KHP100143,Alappuzha,Chengannur,Semi-Urban,Independent House,848,1,1,6,0,Semi-Furnished,2,2.4,Local Road,No,2990000,4300,Research-informed synthetic estimate
KHP100144,Kozhikode,Feroke,Rural,Residential Plot,946,2,2,8,1,Semi-Furnished,2,3.2,Narrow Road,No,2440000,3700,Research-informed synthetic estimate
KHP100145,Alappuzha,Chengannur,Semi-Urban,Independent House,1285,2,2,16,2,Unfurnished,1,1.4,Highway Access,Yes,5910000,4300,Research-informed synthetic estimate
KHP100146,Kollam,Chinnakada,Urban,Residential Plot,1651,3,2,2,0,Fully Furnished,2,3.8,Local Road,Yes,7990000,5000,Research-informed synthetic estimate
KHP100147,Alappuzha,Cherthala,Semi-Urban,Villa,1812,3,3,1,0,Semi-Furnished,1,1.1,Local Road,Yes,10750000,4700,Research-informed synthetic estimate
KHP100148,Malappuram,Malappuram Town,Urban,Independent House,2524,3,3,2,2,Semi-Furnished,0,3.6,Highway Access,No,14150000,4400,Research-informed synthetic estimate
KHP100149,Idukki,Kumily,Semi-Urban,Independent House,3802,4,4,7,0,Fully Furnished,0,5.0,Local Road,No,12590000,3400,Research-informed synthetic estimate
KHP100150,Kollam,Chathannoor,Rural,Apartment,2971,5,5,21,0,Unfurnished,3,2.0,Local Road,No,7180000,3200,Research-informed synthetic estimate
KHP100151,Pathanamthitta,Ranni,Rural,Independent House,814,1,1,24,0,Unfurnished,2,1.4,Highway Access,No,1970000,3000,Research-informed synthetic estimate
KHP100152,Palakkad,Ottapalam,Semi-Urban,Independent House,3039,4,4,18,1,Fully Furnished,1,9.3,Local Road,Yes,9540000,3200,Research-informed synthetic estimate
KHP100153,Ernakulam,Pukkattupady,Semi-Urban,Independent House,1470,2,2,9,2,Semi-Furnished,0,1.1,Local Road,No,5640000,4700,Research-informed synthetic estimate
KHP100154,Malappuram,Kondotty,Semi-Urban,Independent House,841,1,1,22,0,Semi-Furnished,0,5.6,Main Road,Yes,3100000,4300,Research-informed synthetic estimate
KHP100155,Wayanad,Vythiri,Semi-Urban,Villa,1853,2,2,26,1,Unfurnished,1,9.2,Highway Access,No,8180000,4700,Research-informed synthetic estimate
KHP100156,Kannur,Thottada,Semi-Urban,Villa,1630,1,1,9,1,Semi-Furnished,2,1.2,Main Road,No,7820000,4200,Research-informed synthetic estimate
KHP100157,Pathanamthitta,Ranni,Rural,Apartment,1771,3,2,8,1,Semi-Furnished,7,1.6,Main Road,No,5180000,3000,Research-informed synthetic estimate
KHP100158,Idukki,Thodupuzha,Rural,Villa,4020,6,5,11,1,Semi-Furnished,2,1.3,Main Road,No,19140000,3900,Research-informed synthetic estimate
KHP100159,Idukki,Kumily,Rural,Villa,2509,5,5,24,0,Fully Furnished,0,2.0,Narrow Road,No,6530000,3400,Research-informed synthetic estimate
KHP100160,Kozhikode,Government Medical College,Urban,Apartment,4042,6,5,9,0,Semi-Furnished,0,1.4,Highway Access,No,51450000,9300,Research-informed synthetic estimate
KHP100161,Kollam,Chinnakada,Urban,Apartment,4053,6,5,6,2,Fully Furnished,5,1.9,Main Road,Yes,30480000,5000,Research-informed synthetic estimate
KHP100162,Ernakulam,Pukkattupady,Semi-Urban,Independent House,2742,4,4,17,0,Unfurnished,2,0.9,Main Road,No,12580000,4700,Research-informed synthetic estimate
KHP100163,Kannur,Thalassery,Semi-Urban,Residential Plot,1672,3,3,23,1,Semi-Furnished,0,4.4,Main Road,Yes,4790000,4300,Research-informed synthetic estimate
KHP100164,Ernakulam,Chottanikkara,Rural,Independent House,1418,4,3,22,0,Fully Furnished,0,18.0,Local Road,Yes,4460000,4200,Research-informed synthetic estimate
KHP100165,Malappuram,Manjeri,Semi-Urban,Independent House,2370,3,3,2,2,Semi-Furnished,2,2.5,Local Road,No,9350000,4300,Research-informed synthetic estimate
KHP100166,Ernakulam,Kizhakkambalam,Semi-Urban,Independent House,829,2,2,18,0,Fully Furnished,0,1.4,Main Road,No,3780000,4700,Research-informed synthetic estimate
KHP100167,Kollam,Chathannoor,Rural,Villa,2026,1,1,9,1,Semi-Furnished,0,6.3,Main Road,Yes,5350000,3200,Research-informed synthetic estimate
KHP100168,Kannur,Mattannur,Semi-Urban,Independent House,1237,1,1,16,1,Fully Furnished,2,4.0,Narrow Road,No,3540000,3400,Research-informed synthetic estimate
KHP100169,Alappuzha,Alappuzha Town,Urban,Villa,1012,2,2,14,1,Fully Furnished,1,2.6,Main Road,No,6820000,6000,Research-informed synthetic estimate
KHP100170,Kottayam,Vaikom,Rural,Independent House,3978,6,5,9,0,Unfurnished,1,5.3,Main Road,No,13170000,3500,Research-informed synthetic estimate
KHP100171,Palakkad,Palakkad Town,Urban,Independent House,3998,5,5,5,1,Unfurnished,1,4.0,Narrow Road,No,13080000,3900,Research-informed synthetic estimate
KHP100172,Malappuram,Malappuram Town,Urban,Residential Plot,1558,3,2,28,0,Semi-Furnished,1,2.6,Main Road,No,5040000,4400,Research-informed synthetic estimate
KHP100173,Idukki,Adimali,Semi-Urban,Apartment,3544,5,5,11,0,Fully Furnished,6,5.3,Highway Access,No,14360000,3000,Research-informed synthetic estimate
KHP100174,Palakkad,Shoranur,Semi-Urban,Independent House,931,2,2,8,1,Semi-Furnished,2,4.7,Highway Access,Yes,3350000,3100,Research-informed synthetic estimate
KHP100175,Kollam,Kavanad,Rural,Independent House,1593,2,2,21,0,Semi-Furnished,0,2.0,Local Road,No,5680000,5000,Research-informed synthetic estimate
KHP100176,Malappuram,Parappanangadi,Semi-Urban,Residential Plot,1786,3,3,10,1,Semi-Furnished,0,6.2,Main Road,Yes,6830000,3600,Research-informed synthetic estimate
KHP100177,Pathanamthitta,Mallappally,Rural,Residential Plot,3880,5,5,8,1,Unfurnished,1,9.5,Main Road,No,9780000,3000,Research-informed synthetic estimate
KHP100178,Wayanad,Panamaram,Rural,Independent House,847,1,1,15,1,Semi-Furnished,0,8.0,Narrow Road,No,1630000,2900,Research-informed synthetic estimate
KHP100179,Malappuram,Kottakkal,Semi-Urban,Residential Plot,1006,1,1,20,0,Unfurnished,0,3.4,Main Road,No,2690000,4400,Research-informed synthetic estimate
KHP100180,Thrissur,Ayyanthole,Semi-Urban,Apartment,3336,6,5,15,3,Semi-Furnished,5,8.4,Local Road,No,15020000,5000,Research-informed synthetic estimate
KHP100181,Thrissur,Kodungallur,Semi-Urban,Villa,1963,4,4,26,1,Unfurnished,2,7.3,Narrow Road,No,5430000,3600,Research-informed synthetic estimate
KHP100182,Idukki,Munnar,Rural,Independent House,1783,4,4,9,3,Unfurnished,0,1.2,Narrow Road,Yes,9980000,6500,Research-informed synthetic estimate
KHP100183,Kottayam,Changanassery,Rural,Apartment,2394,4,4,22,0,Semi-Furnished,3,4.8,Local Road,Yes,7410000,4300,Research-informed synthetic estimate
KHP100184,Kottayam,Pala,Semi-Urban,Residential Plot,3160,5,5,11,2,Unfurnished,0,7.9,Highway Access,Yes,12090000,4200,Research-informed synthetic estimate
KHP100185,Kollam,Punalur,Rural,Villa,3663,6,5,15,0,Semi-Furnished,0,11.9,Local Road,No,9040000,3000,Research-informed synthetic estimate
KHP100186,Palakkad,Pattambi,Rural,Villa,2796,3,3,12,0,Unfurnished,2,5.8,Main Road,No,6470000,3000,Research-informed synthetic estimate
KHP100187,Palakkad,Ottapalam,Semi-Urban,Independent House,1674,3,2,16,1,Fully Furnished,1,2.8,Narrow Road,No,5120000,3200,Research-informed synthetic estimate
KHP100188,Thrissur,Thrissur Town,Urban,Residential Plot,1165,1,1,13,0,Unfurnished,0,5.7,Main Road,No,4240000,5000,Research-informed synthetic estimate
KHP100189,Ernakulam,Pukkattupady,Semi-Urban,Villa,4020,6,5,0,0,Semi-Furnished,1,2.3,Highway Access,Yes,23960000,4700,Research-informed synthetic estimate
KHP100190,Kollam,Kavanad,Semi-Urban,Villa,1925,2,2,30,1,Unfurnished,0,11.9,Local Road,Yes,7170000,5000,Research-informed synthetic estimate
KHP100191,Kozhikode,Chevayur,Semi-Urban,Independent House,2983,4,4,1,1,Unfurnished,1,5.3,Main Road,Yes,16450000,4700,Research-informed synthetic estimate
KHP100192,Idukki,Adimali,Rural,Independent House,1609,2,2,11,1,Fully Furnished,1,3.6,Main Road,No,4370000,3000,Research-informed synthetic estimate
KHP100193,Kottayam,Vaikom,Semi-Urban,Villa,1180,3,3,16,0,Unfurnished,0,1.0,Highway Access,No,4410000,3500,Research-informed synthetic estimate
KHP100194,Kottayam,Changanassery,Semi-Urban,Independent House,2264,4,4,8,2,Unfurnished,0,5.2,Narrow Road,No,8630000,4300,Research-informed synthetic estimate
KHP100195,Idukki,Painavu,Rural,Independent House,2496,4,4,22,0,Semi-Furnished,0,2.6,Main Road,No,5250000,2600,Research-informed synthetic estimate
KHP100196,Thiruvananthapuram,Kazhakoottam,Semi-Urban,Residential Plot,2600,4,4,12,0,Semi-Furnished,0,1.4,Main Road,No,15050000,6800,Research-informed synthetic estimate
KHP100197,Kottayam,Changanassery,Semi-Urban,Independent House,1923,3,2,25,0,Unfurnished,2,1.3,Local Road,No,7290000,4300,Research-informed synthetic estimate
KHP100198,Kollam,Kottarakkara,Semi-Urban,Apartment,1903,3,3,16,2,Semi-Furnished,3,14.1,Local Road,No,5130000,3400,Research-informed synthetic estimate
KHP100199,Thrissur,Naikkanal,Semi-Urban,Independent House,2275,4,4,7,0,Unfurnished,2,9.1,Narrow Road,No,9200000,5300,Research-informed synthetic estimate
KHP100200,Kozhikode,Vellayil,Rural,Apartment,2346,3,2,5,2,Unfurnished,1,11.1,Local Road,No,12660000,7100,Research-informed synthetic estimate
KHP100201,Thiruvananthapuram,Nedumangad,Semi-Urban,Independent House,3189,4,4,30,0,Unfurnished,0,0.5,Narrow Road,No,7850000,3600,Research-informed synthetic estimate
KHP100202,Ernakulam,Chottanikkara,Semi-Urban,Apartment,1495,2,2,18,0,Semi-Furnished,3,2.5,Local Road,No,4910000,4200,Research-informed synthetic estimate
KHP100203,Alappuzha,Cherthala,Semi-Urban,Villa,3037,6,5,8,2,Semi-Furnished,2,5.1,Narrow Road,Yes,15270000,4700,Research-informed synthetic estimate
KHP100204,Kasaragod,Kanhangad,Semi-Urban,Villa,1008,2,2,15,0,Semi-Furnished,2,5.8,Main Road,No,3200000,3500,Research-informed synthetic estimate
KHP100205,Ernakulam,Chottanikkara,Rural,Residential Plot,1122,2,2,10,1,Unfurnished,2,4.2,Local Road,No,2700000,4200,Research-informed synthetic estimate
KHP100206,Kasaragod,Kanhangad,Semi-Urban,Independent House,3942,6,5,29,3,Unfurnished,0,4.1,Local Road,No,12120000,3500,Research-informed synthetic estimate
KHP100207,Kollam,Kollam Town,Urban,Independent House,3710,5,5,18,1,Semi-Furnished,2,1.1,Local Road,No,20030000,4800,Research-informed synthetic estimate
KHP100208,Kasaragod,Kasaragod Town,Urban,Independent House,3646,5,5,5,3,Semi-Furnished,1,13.9,Main Road,No,13260000,3600,Research-informed synthetic estimate
KHP100209,Kozhikode,Ramanattukara,Rural,Villa,3206,6,5,16,2,Unfurnished,1,3.3,Local Road,No,10920000,3900,Research-informed synthetic estimate
KHP100210,Kottayam,Manarcadu,Rural,Independent House,3232,5,5,21,1,Semi-Furnished,2,5.6,Main Road,No,10810000,3600,Research-informed synthetic estimate
KHP100211,Thrissur,Kuttanellur,Rural,Independent House,3564,4,4,27,0,Unfurnished,1,6.6,Local Road,No,14440000,5500,Research-informed synthetic estimate
KHP100212,Kollam,Punalur,Rural,Independent House,3902,6,5,29,0,Semi-Furnished,1,6.2,Narrow Road,No,7850000,3000,Research-informed synthetic estimate
KHP100213,Kozhikode,Chevarambalam,Semi-Urban,Apartment,4130,6,5,13,2,Semi-Furnished,5,3.9,Narrow Road,No,23540000,6300,Research-informed synthetic estimate
KHP100214,Kollam,Chinnakada,Urban,Apartment,2820,5,5,17,1,Unfurnished,3,7.7,Local Road,No,11850000,5000,Research-informed synthetic estimate
KHP100215,Malappuram,Manjeri,Semi-Urban,Residential Plot,3497,5,5,2,1,Unfurnished,0,1.9,Local Road,No,11440000,4300,Research-informed synthetic estimate
KHP100216,Idukki,Kattappana,Semi-Urban,Apartment,988,2,1,16,3,Unfurnished,7,9.7,Narrow Road,No,2130000,3000,Research-informed synthetic estimate
KHP100217,Thiruvananthapuram,Kazhakoottam,Semi-Urban,Apartment,785,2,1,21,2,Semi-Furnished,1,3.0,Main Road,No,5240000,6800,Research-informed synthetic estimate
KHP100218,Palakkad,Ottapalam,Semi-Urban,Independent House,1557,2,2,13,2,Fully Furnished,1,4.3,Main Road,No,5100000,3200,Research-informed synthetic estimate
KHP100219,Malappuram,Nilambur,Rural,Independent House,3584,6,5,15,0,Unfurnished,1,3.1,Local Road,Yes,13140000,3300,Research-informed synthetic estimate
KHP100220,Kasaragod,Bekal,Semi-Urban,Independent House,4159,6,5,16,2,Unfurnished,2,2.9,Narrow Road,Yes,16820000,4200,Research-informed synthetic estimate
KHP100221,Thiruvananthapuram,Kowdiar,Urban,Villa,3783,6,5,23,0,Unfurnished,0,4.5,Main Road,No,36590000,9000,Research-informed synthetic estimate
KHP100222,Wayanad,Mananthavady,Semi-Urban,Independent House,1995,4,4,21,0,Unfurnished,2,2.3,Local Road,No,5700000,3400,Research-informed synthetic estimate
KHP100223,Idukki,Thodupuzha,Semi-Urban,Apartment,753,1,1,12,1,Unfurnished,4,1.7,Narrow Road,No,2650000,3900,Research-informed synthetic estimate
KHP100224,Idukki,Adimali,Semi-Urban,Independent House,1674,2,2,27,0,Semi-Furnished,0,4.9,Local Road,No,3890000,3000,Research-informed synthetic estimate
KHP100225,Pathanamthitta,Konni,Rural,Independent House,2464,4,4,29,0,Fully Furnished,2,6.0,Highway Access,No,7390000,2900,Research-informed synthetic estimate
KHP100226,Malappuram,Manjeri,Semi-Urban,Independent House,748,2,2,25,2,Unfurnished,1,10.3,Local Road,Yes,2090000,4300,Research-informed synthetic estimate
KHP100227,Thiruvananthapuram,Sreekaryam,Rural,Apartment,2382,4,4,29,1,Unfurnished,3,0.8,Main Road,No,10470000,6200,Research-informed synthetic estimate
KHP100228,Ernakulam,Palarivattom,Urban,Apartment,2926,5,5,0,1,Unfurnished,6,6.4,Local Road,No,26460000,7500,Research-informed synthetic estimate
KHP100229,Palakkad,Shoranur,Semi-Urban,Villa,3336,6,5,17,0,Semi-Furnished,0,8.5,Narrow Road,No,9880000,3100,Research-informed synthetic estimate
KHP100230,Kannur,Sreekandapuram,Rural,Independent House,2528,4,4,11,3,Semi-Furnished,0,1.3,Narrow Road,No,5910000,2900,Research-informed synthetic estimate
KHP100231,Ernakulam,Marine Drive,Urban,Residential Plot,3409,5,5,0,0,Semi-Furnished,0,4.8,Highway Access,Yes,56000000,12500,Research-informed synthetic estimate
KHP100232,Idukki,Painavu,Rural,Independent House,1388,3,3,9,1,Unfurnished,1,3.5,Main Road,Yes,3310000,2600,Research-informed synthetic estimate
KHP100233,Kannur,Sreekandapuram,Rural,Apartment,915,1,1,15,0,Fully Furnished,2,3.4,Local Road,No,2110000,2900,Research-informed synthetic estimate
KHP100234,Kannur,Thottada,Semi-Urban,Independent House,940,2,2,14,0,Semi-Furnished,2,2.3,Local Road,No,3360000,4200,Research-informed synthetic estimate
KHP100235,Palakkad,Mannarkkad,Rural,Apartment,3492,5,5,14,2,Unfurnished,7,4.0,Narrow Road,No,8710000,2800,Research-informed synthetic estimate
KHP100236,Idukki,Painavu,Rural,Villa,2701,4,4,15,0,Unfurnished,2,5.7,Highway Access,No,7140000,2600,Research-informed synthetic estimate
KHP100237,Pathanamthitta,Konni,Rural,Villa,3796,5,5,4,0,Semi-Furnished,0,2.2,Main Road,No,15610000,2900,Research-informed synthetic estimate
KHP100238,Kannur,Taliparamba,Semi-Urban,Independent House,2147,2,2,10,0,Unfurnished,1,1.1,Narrow Road,No,5670000,3500,Research-informed synthetic estimate
KHP100239,Malappuram,Tirur,Rural,Apartment,1124,2,2,25,0,Unfurnished,1,2.4,Narrow Road,Yes,2860000,4200,Research-informed synthetic estimate
KHP100240,Kasaragod,Uppala,Rural,Apartment,4010,6,5,28,0,Semi-Furnished,1,3.7,Main Road,No,11260000,3000,Research-informed synthetic estimate
KHP100241,Kannur,Sreekandapuram,Rural,Independent House,2948,3,3,24,1,Semi-Furnished,0,7.8,Local Road,No,5900000,2900,Research-informed synthetic estimate
KHP100242,Palakkad,Mannarkkad,Rural,Independent House,1809,3,3,24,1,Fully Furnished,2,4.5,Highway Access,No,4990000,2800,Research-informed synthetic estimate
KHP100243,Thiruvananthapuram,Nedumangad,Semi-Urban,Villa,744,1,1,6,1,Fully Furnished,2,8.2,Main Road,Yes,3090000,3600,Research-informed synthetic estimate
KHP100244,Idukki,Kattappana,Semi-Urban,Independent House,2837,4,3,9,2,Semi-Furnished,0,3.6,Local Road,Yes,9450000,3000,Research-informed synthetic estimate
KHP100245,Ernakulam,Maradu,Semi-Urban,Independent House,933,1,1,11,1,Unfurnished,2,3.7,Local Road,No,5520000,7300,Research-informed synthetic estimate
KHP100246,Pathanamthitta,Ranni,Rural,Apartment,3273,4,4,23,3,Semi-Furnished,2,1.3,Main Road,No,10000000,3000,Research-informed synthetic estimate
KHP100247,Palakkad,Ottapalam,Rural,Independent House,1148,2,2,9,2,Unfurnished,1,4.0,Narrow Road,No,2410000,3200,Research-informed synthetic estimate
KHP100248,Palakkad,Shoranur,Semi-Urban,Villa,3486,6,5,4,1,Fully Furnished,1,7.1,Local Road,Yes,13960000,3100,Research-informed synthetic estimate
KHP100249,Kollam,Kollam Town,Urban,Independent House,1345,3,3,6,2,Unfurnished,1,5.0,Local Road,No,5870000,4800,Research-informed synthetic estimate
KHP100250,Malappuram,Manjeri,Semi-Urban,Independent House,2257,4,3,24,1,Unfurnished,1,4.6,Main Road,No,7670000,4300,Research-informed synthetic estimate
KHP100251,Kozhikode,Cyberpark,Semi-Urban,Independent House,3603,6,5,19,0,Unfurnished,1,6.8,Local Road,No,14990000,5000,Research-informed synthetic estimate
KHP100252,Pathanamthitta,Pandalam,Semi-Urban,Villa,1052,2,1,8,0,Semi-Furnished,1,5.4,Narrow Road,No,3080000,3400,Research-informed synthetic estimate
KHP100253,Kozhikode,Vadakara,Rural,Apartment,3148,6,5,9,0,Unfurnished,1,9.0,Local Road,Yes,21320000,6800,Research-informed synthetic estimate
KHP100254,Ernakulam,Perumbavoor,Semi-Urban,Independent House,3546,5,5,30,2,Fully Furnished,0,2.1,Main Road,No,13660000,3600,Research-informed synthetic estimate
KHP100255,Kollam,Chinnakada,Urban,Villa,2874,5,5,16,1,Semi-Furnished,1,3.4,Main Road,No,18270000,5000,Research-informed synthetic estimate
KHP100256,Kasaragod,Nileshwar,Semi-Urban,Independent House,2979,4,4,26,0,Fully Furnished,1,1.2,Local Road,No,8880000,3200,Research-informed synthetic estimate
KHP100257,Pathanamthitta,Adoor,Semi-Urban,Independent House,3623,6,5,10,2,Unfurnished,1,2.6,Narrow Road,No,12940000,3900,Research-informed synthetic estimate
KHP100258,Thrissur,Irinjalakuda,Semi-Urban,Independent House,1597,2,2,6,1,Semi-Furnished,0,7.3,Local Road,No,5720000,3400,Research-informed synthetic estimate
KHP100259,Pathanamthitta,Ranni,Rural,Independent House,1134,1,1,11,1,Unfurnished,0,3.7,Main Road,No,2660000,3000,Research-informed synthetic estimate
KHP100260,Idukki,Adimali,Semi-Urban,Independent House,3801,6,5,18,1,Fully Furnished,2,7.4,Local Road,No,11920000,3000,Research-informed synthetic estimate
KHP100261,Thrissur,Ayyanthole,Semi-Urban,Independent House,3228,3,3,3,0,Unfurnished,2,1.1,Narrow Road,No,12650000,5000,Research-informed synthetic estimate
KHP100262,Kottayam,Vaikom,Semi-Urban,Villa,2238,3,3,27,1,Unfurnished,2,3.1,Narrow Road,No,5790000,3500,Research-informed synthetic estimate
KHP100263,Palakkad,Palakkad Town,Urban,Independent House,2252,3,3,9,0,Semi-Furnished,2,1.2,Main Road,Yes,10310000,3900,Research-informed synthetic estimate
KHP100264,Wayanad,Sulthan Bathery,Semi-Urban,Apartment,1192,2,1,21,0,Fully Furnished,4,0.9,Local Road,No,4960000,3900,Research-informed synthetic estimate
KHP100265,Kasaragod,Bekal,Semi-Urban,Independent House,2738,4,4,8,2,Fully Furnished,1,4.1,Local Road,Yes,14580000,4200,Research-informed synthetic estimate
KHP100266,Ernakulam,Maradu,Semi-Urban,Villa,883,3,3,1,1,Unfurnished,2,4.8,Local Road,No,6590000,7300,Research-informed synthetic estimate
KHP100267,Palakkad,Shoranur,Semi-Urban,Independent House,3665,6,5,17,2,Fully Furnished,2,5.5,Main Road,No,10940000,3100,Research-informed synthetic estimate
KHP100268,Thiruvananthapuram,Vazhuthacaud,Urban,Apartment,4056,6,5,23,1,Unfurnished,3,4.1,Narrow Road,Yes,30430000,7800,Research-informed synthetic estimate
KHP100269,Thiruvananthapuram,Technopark,Rural,Apartment,2126,2,1,25,1,Semi-Furnished,3,0.8,Main Road,Yes,11010000,7000,Research-informed synthetic estimate
KHP100270,Palakkad,Alathur,Rural,Independent House,2359,3,3,10,1,Unfurnished,0,8.0,Main Road,No,6110000,2900,Research-informed synthetic estimate
KHP100271,Kannur,Thalassery,Semi-Urban,Apartment,2837,5,5,9,2,Semi-Furnished,0,6.2,Local Road,No,12120000,4300,Research-informed synthetic estimate
KHP100272,Malappuram,Tirur,Semi-Urban,Independent House,1532,3,3,21,0,Semi-Furnished,1,0.7,Highway Access,Yes,6320000,4200,Research-informed synthetic estimate
KHP100273,Kannur,Thottada,Semi-Urban,Apartment,2474,4,4,21,0,Unfurnished,2,1.8,Main Road,No,8940000,4200,Research-informed synthetic estimate
KHP100274,Palakkad,Palakkad Town,Urban,Apartment,2791,5,5,5,3,Fully Furnished,6,6.1,Local Road,No,13210000,3900,Research-informed synthetic estimate
KHP100275,Idukki,Adimali,Semi-Urban,Villa,3204,5,5,8,0,Semi-Furnished,2,15.3,Local Road,No,10660000,3000,Research-informed synthetic estimate
KHP100276,Alappuzha,Kayamkulam,Rural,Independent House,2599,4,4,5,0,Unfurnished,0,4.0,Main Road,No,6710000,3600,Research-informed synthetic estimate
KHP100277,Palakkad,Alathur,Rural,Residential Plot,3368,6,5,19,2,Semi-Furnished,2,4.0,Main Road,No,9160000,2900,Research-informed synthetic estimate
KHP100278,Wayanad,Mananthavady,Semi-Urban,Independent House,3945,6,5,17,0,Fully Furnished,0,5.6,Local Road,No,13010000,3400,Research-informed synthetic estimate
KHP100279,Ernakulam,Kakkanad,Semi-Urban,Apartment,2866,4,3,12,2,Unfurnished,6,6.2,Main Road,Yes,18860000,6500,Research-informed synthetic estimate
KHP100280,Kannur,Thottada,Semi-Urban,Apartment,3522,4,4,20,1,Semi-Furnished,5,5.7,Main Road,No,13840000,4200,Research-informed synthetic estimate
KHP100281,Kollam,Kollam Town,Urban,Villa,3078,4,4,19,2,Semi-Furnished,0,0.5,Highway Access,No,19600000,4800,Research-informed synthetic estimate
KHP100282,Kannur,Payyannur,Rural,Residential Plot,2902,4,4,10,0,Fully Furnished,0,5.4,Narrow Road,Yes,7430000,3900,Research-informed synthetic estimate
KHP100283,Thrissur,Chalakudy,Semi-Urban,Independent House,3858,6,5,17,0,Semi-Furnished,1,6.2,Local Road,No,12550000,3900,Research-informed synthetic estimate
KHP100284,Kozhikode,Nellikode,Semi-Urban,Apartment,670,1,1,16,2,Unfurnished,0,0.5,Main Road,Yes,3160000,4500,Research-informed synthetic estimate
KHP100285,Idukki,Adimali,Rural,Independent House,3377,6,5,22,0,Semi-Furnished,2,9.3,Local Road,Yes,8160000,3000,Research-informed synthetic estimate
KHP100286,Kannur,Kannur Town,Urban,Independent House,870,1,1,27,2,Semi-Furnished,1,1.5,Local Road,No,3330000,4500,Research-informed synthetic estimate
KHP100287,Kasaragod,Cheruvathur,Rural,Villa,1411,2,2,2,1,Semi-Furnished,1,3.0,Narrow Road,Yes,4050000,2900,Research-informed synthetic estimate
KHP100288,Kasaragod,Kasaragod Town,Urban,Independent House,3688,5,5,6,0,Unfurnished,0,5.3,Local Road,Yes,14570000,3600,Research-informed synthetic estimate
KHP100289,Thiruvananthapuram,Neyyattinkara,Semi-Urban,Independent House,2451,4,4,28,2,Semi-Furnished,2,1.6,Local Road,No,9490000,4200,Research-informed synthetic estimate
KHP100290,Pathanamthitta,Mallappally,Rural,Apartment,3975,6,5,11,3,Semi-Furnished,5,1.7,Main Road,No,13760000,3000,Research-informed synthetic estimate
KHP100291,Kozhikode,Government Medical College,Urban,Independent House,3963,5,5,24,1,Semi-Furnished,1,5.0,Local Road,No,38130000,9300,Research-informed synthetic estimate
KHP100292,Wayanad,Mananthavady,Semi-Urban,Independent House,3959,6,5,28,0,Semi-Furnished,0,3.6,Local Road,No,12490000,3400,Research-informed synthetic estimate
KHP100293,Idukki,Adimali,Semi-Urban,Villa,1324,2,2,6,0,Semi-Furnished,2,6.4,Narrow Road,No,3960000,3000,Research-informed synthetic estimate
KHP100294,Thrissur,Ayyanthole,Semi-Urban,Independent House,4067,6,5,2,0,Semi-Furnished,1,4.5,Local Road,Yes,22330000,5000,Research-informed synthetic estimate
KHP100295,Alappuzha,Ambalappuzha,Semi-Urban,Residential Plot,3558,5,5,9,0,Unfurnished,1,0.3,Local Road,Yes,10550000,3400,Research-informed synthetic estimate
KHP100296,Kasaragod,Manjeshwar,Rural,Villa,3417,4,4,1,3,Semi-Furnished,1,5.5,Main Road,No,14300000,3400,Research-informed synthetic estimate
KHP100297,Kollam,Kottarakkara,Semi-Urban,Villa,2521,4,4,27,0,Fully Furnished,1,7.6,Main Road,Yes,8930000,3400,Research-informed synthetic estimate
KHP100298,Thiruvananthapuram,Kesavadasapuram,Semi-Urban,Independent House,2376,4,4,18,1,Unfurnished,1,1.9,Local Road,Yes,15010000,7000,Research-informed synthetic estimate
KHP100299,Kottayam,Manarcadu,Rural,Independent House,3578,6,5,29,3,Semi-Furnished,1,2.0,Narrow Road,No,10620000,3600,Research-informed synthetic estimate
KHP100300,Alappuzha,Alappuzha Beach,Semi-Urban,Independent House,2167,3,3,30,2,Unfurnished,1,8.9,Local Road,No,10330000,6800,Research-informed synthetic estimate
KHP100301,Thrissur,Ollur,Semi-Urban,Independent House,4109,5,5,19,2,Fully Furnished,2,1.8,Narrow Road,No,33250000,9000,Research-informed synthetic estimate
KHP100302,Idukki,Nedumkandam,Rural,Independent House,2943,5,5,23,0,Unfurnished,0,3.7,Main Road,No,6860000,2700,Research-informed synthetic estimate
KHP100303,Thrissur,Mannuthy,Semi-Urban,Residential Plot,4157,6,5,29,1,Semi-Furnished,1,5.3,Local Road,No,12240000,4000,Research-informed synthetic estimate
KHP100304,Thrissur,Naikkanal,Semi-Urban,Independent House,1864,3,3,24,0,Semi-Furnished,1,7.6,Main Road,Yes,9140000,5300,Research-informed synthetic estimate
KHP100305,Kasaragod,Kanhangad,Rural,Independent House,3588,6,5,23,1,Unfurnished,2,2.4,Local Road,Yes,9740000,3500,Research-informed synthetic estimate
KHP100306,Kasaragod,Bekal,Rural,Villa,2291,5,5,23,0,Semi-Furnished,1,2.4,Main Road,Yes,9650000,4200,Research-informed synthetic estimate
KHP100307,Thrissur,Thrissur Town,Urban,Apartment,4113,6,5,28,0,Fully Furnished,5,5.3,Highway Access,No,26170000,5000,Research-informed synthetic estimate
KHP100308,Malappuram,Manjeri,Semi-Urban,Villa,2901,5,5,12,2,Fully Furnished,0,8.9,Narrow Road,Yes,13790000,4300,Research-informed synthetic estimate
KHP100309,Kollam,Chinnakada,Urban,Residential Plot,897,3,3,25,0,Unfurnished,0,4.8,Local Road,No,2950000,5000,Research-informed synthetic estimate
KHP100310,Pathanamthitta,Mallappally,Semi-Urban,Apartment,2779,4,4,3,2,Unfurnished,7,6.5,Narrow Road,No,8040000,3000,Research-informed synthetic estimate
KHP100311,Kozhikode,Koyilandy,Rural,Apartment,1561,1,1,30,0,Semi-Furnished,1,0.8,Narrow Road,No,3310000,4100,Research-informed synthetic estimate
KHP100312,Kottayam,Changanassery,Rural,Villa,914,2,2,20,0,Semi-Furnished,0,5.2,Main Road,No,3240000,4300,Research-informed synthetic estimate
KHP100313,Idukki,Kattappana,Semi-Urban,Apartment,2149,4,4,21,2,Unfurnished,5,3.3,Narrow Road,No,5140000,3000,Research-informed synthetic estimate
KHP100314,Alappuzha,Kayamkulam,Semi-Urban,Residential Plot,3854,6,5,9,2,Fully Furnished,1,12.3,Main Road,Yes,14980000,3600,Research-informed synthetic estimate
KHP100315,Wayanad,Meppadi,Semi-Urban,Apartment,1030,1,1,19,1,Semi-Furnished,3,7.3,Local Road,No,2670000,3300,Research-informed synthetic estimate
KHP100316,Idukki,Kattappana,Semi-Urban,Residential Plot,2774,5,5,1,2,Semi-Furnished,0,4.4,Local Road,Yes,9100000,3000,Research-informed synthetic estimate
KHP100317,Kannur,Sreekandapuram,Rural,Independent House,2742,5,5,24,1,Semi-Furnished,0,5.0,Local Road,No,5410000,2900,Research-informed synthetic estimate
KHP100318,Ernakulam,Aluva,Semi-Urban,Independent House,2689,5,5,13,1,Semi-Furnished,1,6.1,Main Road,Yes,13180000,5000,Research-informed synthetic estimate
KHP100319,Kottayam,Ettumanoor,Semi-Urban,Independent House,3747,6,5,21,2,Unfurnished,1,6.7,Main Road,No,13820000,3900,Research-informed synthetic estimate
KHP100320,Malappuram,Kottakkal,Semi-Urban,Independent House,2013,3,3,17,1,Unfurnished,2,4.8,Narrow Road,Yes,6800000,4400,Research-informed synthetic estimate
KHP100321,Alappuzha,Muhamma,Semi-Urban,Apartment,3159,4,4,18,2,Semi-Furnished,5,3.3,Highway Access,No,15290000,4000,Research-informed synthetic estimate
KHP100322,Idukki,Adimali,Semi-Urban,Residential Plot,2160,4,4,7,1,Semi-Furnished,2,5.0,Local Road,Yes,5150000,3000,Research-informed synthetic estimate
KHP100323,Alappuzha,Ambalappuzha,Rural,Residential Plot,3235,6,5,17,3,Unfurnished,0,3.9,Main Road,No,10870000,3400,Research-informed synthetic estimate
KHP100324,Idukki,Kumily,Semi-Urban,Apartment,2408,4,4,4,0,Semi-Furnished,5,8.7,Narrow Road,No,7230000,3400,Research-informed synthetic estimate
KHP100325,Pathanamthitta,Adoor,Semi-Urban,Independent House,1783,1,1,18,1,Fully Furnished,1,1.6,Narrow Road,Yes,6630000,3900,Research-informed synthetic estimate
KHP100326,Kottayam,Kottayam Town,Urban,Villa,3116,5,4,26,0,Unfurnished,2,12.2,Local Road,No,14640000,5200,Research-informed synthetic estimate
KHP100327,Kasaragod,Bekal,Rural,Apartment,2103,4,4,15,2,Semi-Furnished,1,1.0,Main Road,Yes,10030000,4200,Research-informed synthetic estimate
KHP100328,Thrissur,Ollur,Rural,Independent House,1173,1,1,18,0,Semi-Furnished,0,6.3,Narrow Road,Yes,7130000,9000,Research-informed synthetic estimate
KHP100329,Pathanamthitta,Pathanamthitta Town,Semi-Urban,Independent House,4084,5,4,25,0,Unfurnished,1,2.8,Main Road,No,12380000,3800,Research-informed synthetic estimate
KHP100330,Thiruvananthapuram,Nedumangad,Semi-Urban,Villa,1109,1,1,5,3,Unfurnished,2,4.2,Main Road,No,4390000,3600,Research-informed synthetic estimate
KHP100331,Wayanad,Sulthan Bathery,Semi-Urban,Independent House,3986,6,5,8,3,Unfurnished,2,7.7,Main Road,Yes,16960000,3900,Research-informed synthetic estimate
KHP100332,Thrissur,Ayyanthole,Rural,Apartment,2894,4,4,24,3,Unfurnished,1,7.1,Main Road,No,13360000,5000,Research-informed synthetic estimate
KHP100333,Wayanad,Kalpetta,Rural,Independent House,2300,3,3,7,1,Unfurnished,2,2.9,Main Road,No,7510000,4300,Research-informed synthetic estimate
KHP100334,Pathanamthitta,Ranni,Rural,Independent House,2851,5,5,25,1,Unfurnished,0,1.4,Local Road,No,6590000,3000,Research-informed synthetic estimate
KHP100335,Alappuzha,Alappuzha Beach,Semi-Urban,Apartment,816,3,3,22,0,Fully Furnished,0,3.8,Highway Access,No,5690000,6800,Research-informed synthetic estimate
KHP100336,Wayanad,Panamaram,Rural,Independent House,2275,3,3,0,1,Unfurnished,1,6.0,Local Road,Yes,6310000,2900,Research-informed synthetic estimate
KHP100337,Idukki,Kattappana,Semi-Urban,Villa,3875,6,5,4,1,Fully Furnished,1,13.8,Local Road,No,12340000,3000,Research-informed synthetic estimate
KHP100338,Kottayam,Kanjirappally,Rural,Independent House,3713,6,5,4,1,Semi-Furnished,0,4.4,Main Road,Yes,13710000,3000,Research-informed synthetic estimate
KHP100339,Pathanamthitta,Mallappally,Semi-Urban,Villa,2834,5,5,17,2,Semi-Furnished,0,2.2,Local Road,Yes,9540000,3000,Research-informed synthetic estimate
KHP100340,Thiruvananthapuram,Kowdiar,Urban,Independent House,3354,4,4,20,0,Semi-Furnished,2,4.3,Local Road,Yes,31540000,9000,Research-informed synthetic estimate
KHP100341,Thiruvananthapuram,Pattom,Urban,Independent House,3391,6,5,15,0,Unfurnished,1,10.3,Narrow Road,No,20960000,7200,Research-informed synthetic estimate
KHP100342,Malappuram,Nilambur,Semi-Urban,Independent House,1683,3,3,3,1,Semi-Furnished,0,1.0,Main Road,No,5240000,3300,Research-informed synthetic estimate
KHP100343,Kannur,Taliparamba,Semi-Urban,Independent House,2914,6,5,24,0,Semi-Furnished,0,4.6,Highway Access,No,10070000,3500,Research-informed synthetic estimate
KHP100344,Kasaragod,Nileshwar,Rural,Independent House,3780,6,5,10,0,Semi-Furnished,0,2.7,Local Road,Yes,11770000,3200,Research-informed synthetic estimate
KHP100345,Kottayam,Kanjirappally,Rural,Villa,2726,4,4,20,0,Unfurnished,0,15.1,Narrow Road,No,4880000,3000,Research-informed synthetic estimate
KHP100346,Kozhikode,Vellayil,Semi-Urban,Villa,711,1,1,10,1,Unfurnished,1,2.1,Main Road,Yes,5320000,7100,Research-informed synthetic estimate
KHP100347,Palakkad,Olavakkode,Semi-Urban,Residential Plot,2807,4,4,0,1,Unfurnished,0,3.9,Local Road,No,10880000,4100,Research-informed synthetic estimate
KHP100348,Idukki,Painavu,Rural,Independent House,2361,3,3,20,0,Unfurnished,0,5.4,Local Road,Yes,3720000,2600,Research-informed synthetic estimate
KHP100349,Thrissur,Kodungallur,Semi-Urban,Independent House,2840,5,5,17,2,Semi-Furnished,1,5.2,Local Road,No,9670000,3600,Research-informed synthetic estimate
KHP100350,Alappuzha,Muhamma,Semi-Urban,Apartment,3556,5,5,18,0,Unfurnished,0,7.9,Local Road,No,11950000,4000,Research-informed synthetic estimate
KHP100351,Palakkad,Palakkad Town,Urban,Independent House,1523,3,3,16,1,Semi-Furnished,1,5.3,Narrow Road,No,5120000,3900,Research-informed synthetic estimate
KHP100352,Kannur,Thalassery,Semi-Urban,Villa,1052,2,2,20,1,Semi-Furnished,1,2.6,Narrow Road,No,3420000,4300,Research-informed synthetic estimate
KHP100353,Kottayam,Ettumanoor,Semi-Urban,Independent House,2234,4,4,12,0,Unfurnished,1,1.0,Local Road,Yes,8220000,3900,Research-informed synthetic estimate
KHP100354,Kasaragod,Hosdurg,Semi-Urban,Independent House,2516,2,1,2,0,Semi-Furnished,0,2.4,Main Road,Yes,8890000,3300,Research-informed synthetic estimate
KHP100355,Kollam,Asramam,Semi-Urban,Villa,2845,4,4,10,2,Unfurnished,0,5.3,Local Road,No,13140000,5200,Research-informed synthetic estimate
KHP100356,Ernakulam,Vennala,Rural,Independent House,2982,5,5,2,1,Unfurnished,1,1.8,Local Road,No,20130000,7200,Research-informed synthetic estimate
KHP100357,Malappuram,Malappuram Town,Urban,Villa,3985,6,5,29,1,Fully Furnished,2,2.1,Local Road,Yes,19700000,4400,Research-informed synthetic estimate
KHP100358,Kollam,Kavanad,Semi-Urban,Apartment,2312,4,4,19,1,Unfurnished,6,3.9,Highway Access,No,13110000,5000,Research-informed synthetic estimate
KHP100359,Wayanad,Sulthan Bathery,Rural,Apartment,2240,4,4,22,3,Fully Furnished,0,1.2,Narrow Road,No,6850000,3900,Research-informed synthetic estimate
KHP100360,Palakkad,Palakkad Town,Urban,Apartment,2174,3,2,28,2,Fully Furnished,3,5.3,Main Road,Yes,9720000,3900,Research-informed synthetic estimate
KHP100361,Thiruvananthapuram,Pattom,Urban,Apartment,4173,6,5,3,1,Semi-Furnished,5,2.5,Local Road,No,37070000,7200,Research-informed synthetic estimate
KHP100362,Thrissur,Kuttanellur,Rural,Apartment,3006,4,3,25,1,Fully Furnished,7,1.7,Local Road,Yes,15290000,5500,Research-informed synthetic estimate
KHP100363,Kottayam,Kottayam Town,Urban,Villa,2455,4,4,28,0,Semi-Furnished,1,2.0,Narrow Road,No,11510000,5200,Research-informed synthetic estimate
KHP100364,Kollam,Kottarakkara,Rural,Villa,2139,4,4,10,3,Unfurnished,0,0.7,Main Road,No,6290000,3400,Research-informed synthetic estimate
KHP100365,Kollam,Chathannoor,Semi-Urban,Independent House,1248,2,2,3,1,Unfurnished,2,0.4,Main Road,No,4100000,3200,Research-informed synthetic estimate
KHP100366,Ernakulam,Vyttila,Urban,Apartment,2049,3,2,14,1,Fully Furnished,4,3.4,Main Road,No,21340000,8000,Research-informed synthetic estimate
KHP100367,Kottayam,Vaikom,Rural,Independent House,1647,2,2,7,1,Unfurnished,1,3.5,Narrow Road,No,4510000,3500,Research-informed synthetic estimate
KHP100368,Palakkad,Palakkad Town,Urban,Apartment,2784,5,4,12,0,Semi-Furnished,0,9.4,Main Road,No,11120000,3900,Research-informed synthetic estimate
KHP100369,Kasaragod,Cheruvathur,Rural,Independent House,1479,2,2,5,0,Semi-Furnished,2,0.9,Local Road,Yes,3730000,2900,Research-informed synthetic estimate
KHP100370,Ernakulam,Vennala,Semi-Urban,Independent House,2138,3,3,30,2,Fully Furnished,0,1.6,Main Road,Yes,12630000,7200,Research-informed synthetic estimate
KHP100371,Kottayam,Vaikom,Rural,Independent House,2986,4,3,26,2,Semi-Furnished,1,2.8,Local Road,No,7570000,3500,Research-informed synthetic estimate
KHP100372,Palakkad,Mannarkkad,Rural,Residential Plot,3539,6,5,7,2,Semi-Furnished,2,8.1,Main Road,No,10360000,2800,Research-informed synthetic estimate
KHP100373,Alappuzha,Ambalappuzha,Rural,Independent House,1377,3,2,11,1,Semi-Furnished,1,3.3,Local Road,Yes,3760000,3400,Research-informed synthetic estimate
KHP100374,Malappuram,Perinthalmanna,Semi-Urban,Independent House,2571,5,4,17,1,Semi-Furnished,2,2.7,Highway Access,Yes,12150000,4500,Research-informed synthetic estimate
KHP100375,Pathanamthitta,Ranni,Rural,Apartment,670,1,1,25,0,Unfurnished,7,6.2,Highway Access,Yes,1540000,3000,Research-informed synthetic estimate
KHP100376,Palakkad,Mannarkkad,Rural,Independent House,2716,3,3,27,0,Unfurnished,0,3.2,Local Road,No,4780000,2800,Research-informed synthetic estimate
KHP100377,Palakkad,Olavakkode,Semi-Urban,Villa,1713,3,2,9,0,Semi-Furnished,1,3.9,Local Road,Yes,8520000,4100,Research-informed synthetic estimate
KHP100378,Kasaragod,Manjeshwar,Semi-Urban,Apartment,1668,3,3,23,1,Unfurnished,4,1.7,Narrow Road,Yes,4450000,3400,Research-informed synthetic estimate
KHP100379,Alappuzha,Ambalappuzha,Rural,Independent House,2424,3,3,14,1,Fully Furnished,1,0.6,Local Road,No,7170000,3400,Research-informed synthetic estimate
KHP100380,Kannur,Payyannur,Semi-Urban,Independent House,2695,5,5,29,1,Unfurnished,2,8.7,Highway Access,No,9080000,3900,Research-informed synthetic estimate
KHP100381,Alappuzha,Alappuzha Town,Urban,Independent House,2694,4,4,3,1,Semi-Furnished,0,2.2,Main Road,No,19480000,6000,Research-informed synthetic estimate
KHP100382,Thiruvananthapuram,Kowdiar,Urban,Independent House,2994,5,5,12,0,Unfurnished,0,3.9,Local Road,Yes,24440000,9000,Research-informed synthetic estimate
KHP100383,Wayanad,Ambalavayal,Semi-Urban,Independent House,3686,5,4,30,0,Unfurnished,1,1.5,Main Road,No,9540000,3200,Research-informed synthetic estimate
KHP100384,Malappuram,Nilambur,Semi-Urban,Residential Plot,992,2,2,22,1,Semi-Furnished,1,3.3,Narrow Road,No,1690000,3300,Research-informed synthetic estimate
KHP100385,Thrissur,Ayyanthole,Rural,Residential Plot,1198,3,3,29,1,Semi-Furnished,1,1.8,Main Road,Yes,4310000,5000,Research-informed synthetic estimate
KHP100386,Ernakulam,Pukkattupady,Rural,Independent House,3998,6,5,18,1,Unfurnished,1,0.5,Highway Access,No,20160000,4700,Research-informed synthetic estimate
KHP100387,Alappuzha,Ambalappuzha,Semi-Urban,Independent House,2766,3,3,26,0,Semi-Furnished,2,3.0,Main Road,Yes,9660000,3400,Research-informed synthetic estimate
KHP100388,Wayanad,Ambalavayal,Semi-Urban,Independent House,2457,5,4,7,1,Semi-Furnished,2,2.7,Main Road,Yes,8630000,3200,Research-informed synthetic estimate
KHP100389,Kasaragod,Hosdurg,Semi-Urban,Independent House,3740,5,5,22,1,Semi-Furnished,2,1.5,Main Road,Yes,12600000,3300,Research-informed synthetic estimate
KHP100390,Kozhikode,Vadakara,Rural,Independent House,3384,6,5,9,2,Semi-Furnished,2,5.5,Local Road,No,23930000,6800,Research-informed synthetic estimate
KHP100391,Pathanamthitta,Thiruvalla,Rural,Independent House,1374,2,2,13,2,Unfurnished,2,8.4,Local Road,Yes,4800000,4700,Research-informed synthetic estimate
KHP100392,Malappuram,Tirur,Semi-Urban,Residential Plot,3738,6,5,22,1,Semi-Furnished,2,1.3,Narrow Road,No,10580000,4200,Research-informed synthetic estimate
KHP100393,Kozhikode,Pantheerankavu,Rural,Villa,3167,5,5,13,0,Semi-Furnished,1,5.1,Main Road,No,31270000,8500,Research-informed synthetic estimate
KHP100394,Kottayam,Ettumanoor,Semi-Urban,Independent House,1356,2,2,21,0,Semi-Furnished,2,6.5,Main Road,Yes,5120000,3900,Research-informed synthetic estimate
KHP100395,Malappuram,Tirur,Semi-Urban,Villa,4155,6,5,25,0,Unfurnished,0,2.8,Main Road,No,16810000,4200,Research-informed synthetic estimate
KHP100396,Kozhikode,Mukkam,Rural,Apartment,1275,2,2,27,0,Semi-Furnished,5,3.7,Main Road,No,2980000,3000,Research-informed synthetic estimate
KHP100397,Malappuram,Manjeri,Semi-Urban,Residential Plot,1955,3,3,0,2,Fully Furnished,2,1.4,Main Road,No,10090000,4300,Research-informed synthetic estimate
KHP100398,Malappuram,Ponnani,Semi-Urban,Independent House,2534,4,4,22,0,Unfurnished,2,5.6,Main Road,No,7450000,3500,Research-informed synthetic estimate
KHP100399,Wayanad,Panamaram,Rural,Villa,2011,3,3,12,0,Fully Furnished,1,3.8,Main Road,No,5770000,2900,Research-informed synthetic estimate
KHP100400,Kozhikode,Mukkam,Rural,Independent House,1760,2,2,21,1,Unfurnished,1,6.0,Local Road,No,3470000,3000,Research-informed synthetic estimate
KHP100401,Idukki,Munnar,Semi-Urban,Villa,2409,4,4,17,0,Semi-Furnished,1,3.2,Local Road,No,15930000,6500,Research-informed synthetic estimate
KHP100402,Alappuzha,Chengannur,Semi-Urban,Apartment,3527,5,5,12,1,Semi-Furnished,7,3.9,Local Road,No,15710000,4300,Research-informed synthetic estimate
KHP100403,Thrissur,Irinjalakuda,Semi-Urban,Villa,1951,2,2,14,1,Unfurnished,0,6.2,Local Road,Yes,6500000,3400,Research-informed synthetic estimate
KHP100404,Malappuram,Kottakkal,Rural,Independent House,3278,6,5,11,0,Unfurnished,2,2.3,Main Road,No,13230000,4400,Research-informed synthetic estimate
KHP100405,Thrissur,Thrissur Town,Urban,Apartment,1679,3,3,0,0,Semi-Furnished,5,6.3,Local Road,No,8730000,5000,Research-informed synthetic estimate
KHP100406,Thiruvananthapuram,Nedumangad,Semi-Urban,Residential Plot,4087,6,5,11,0,Semi-Furnished,0,10.3,Local Road,No,11070000,3600,Research-informed synthetic estimate
KHP100407,Thrissur,Kuttanellur,Semi-Urban,Residential Plot,1298,2,2,4,1,Fully Furnished,1,2.1,Narrow Road,No,5340000,5500,Research-informed synthetic estimate
KHP100408,Kasaragod,Hosdurg,Rural,Apartment,3384,3,3,13,0,Semi-Furnished,1,1.6,Main Road,Yes,12600000,3300,Research-informed synthetic estimate
KHP100409,Alappuzha,Haripad,Semi-Urban,Independent House,2235,4,4,11,3,Unfurnished,2,5.9,Main Road,No,7190000,3200,Research-informed synthetic estimate
KHP100410,Kollam,Chinnakada,Urban,Independent House,907,2,2,18,1,Semi-Furnished,0,8.1,Main Road,No,4380000,5000,Research-informed synthetic estimate
KHP100411,Pathanamthitta,Adoor,Semi-Urban,Apartment,3513,5,4,9,1,Unfurnished,5,4.0,Local Road,No,11650000,3900,Research-informed synthetic estimate
KHP100412,Kozhikode,West Hill,Semi-Urban,Apartment,3550,4,4,12,1,Semi-Furnished,6,6.5,Local Road,No,14550000,4200,Research-informed synthetic estimate
KHP100413,Ernakulam,Kadavanthra,Urban,Independent House,1879,2,2,9,0,Semi-Furnished,0,2.3,Local Road,No,15910000,9000,Research-informed synthetic estimate
KHP100414,Palakkad,Chittur,Rural,Apartment,4117,5,5,4,1,Unfurnished,2,5.2,Local Road,No,11720000,2900,Research-informed synthetic estimate
KHP100415,Thiruvananthapuram,Neyyattinkara,Semi-Urban,Independent House,1434,3,3,19,3,Semi-Furnished,0,1.8,Main Road,No,5590000,4200,Research-informed synthetic estimate
KHP100416,Malappuram,Parappanangadi,Rural,Independent House,1995,3,3,16,1,Fully Furnished,0,2.7,Main Road,No,6200000,3600,Research-informed synthetic estimate
KHP100417,Malappuram,Parappanangadi,Semi-Urban,Independent House,2869,5,5,18,2,Fully Furnished,2,2.6,Local Road,No,11290000,3600,Research-informed synthetic estimate
KHP100418,Alappuzha,Chengannur,Rural,Villa,1347,1,1,26,1,Semi-Furnished,0,3.9,Narrow Road,No,3670000,4300,Research-informed synthetic estimate
KHP100419,Alappuzha,Ambalappuzha,Semi-Urban,Independent House,2239,5,5,17,0,Unfurnished,2,6.5,Highway Access,No,8310000,3400,Research-informed synthetic estimate
KHP100420,Thrissur,Chalakudy,Semi-Urban,Apartment,2493,3,3,11,1,Fully Furnished,2,8.1,Main Road,No,11010000,3900,Research-informed synthetic estimate
KHP100421,Kozhikode,Palazhi,Rural,Independent House,3556,6,5,18,0,Semi-Furnished,1,7.5,Local Road,No,28350000,8600,Research-informed synthetic estimate
KHP100422,Thiruvananthapuram,Peroorkada,Rural,Villa,1721,3,3,3,0,Unfurnished,1,2.2,Main Road,Yes,9690000,5900,Research-informed synthetic estimate
KHP100423,Idukki,Nedumkandam,Rural,Villa,1273,3,2,24,0,Unfurnished,2,3.7,Main Road,Yes,2950000,2700,Research-informed synthetic estimate
KHP100424,Idukki,Thodupuzha,Rural,Independent House,2151,4,4,1,1,Unfurnished,0,4.3,Local Road,No,7560000,3900,Research-informed synthetic estimate
KHP100425,Kollam,Kollam Town,Urban,Independent House,848,2,2,22,1,Semi-Furnished,1,3.0,Main Road,No,4040000,4800,Research-informed synthetic estimate
KHP100426,Wayanad,Panamaram,Rural,Residential Plot,4155,6,5,27,0,Unfurnished,2,0.7,Narrow Road,No,10450000,2900,Research-informed synthetic estimate
KHP100427,Kozhikode,Nellikode,Semi-Urban,Independent House,3662,6,5,15,0,Semi-Furnished,1,0.8,Narrow Road,No,14450000,4500,Research-informed synthetic estimate
KHP100428,Kollam,Kottarakkara,Rural,Apartment,1236,2,2,22,0,Semi-Furnished,5,2.2,Highway Access,Yes,3640000,3400,Research-informed synthetic estimate
KHP100429,Ernakulam,Pallikkara,Semi-Urban,Independent House,681,1,1,21,0,Semi-Furnished,1,3.3,Local Road,No,2480000,4600,Research-informed synthetic estimate
KHP100430,Kottayam,Kumarakom,Semi-Urban,Independent House,1757,4,3,17,1,Unfurnished,0,5.1,Local Road,Yes,10070000,6500,Research-informed synthetic estimate
KHP100431,Kottayam,Kanjirappally,Rural,Apartment,1259,1,1,10,1,Unfurnished,2,6.4,Local Road,Yes,2890000,3000,Research-informed synthetic estimate
KHP100432,Thrissur,Thrissur Town,Urban,Independent House,1733,3,3,24,0,Semi-Furnished,0,7.1,Highway Access,No,8250000,5000,Research-informed synthetic estimate
KHP100433,Kannur,Mattannur,Semi-Urban,Independent House,3300,5,5,21,2,Unfurnished,2,8.7,Local Road,No,8480000,3400,Research-informed synthetic estimate
KHP100434,Kozhikode,Pantheerankavu,Semi-Urban,Apartment,3256,5,5,8,0,Semi-Furnished,7,3.1,Narrow Road,No,29160000,8500,Research-informed synthetic estimate
KHP100435,Kannur,Taliparamba,Semi-Urban,Independent House,3500,5,5,23,0,Unfurnished,0,5.4,Main Road,No,10170000,3500,Research-informed synthetic estimate
KHP100436,Idukki,Adimali,Semi-Urban,Apartment,3916,6,5,30,0,Semi-Furnished,3,2.3,Main Road,No,10940000,3000,Research-informed synthetic estimate
KHP100437,Thiruvananthapuram,Kazhakoottam,Semi-Urban,Independent House,2083,3,3,18,0,Semi-Furnished,2,6.6,Main Road,No,13440000,6800,Research-informed synthetic estimate
KHP100438,Kasaragod,Cheruvathur,Rural,Residential Plot,3647,5,5,12,1,Unfurnished,2,0.9,Local Road,No,8280000,2900,Research-informed synthetic estimate
KHP100439,Malappuram,Malappuram Town,Urban,Independent House,980,2,1,3,1,Semi-Furnished,2,1.4,Highway Access,No,5040000,4400,Research-informed synthetic estimate
KHP100440,Palakkad,Pattambi,Rural,Villa,4067,6,5,30,2,Unfurnished,2,1.8,Main Road,No,10990000,3000,Research-informed synthetic estimate
KHP100441,Pathanamthitta,Thiruvalla,Semi-Urban,Residential Plot,1010,2,2,22,0,Unfurnished,0,3.1,Local Road,No,3090000,4700,Research-informed synthetic estimate
KHP100442,Kasaragod,Nileshwar,Semi-Urban,Apartment,4182,6,5,29,2,Fully Furnished,0,5.6,Local Road,No,12570000,3200,Research-informed synthetic estimate
KHP100443,Pathanamthitta,Pandalam,Rural,Villa,1365,3,3,28,1,Semi-Furnished,0,0.9,Local Road,Yes,3330000,3400,Research-informed synthetic estimate
KHP100444,Ernakulam,Marine Drive,Urban,Villa,1385,3,3,20,0,Semi-Furnished,1,6.6,Highway Access,Yes,16980000,12500,Research-informed synthetic estimate
KHP100445,Kollam,Kollam Town,Urban,Residential Plot,673,1,1,22,0,Semi-Furnished,0,2.0,Local Road,No,2480000,4800,Research-informed synthetic estimate
KHP100446,Idukki,Kumily,Rural,Independent House,2732,4,3,26,1,Unfurnished,0,4.1,Local Road,No,6600000,3400,Research-informed synthetic estimate
KHP100447,Wayanad,Panamaram,Rural,Residential Plot,1466,4,4,24,1,Unfurnished,1,1.2,Local Road,No,2840000,2900,Research-informed synthetic estimate
KHP100448,Kottayam,Changanassery,Semi-Urban,Independent House,3731,6,5,27,1,Fully Furnished,2,2.0,Main Road,No,16330000,4300,Research-informed synthetic estimate
KHP100449,Malappuram,Perinthalmanna,Semi-Urban,Independent House,2788,4,3,24,3,Semi-Furnished,0,2.6,Main Road,No,10040000,4500,Research-informed synthetic estimate
KHP100450,Wayanad,Ambalavayal,Semi-Urban,Independent House,737,1,1,16,0,Semi-Furnished,0,2.8,Local Road,No,1850000,3200,Research-informed synthetic estimate
KHP100451,Thiruvananthapuram,Kowdiar,Urban,Villa,689,1,1,29,0,Fully Furnished,2,3.9,Main Road,Yes,6660000,9000,Research-informed synthetic estimate
KHP100452,Alappuzha,Chengannur,Semi-Urban,Villa,934,1,1,30,2,Semi-Furnished,1,1.5,Narrow Road,Yes,3230000,4300,Research-informed synthetic estimate
KHP100453,Kollam,Kottarakkara,Rural,Apartment,1364,2,2,29,2,Unfurnished,6,0.3,Highway Access,No,3090000,3400,Research-informed synthetic estimate
KHP100454,Kollam,Kollam Town,Urban,Independent House,704,1,1,18,0,Unfurnished,1,1.4,Highway Access,No,3520000,4800,Research-informed synthetic estimate
KHP100455,Kasaragod,Hosdurg,Semi-Urban,Residential Plot,1248,2,2,21,2,Unfurnished,1,11.0,Highway Access,No,3270000,3300,Research-informed synthetic estimate
KHP100456,Pathanamthitta,Pathanamthitta Town,Semi-Urban,Independent House,2750,5,5,0,2,Semi-Furnished,0,4.5,Main Road,Yes,11870000,3800,Research-informed synthetic estimate
KHP100457,Palakkad,Olavakkode,Semi-Urban,Villa,1578,1,1,11,3,Unfurnished,2,3.7,Narrow Road,No,4950000,4100,Research-informed synthetic estimate
KHP100458,Kozhikode,Vellayil,Semi-Urban,Villa,2662,3,3,8,0,Semi-Furnished,2,1.6,Main Road,No,22210000,7100,Research-informed synthetic estimate
KHP100459,Alappuzha,Kayamkulam,Semi-Urban,Independent House,3931,5,5,1,0,Semi-Furnished,0,2.6,Main Road,No,16760000,3600,Research-informed synthetic estimate
KHP100460,Kozhikode,Vadakara,Semi-Urban,Residential Plot,2307,4,4,23,1,Unfurnished,2,15.1,Main Road,No,10640000,6800,Research-informed synthetic estimate
KHP100461,Kasaragod,Kanhangad,Semi-Urban,Independent House,1602,3,3,9,3,Unfurnished,1,4.1,Main Road,No,5340000,3500,Research-informed synthetic estimate
KHP100462,Wayanad,Ambalavayal,Semi-Urban,Villa,1780,4,4,0,3,Fully Furnished,1,1.8,Highway Access,No,10350000,3200,Research-informed synthetic estimate
KHP100463,Palakkad,Palakkad Town,Urban,Villa,1737,2,2,10,0,Fully Furnished,1,2.0,Main Road,Yes,9160000,3900,Research-informed synthetic estimate
KHP100464,Wayanad,Meppadi,Semi-Urban,Residential Plot,1698,2,2,15,3,Unfurnished,0,5.7,Local Road,No,3630000,3300,Research-informed synthetic estimate
KHP100465,Malappuram,Manjeri,Semi-Urban,Independent House,4105,6,5,24,0,Unfurnished,1,0.8,Local Road,No,16230000,4300,Research-informed synthetic estimate
KHP100466,Palakkad,Olavakkode,Semi-Urban,Independent House,2618,4,3,30,0,Fully Furnished,2,5.7,Main Road,No,9270000,4100,Research-informed synthetic estimate
KHP100467,Kottayam,Kottayam Town,Urban,Residential Plot,3815,6,5,23,0,Fully Furnished,0,3.1,Main Road,No,20770000,5200,Research-informed synthetic estimate
KHP100468,Palakkad,Mannarkkad,Rural,Residential Plot,964,1,1,21,2,Unfurnished,0,9.9,Narrow Road,Yes,1090000,2800,Research-informed synthetic estimate
KHP100469,Kottayam,Kottayam Town,Urban,Villa,3032,3,3,27,0,Semi-Furnished,1,4.3,Main Road,No,14580000,5200,Research-informed synthetic estimate
KHP100470,Wayanad,Meppadi,Semi-Urban,Independent House,3703,6,5,29,1,Semi-Furnished,2,2.6,Local Road,No,10010000,3300,Research-informed synthetic estimate
KHP100471,Kollam,Punalur,Semi-Urban,Residential Plot,3042,5,5,24,0,Unfurnished,1,6.9,Narrow Road,No,6060000,3000,Research-informed synthetic estimate
KHP100472,Idukki,Munnar,Semi-Urban,Apartment,719,1,1,1,0,Semi-Furnished,6,15.4,Narrow Road,No,3730000,6500,Research-informed synthetic estimate
KHP100473,Pathanamthitta,Ranni,Rural,Independent House,3617,6,5,14,1,Fully Furnished,1,1.9,Narrow Road,No,10800000,3000,Research-informed synthetic estimate
KHP100474,Wayanad,Mananthavady,Semi-Urban,Independent House,2957,3,3,10,1,Semi-Furnished,0,5.8,Highway Access,No,11900000,3400,Research-informed synthetic estimate
KHP100475,Kasaragod,Nileshwar,Semi-Urban,Independent House,3594,6,5,10,1,Semi-Furnished,1,2.6,Local Road,No,11970000,3200,Research-informed synthetic estimate
KHP100476,Thrissur,Kunnamkulam,Semi-Urban,Residential Plot,4064,6,5,10,0,Semi-Furnished,0,0.4,Highway Access,No,16160000,3500,Research-informed synthetic estimate
KHP100477,Kozhikode,Puthiyangadi,Semi-Urban,Independent House,3783,6,5,10,1,Fully Furnished,0,2.4,Main Road,Yes,35770000,7900,Research-informed synthetic estimate
KHP100478,Wayanad,Ambalavayal,Semi-Urban,Independent House,3153,4,3,14,1,Semi-Furnished,0,5.3,Main Road,No,10580000,3200,Research-informed synthetic estimate
KHP100479,Thiruvananthapuram,Vazhuthacaud,Urban,Apartment,2339,3,3,16,1,Fully Furnished,6,6.6,Highway Access,No,23040000,7800,Research-informed synthetic estimate
KHP100480,Alappuzha,Alappuzha Beach,Semi-Urban,Residential Plot,1154,1,1,24,0,Semi-Furnished,1,11.2,Main Road,No,4930000,6800,Research-informed synthetic estimate
KHP100481,Kottayam,Changanassery,Semi-Urban,Residential Plot,1661,3,3,23,1,Unfurnished,2,5.3,Main Road,Yes,4930000,4300,Research-informed synthetic estimate
KHP100482,Alappuzha,Muhamma,Semi-Urban,Independent House,2967,5,5,5,0,Fully Furnished,1,4.6,Main Road,Yes,15040000,4000,Research-informed synthetic estimate
KHP100483,Ernakulam,Kalamassery,Rural,Residential Plot,1485,2,2,4,2,Unfurnished,2,3.3,Main Road,No,6090000,6000,Research-informed synthetic estimate
KHP100484,Thiruvananthapuram,Pattom,Urban,Independent House,1188,1,1,16,1,Semi-Furnished,2,4.0,Local Road,No,6920000,7200,Research-informed synthetic estimate
KHP100485,Thiruvananthapuram,Kesavadasapuram,Rural,Apartment,2730,5,5,11,1,Semi-Furnished,0,2.9,Local Road,Yes,18590000,7000,Research-informed synthetic estimate
KHP100486,Thiruvananthapuram,Attingal,Rural,Villa,3136,6,5,7,3,Unfurnished,2,5.5,Local Road,No,12500000,3900,Research-informed synthetic estimate
KHP100487,Alappuzha,Ambalappuzha,Semi-Urban,Residential Plot,2469,3,3,8,0,Unfurnished,1,6.5,Main Road,Yes,5840000,3400,Research-informed synthetic estimate
KHP100488,Thiruvananthapuram,Technopark,Semi-Urban,Villa,2808,4,4,5,2,Unfurnished,1,5.9,Local Road,No,19190000,7000,Research-informed synthetic estimate
KHP100489,Malappuram,Parappanangadi,Semi-Urban,Independent House,1148,3,3,12,1,Semi-Furnished,1,3.2,Narrow Road,No,2930000,3600,Research-informed synthetic estimate
KHP100490,Kottayam,Pala,Rural,Apartment,3760,5,5,7,0,Semi-Furnished,1,15.1,Highway Access,No,16220000,4200,Research-informed synthetic estimate
KHP100491,Kannur,Kannur Town,Urban,Independent House,3176,3,3,23,1,Unfurnished,0,6.8,Local Road,No,10720000,4500,Research-informed synthetic estimate
KHP100492,Kollam,Paravur,Semi-Urban,Independent House,1598,3,3,6,1,Semi-Furnished,0,6.6,Main Road,No,5950000,3600,Research-informed synthetic estimate
KHP100493,Idukki,Adimali,Semi-Urban,Independent House,1798,2,2,22,2,Unfurnished,1,14.2,Narrow Road,Yes,3120000,3000,Research-informed synthetic estimate
KHP100494,Palakkad,Shoranur,Semi-Urban,Independent House,2823,5,5,7,0,Unfurnished,2,3.7,Local Road,Yes,8970000,3100,Research-informed synthetic estimate
KHP100495,Kozhikode,Nellikode,Semi-Urban,Apartment,2427,3,3,13,0,Semi-Furnished,5,9.7,Local Road,Yes,10820000,4500,Research-informed synthetic estimate
KHP100496,Palakkad,Pattambi,Rural,Independent House,2510,2,2,15,2,Semi-Furnished,0,3.1,Local Road,Yes,5150000,3000,Research-informed synthetic estimate
KHP100497,Kottayam,Kanjirappally,Rural,Independent House,3178,4,4,1,1,Unfurnished,1,3.7,Main Road,No,11250000,3000,Research-informed synthetic estimate
KHP100498,Idukki,Kattappana,Rural,Independent House,3731,5,4,29,0,Unfurnished,2,7.9,Local Road,No,6990000,3000,Research-informed synthetic estimate
KHP100499,Kasaragod,Hosdurg,Semi-Urban,Independent House,3572,5,5,7,0,Fully Furnished,1,3.2,Main Road,No,14470000,3300,Research-informed synthetic estimate
KHP100500,Thrissur,Ollur,Semi-Urban,Independent House,2061,3,3,17,0,Semi-Furnished,0,3.5,Main Road,No,17420000,9000,Research-informed synthetic estimate
KHP100501,Kollam,Kottarakkara,Rural,Apartment,3675,6,5,23,0,Unfurnished,0,5.8,Main Road,No,11320000,3400,Research-informed synthetic estimate
KHP100502,Thrissur,Punkunnam,Rural,Apartment,2957,4,3,23,2,Semi-Furnished,6,1.9,Local Road,No,12170000,5500,Research-informed synthetic estimate
KHP100503,Kollam,Paravur,Semi-Urban,Independent House,2158,3,3,27,2,Semi-Furnished,2,5.2,Highway Access,Yes,7140000,3600,Research-informed synthetic estimate
KHP100504,Idukki,Kumily,Semi-Urban,Apartment,724,1,1,16,0,Semi-Furnished,4,3.3,Main Road,Yes,2250000,3400,Research-informed synthetic estimate
KHP100505,Thiruvananthapuram,Nedumangad,Semi-Urban,Villa,2599,4,4,1,1,Semi-Furnished,1,5.0,Narrow Road,Yes,9660000,3600,Research-informed synthetic estimate
KHP100506,Pathanamthitta,Thiruvalla,Semi-Urban,Independent House,3677,6,5,14,1,Fully Furnished,0,2.9,Local Road,No,18190000,4700,Research-informed synthetic estimate
KHP100507,Thiruvananthapuram,Peroorkada,Semi-Urban,Apartment,2548,5,5,24,0,Semi-Furnished,1,5.6,Main Road,No,14530000,5900,Research-informed synthetic estimate
KHP100508,Ernakulam,Perumbavoor,Rural,Independent House,3171,5,5,6,3,Unfurnished,0,7.4,Local Road,Yes,11980000,3600,Research-informed synthetic estimate
KHP100509,Malappuram,Perinthalmanna,Semi-Urban,Apartment,2075,3,3,26,0,Semi-Furnished,1,8.6,Local Road,No,7240000,4500,Research-informed synthetic estimate
KHP100510,Kannur,Kannur Town,Urban,Apartment,3154,6,5,12,1,Semi-Furnished,5,5.1,Narrow Road,Yes,15040000,4500,Research-informed synthetic estimate
KHP100511,Kannur,Mattannur,Semi-Urban,Independent House,3081,4,4,10,0,Fully Furnished,0,2.6,Main Road,No,12490000,3400,Research-informed synthetic estimate
KHP100512,Pathanamthitta,Adoor,Semi-Urban,Villa,3814,6,5,15,2,Semi-Furnished,2,1.8,Highway Access,Yes,22100000,3900,Research-informed synthetic estimate
KHP100513,Kozhikode,Thondayad,Semi-Urban,Independent House,3331,5,5,13,0,Fully Furnished,0,5.0,Local Road,No,16350000,5000,Research-informed synthetic estimate
KHP100514,Palakkad,Alathur,Rural,Apartment,1740,2,1,4,3,Fully Furnished,1,0.9,Main Road,Yes,5470000,2900,Research-informed synthetic estimate
KHP100515,Kasaragod,Nileshwar,Semi-Urban,Residential Plot,1418,2,2,27,0,Unfurnished,1,10.3,Main Road,Yes,2840000,3200,Research-informed synthetic estimate
KHP100516,Kottayam,Kottayam Town,Urban,Residential Plot,930,1,1,0,1,Semi-Furnished,1,1.2,Main Road,No,4080000,5200,Research-informed synthetic estimate
KHP100517,Idukki,Painavu,Rural,Independent House,2874,4,4,18,1,Semi-Furnished,2,6.0,Main Road,Yes,6630000,2600,Research-informed synthetic estimate
KHP100518,Kottayam,Kanjirappally,Rural,Apartment,2661,5,5,23,3,Unfurnished,7,3.8,Main Road,Yes,7960000,3000,Research-informed synthetic estimate
KHP100519,Palakkad,Palakkad Town,Urban,Villa,2489,5,5,3,3,Semi-Furnished,0,1.3,Highway Access,No,14850000,3900,Research-informed synthetic estimate
KHP100520,Kottayam,Manarcadu,Semi-Urban,Independent House,3752,5,5,0,1,Fully Furnished,2,4.5,Main Road,No,16180000,3600,Research-informed synthetic estimate
KHP100521,Malappuram,Manjeri,Semi-Urban,Villa,2948,5,5,1,1,Unfurnished,2,3.8,Main Road,No,16570000,4300,Research-informed synthetic estimate
KHP100522,Pathanamthitta,Ranni,Rural,Independent House,1629,2,2,24,2,Unfurnished,1,7.3,Narrow Road,No,2870000,3000,Research-informed synthetic estimate
KHP100523,Idukki,Kattappana,Rural,Apartment,835,1,1,29,1,Unfurnished,1,2.1,Narrow Road,No,1410000,3000,Research-informed synthetic estimate
KHP100524,Kasaragod,Manjeshwar,Rural,Independent House,1295,2,1,18,2,Unfurnished,0,4.8,Narrow Road,Yes,2970000,3400,Research-informed synthetic estimate
KHP100525,Kasaragod,Kasaragod Town,Urban,Apartment,3465,6,5,5,1,Fully Furnished,2,2.5,Main Road,No,16870000,3600,Research-informed synthetic estimate
KHP100526,Kozhikode,Chevarambalam,Semi-Urban,Independent House,3125,5,4,16,3,Semi-Furnished,0,3.8,Local Road,No,18780000,6300,Research-informed synthetic estimate
KHP100527,Kannur,Thottada,Semi-Urban,Residential Plot,1281,2,2,5,1,Fully Furnished,2,1.8,Local Road,No,4240000,4200,Research-informed synthetic estimate
KHP100528,Malappuram,Ponnani,Semi-Urban,Residential Plot,1571,2,2,25,2,Unfurnished,0,5.8,Main Road,No,3620000,3500,Research-informed synthetic estimate
KHP100529,Ernakulam,Kadavanthra,Urban,Villa,4016,6,5,27,0,Unfurnished,1,5.6,Local Road,Yes,34440000,9000,Research-informed synthetic estimate
KHP100530,Palakkad,Chittur,Rural,Independent House,1324,3,3,29,0,Unfurnished,2,7.7,Main Road,No,2370000,2900,Research-informed synthetic estimate
KHP100531,Kasaragod,Kasaragod Town,Urban,Independent House,1955,3,2,12,0,Semi-Furnished,0,2.3,Local Road,No,6770000,3600,Research-informed synthetic estimate
KHP100532,Idukki,Munnar,Rural,Independent House,1895,3,3,3,2,Unfurnished,1,0.7,Local Road,No,11010000,6500,Research-informed synthetic estimate
KHP100533,Kannur,Mattannur,Rural,Independent House,1022,2,2,29,1,Unfurnished,2,12.4,Highway Access,Yes,2470000,3400,Research-informed synthetic estimate
KHP100534,Palakkad,Alathur,Rural,Villa,3706,5,5,4,1,Unfurnished,2,3.2,Local Road,Yes,12430000,2900,Research-informed synthetic estimate
KHP100535,Pathanamthitta,Pandalam,Semi-Urban,Independent House,1030,2,2,18,1,Fully Furnished,2,4.2,Narrow Road,No,3120000,3400,Research-informed synthetic estimate
KHP100536,Wayanad,Ambalavayal,Rural,Independent House,3148,6,5,2,3,Semi-Furnished,2,4.2,Main Road,Yes,13210000,3200,Research-informed synthetic estimate
KHP100537,Idukki,Adimali,Semi-Urban,Villa,2352,3,3,25,3,Unfurnished,1,16.6,Main Road,No,5670000,3000,Research-informed synthetic estimate
KHP100538,Thrissur,Kodungallur,Semi-Urban,Independent House,2148,2,2,2,1,Semi-Furnished,2,0.5,Narrow Road,Yes,7700000,3600,Research-informed synthetic estimate
KHP100539,Thiruvananthapuram,Technopark,Semi-Urban,Independent House,1140,1,1,27,0,Unfurnished,2,5.6,Local Road,No,5250000,7000,Research-informed synthetic estimate
KHP100540,Palakkad,Mannarkkad,Rural,Residential Plot,2833,4,4,17,0,Unfurnished,2,1.7,Main Road,Yes,6880000,2800,Research-informed synthetic estimate
KHP100541,Thrissur,Punkunnam,Semi-Urban,Villa,1639,3,2,7,0,Unfurnished,0,2.4,Local Road,No,8900000,5500,Research-informed synthetic estimate
KHP100542,Kasaragod,Nileshwar,Semi-Urban,Residential Plot,3358,5,4,29,1,Semi-Furnished,2,14.6,Local Road,Yes,7620000,3200,Research-informed synthetic estimate
KHP100543,Malappuram,Perinthalmanna,Rural,Apartment,2367,4,4,1,0,Unfurnished,1,1.1,Local Road,Yes,9950000,4500,Research-informed synthetic estimate
KHP100544,Kannur,Mattannur,Semi-Urban,Villa,994,2,2,17,3,Semi-Furnished,0,2.2,Narrow Road,No,3230000,3400,Research-informed synthetic estimate
KHP100545,Kozhikode,Cyberpark,Semi-Urban,Apartment,2166,2,2,16,1,Semi-Furnished,6,7.2,Main Road,No,9990000,5000,Research-informed synthetic estimate
KHP100546,Alappuzha,Kayamkulam,Rural,Residential Plot,701,1,1,10,1,Semi-Furnished,2,0.3,Main Road,Yes,1870000,3600,Research-informed synthetic estimate
KHP100547,Malappuram,Malappuram Town,Urban,Apartment,2576,4,4,18,2,Semi-Furnished,6,9.0,Narrow Road,No,10560000,4400,Research-informed synthetic estimate
KHP100548,Kollam,Kavanad,Semi-Urban,Apartment,2301,5,4,13,3,Unfurnished,4,5.2,Highway Access,No,14810000,5000,Research-informed synthetic estimate
KHP100549,Pathanamthitta,Pathanamthitta Town,Rural,Residential Plot,2915,5,5,20,0,Semi-Furnished,1,3.9,Main Road,Yes,8170000,3800,Research-informed synthetic estimate
KHP100550,Thrissur,Ayyanthole,Semi-Urban,Apartment,1074,2,2,15,2,Fully Furnished,3,2.0,Main Road,No,5590000,5000,Research-informed synthetic estimate
KHP100551,Thrissur,Patturaikkal,Semi-Urban,Apartment,715,1,1,17,0,Semi-Furnished,5,5.8,Local Road,Yes,3450000,5600,Research-informed synthetic estimate
KHP100552,Kottayam,Kumarakom,Rural,Apartment,1959,2,2,21,0,Semi-Furnished,5,3.0,Narrow Road,Yes,9890000,6500,Research-informed synthetic estimate
KHP100553,Kollam,Kollam Town,Urban,Villa,2568,4,4,10,1,Unfurnished,1,10.6,Local Road,Yes,13370000,4800,Research-informed synthetic estimate
KHP100554,Idukki,Kumily,Semi-Urban,Apartment,3164,5,5,0,0,Fully Furnished,3,1.8,Local Road,No,14060000,3400,Research-informed synthetic estimate
KHP100555,Kannur,Payyannur,Rural,Apartment,1825,2,2,8,1,Fully Furnished,7,5.2,Narrow Road,No,5290000,3900,Research-informed synthetic estimate
KHP100556,Kottayam,Pala,Semi-Urban,Apartment,1313,3,3,27,0,Unfurnished,1,12.5,Local Road,Yes,3610000,4200,Research-informed synthetic estimate
KHP100557,Malappuram,Parappanangadi,Semi-Urban,Independent House,3764,6,5,1,1,Fully Furnished,2,7.1,Main Road,No,16070000,3600,Research-informed synthetic estimate
KHP100558,Thiruvananthapuram,Peroorkada,Semi-Urban,Apartment,3080,5,5,16,0,Fully Furnished,0,3.6,Local Road,No,16100000,5900,Research-informed synthetic estimate
KHP100559,Pathanamthitta,Pandalam,Semi-Urban,Villa,2371,5,4,25,2,Fully Furnished,0,13.5,Local Road,No,7580000,3400,Research-informed synthetic estimate
KHP100560,Kollam,Asramam,Rural,Villa,3561,6,5,17,1,Semi-Furnished,1,13.5,Local Road,No,15410000,5200,Research-informed synthetic estimate
KHP100561,Ernakulam,Chottanikkara,Rural,Apartment,2980,5,5,12,3,Fully Furnished,2,3.4,Main Road,Yes,13920000,4200,Research-informed synthetic estimate
KHP100562,Idukki,Thodupuzha,Rural,Apartment,931,2,2,18,0,Unfurnished,2,13.9,Local Road,No,2350000,3900,Research-informed synthetic estimate
KHP100563,Malappuram,Kottakkal,Semi-Urban,Independent House,4135,6,5,23,1,Unfurnished,2,1.0,Local Road,Yes,17550000,4400,Research-informed synthetic estimate
KHP100564,Alappuzha,Haripad,Semi-Urban,Apartment,1341,2,2,7,1,Unfurnished,5,3.4,Main Road,No,4440000,3200,Research-informed synthetic estimate
KHP100565,Kasaragod,Nileshwar,Semi-Urban,Apartment,4075,6,5,11,3,Unfurnished,2,1.6,Main Road,No,14260000,3200,Research-informed synthetic estimate
KHP100566,Malappuram,Kottakkal,Semi-Urban,Independent House,2296,4,3,22,0,Fully Furnished,1,3.5,Local Road,No,9360000,4400,Research-informed synthetic estimate
KHP100567,Idukki,Thodupuzha,Semi-Urban,Villa,2754,4,3,24,3,Unfurnished,0,7.2,Main Road,No,10210000,3900,Research-informed synthetic estimate
KHP100568,Kozhikode,Mavoor Road,Urban,Independent House,4135,5,5,5,0,Fully Furnished,1,1.7,Main Road,No,31610000,6400,Research-informed synthetic estimate
KHP100569,Kottayam,Changanassery,Semi-Urban,Apartment,2206,3,3,7,2,Semi-Furnished,5,2.0,Highway Access,Yes,12310000,4300,Research-informed synthetic estimate
KHP100570,Kasaragod,Nileshwar,Semi-Urban,Independent House,797,1,1,17,3,Semi-Furnished,2,1.9,Main Road,No,2520000,3200,Research-informed synthetic estimate
KHP100571,Kollam,Chathannoor,Semi-Urban,Independent House,1067,1,1,25,1,Semi-Furnished,1,0.3,Main Road,Yes,3060000,3200,Research-informed synthetic estimate
KHP100572,Ernakulam,Panampilly Nagar,Urban,Independent House,4077,5,5,12,1,Fully Furnished,1,1.8,Local Road,Yes,45310000,9500,Research-informed synthetic estimate
KHP100573,Pathanamthitta,Mallappally,Rural,Independent House,709,1,1,17,3,Semi-Furnished,0,8.9,Main Road,No,1570000,3000,Research-informed synthetic estimate
KHP100574,Idukki,Kumily,Rural,Independent House,1150,1,1,0,0,Semi-Furnished,2,2.8,Main Road,Yes,3520000,3400,Research-informed synthetic estimate
KHP100575,Kottayam,Pala,Semi-Urban,Apartment,3447,5,5,12,2,Unfurnished,1,1.5,Main Road,No,15670000,4200,Research-informed synthetic estimate
KHP100576,Kozhikode,Vadakara,Semi-Urban,Independent House,965,2,2,8,1,Semi-Furnished,0,2.8,Local Road,No,5890000,6800,Research-informed synthetic estimate
KHP100577,Malappuram,Nilambur,Semi-Urban,Apartment,1713,3,2,27,2,Unfurnished,3,10.6,Narrow Road,Yes,4190000,3300,Research-informed synthetic estimate
KHP100578,Idukki,Munnar,Semi-Urban,Apartment,2178,3,3,12,0,Fully Furnished,2,4.3,Narrow Road,Yes,14420000,6500,Research-informed synthetic estimate
KHP100579,Kasaragod,Kanhangad,Semi-Urban,Apartment,1686,3,2,3,1,Fully Furnished,2,8.0,Local Road,No,6040000,3500,Research-informed synthetic estimate
KHP100580,Pathanamthitta,Pandalam,Rural,Apartment,2338,3,3,11,2,Unfurnished,4,2.4,Highway Access,No,7760000,3400,Research-informed synthetic estimate
KHP100581,Kozhikode,Pantheerankavu,Semi-Urban,Villa,3171,5,5,11,0,Semi-Furnished,2,9.0,Main Road,No,34160000,8500,Research-informed synthetic estimate
KHP100582,Idukki,Kumily,Rural,Independent House,1177,3,2,9,2,Unfurnished,0,2.7,Main Road,No,3250000,3400,Research-informed synthetic estimate
KHP100583,Wayanad,Meppadi,Semi-Urban,Independent House,3302,4,4,18,1,Fully Furnished,1,2.5,Main Road,No,11120000,3300,Research-informed synthetic estimate
KHP100584,Kasaragod,Kasaragod Town,Urban,Independent House,2171,3,3,30,1,Semi-Furnished,1,1.3,Main Road,No,7440000,3600,Research-informed synthetic estimate
KHP100585,Ernakulam,Kalamassery,Semi-Urban,Independent House,3629,6,5,27,0,Semi-Furnished,1,3.4,Main Road,No,18300000,6000,Research-informed synthetic estimate
KHP100586,Malappuram,Tirur,Rural,Independent House,4013,6,5,7,1,Unfurnished,2,2.8,Local Road,No,15020000,4200,Research-informed synthetic estimate
KHP100587,Kasaragod,Nileshwar,Semi-Urban,Independent House,4147,6,5,26,1,Semi-Furnished,0,1.1,Main Road,No,11130000,3200,Research-informed synthetic estimate
KHP100588,Palakkad,Olavakkode,Semi-Urban,Independent House,1443,2,2,19,0,Fully Furnished,0,3.4,Main Road,No,5960000,4100,Research-informed synthetic estimate
KHP100589,Thrissur,Muthuvattoor,Semi-Urban,Villa,2151,3,3,26,0,Fully Furnished,1,6.4,Local Road,No,7330000,3500,Research-informed synthetic estimate
KHP100590,Thrissur,Guruvayur,Semi-Urban,Residential Plot,2791,4,4,7,3,Semi-Furnished,2,11.7,Local Road,No,8140000,3700,Research-informed synthetic estimate
KHP100591,Kollam,Kollam Town,Urban,Residential Plot,1995,4,3,22,0,Unfurnished,2,0.7,Local Road,Yes,6720000,4800,Research-informed synthetic estimate
KHP100592,Alappuzha,Alappuzha Town,Urban,Villa,2313,4,4,6,0,Unfurnished,0,3.3,Highway Access,No,17770000,6000,Research-informed synthetic estimate
KHP100593,Thrissur,Naikkanal,Semi-Urban,Apartment,1510,2,2,0,3,Fully Furnished,6,2.9,Main Road,Yes,11200000,5300,Research-informed synthetic estimate
KHP100594,Wayanad,Ambalavayal,Semi-Urban,Residential Plot,3672,5,5,26,2,Unfurnished,0,10.8,Local Road,Yes,7070000,3200,Research-informed synthetic estimate
KHP100595,Kasaragod,Uppala,Rural,Villa,3692,6,5,22,1,Semi-Furnished,1,2.6,Main Road,No,11590000,3000,Research-informed synthetic estimate
KHP100596,Kasaragod,Kasaragod Town,Urban,Villa,924,1,1,2,1,Fully Furnished,2,3.4,Highway Access,Yes,4710000,3600,Research-informed synthetic estimate
KHP100597,Pathanamthitta,Pathanamthitta Town,Rural,Villa,2082,3,3,11,0,Semi-Furnished,2,2.5,Local Road,Yes,6500000,3800,Research-informed synthetic estimate
KHP100598,Kasaragod,Manjeshwar,Semi-Urban,Villa,733,1,1,4,1,Semi-Furnished,1,5.1,Main Road,Yes,2990000,3400,Research-informed synthetic estimate
KHP100599,Ernakulam,Vyttila,Urban,Independent House,4055,6,5,24,0,Unfurnished,1,6.0,Main Road,No,30090000,8000,Research-informed synthetic estimate
KHP100600,Kottayam,Ettumanoor,Semi-Urban,Residential Plot,3174,4,4,12,0,Unfurnished,0,4.7,Local Road,No,8950000,3900,Research-informed synthetic estimate
KHP100601,Malappuram,Ponnani,Semi-Urban,Independent House,2212,3,2,15,3,Unfurnished,0,3.0,Main Road,No,7370000,3500,Research-informed synthetic estimate
KHP100602,Malappuram,Ponnani,Rural,Residential Plot,2711,4,4,25,1,Semi-Furnished,2,8.2,Local Road,Yes,6010000,3500,Research-informed synthetic estimate
KHP100603,Palakkad,Ottapalam,Semi-Urban,Independent House,3206,4,3,24,1,Unfurnished,1,3.2,Main Road,Yes,9550000,3200,Research-informed synthetic estimate
KHP100604,Alappuzha,Kayamkulam,Semi-Urban,Apartment,1764,3,2,23,0,Semi-Furnished,1,1.3,Main Road,Yes,6650000,3600,Research-informed synthetic estimate
KHP100605,Kottayam,Kanjirappally,Rural,Independent House,2264,2,1,20,0,Fully Furnished,1,0.3,Local Road,No,5750000,3000,Research-informed synthetic estimate
KHP100606,Wayanad,Panamaram,Rural,Independent House,851,1,1,8,1,Unfurnished,1,3.3,Local Road,No,1890000,2900,Research-informed synthetic estimate
KHP100607,Ernakulam,Thrippunithura,Semi-Urban,Independent House,2584,3,2,17,1,Fully Furnished,2,3.7,Main Road,Yes,16220000,6000,Research-informed synthetic estimate
KHP100608,Kozhikode,Pantheerankavu,Semi-Urban,Residential Plot,2529,4,4,6,2,Fully Furnished,1,1.0,Local Road,Yes,23480000,8500,Research-informed synthetic estimate
KHP100609,Kannur,Mattannur,Rural,Villa,3975,6,5,1,1,Unfurnished,0,5.6,Local Road,No,13610000,3400,Research-informed synthetic estimate
KHP100610,Kollam,Kavanad,Rural,Apartment,1974,3,3,8,1,Semi-Furnished,5,4.9,Main Road,No,9260000,5000,Research-informed synthetic estimate
KHP100611,Kannur,Mattannur,Semi-Urban,Residential Plot,1279,2,2,12,2,Unfurnished,2,1.4,Main Road,No,3720000,3400,Research-informed synthetic estimate
KHP100612,Ernakulam,Kakkanad,Semi-Urban,Independent House,3892,6,5,28,1,Unfurnished,0,1.9,Local Road,No,19240000,6500,Research-informed synthetic estimate
KHP100613,Kasaragod,Uppala,Rural,Independent House,4076,6,5,11,0,Unfurnished,2,5.6,Narrow Road,No,10270000,3000,Research-informed synthetic estimate
KHP100614,Kottayam,Ettumanoor,Semi-Urban,Independent House,793,1,1,20,1,Fully Furnished,2,2.2,Local Road,No,2430000,3900,Research-informed synthetic estimate
KHP100615,Kottayam,Kanjirappally,Rural,Apartment,3336,6,5,1,0,Semi-Furnished,1,3.9,Local Road,No,10960000,3000,Research-informed synthetic estimate
KHP100616,Pathanamthitta,Mallappally,Rural,Independent House,3467,6,5,27,0,Unfurnished,2,1.8,Local Road,No,7540000,3000,Research-informed synthetic estimate
KHP100617,Kottayam,Changanassery,Semi-Urban,Residential Plot,2183,4,4,18,2,Unfurnished,1,2.9,Main Road,No,6960000,4300,Research-informed synthetic estimate
KHP100618,Kozhikode,Feroke,Semi-Urban,Independent House,4084,6,5,17,2,Semi-Furnished,2,1.6,Main Road,No,15950000,3700,Research-informed synthetic estimate
KHP100619,Kollam,Chathannoor,Rural,Apartment,738,1,1,26,0,Fully Furnished,6,0.9,Narrow Road,No,1560000,3200,Research-informed synthetic estimate
KHP100620,Wayanad,Meppadi,Semi-Urban,Apartment,1010,2,2,14,2,Unfurnished,0,18.0,Main Road,No,3310000,3300,Research-informed synthetic estimate
KHP100621,Kasaragod,Manjeshwar,Semi-Urban,Villa,1044,2,2,14,1,Fully Furnished,2,3.0,Main Road,No,4160000,3400,Research-informed synthetic estimate
KHP100622,Idukki,Adimali,Semi-Urban,Independent House,4025,6,5,24,0,Unfurnished,1,0.8,Main Road,Yes,11770000,3000,Research-informed synthetic estimate
KHP100623,Wayanad,Vythiri,Semi-Urban,Independent House,3738,6,5,12,0,Semi-Furnished,1,8.2,Narrow Road,No,15360000,4700,Research-informed synthetic estimate
KHP100624,Kannur,Thottada,Semi-Urban,Apartment,655,1,1,27,0,Semi-Furnished,3,7.1,Local Road,Yes,2180000,4200,Research-informed synthetic estimate
KHP100625,Kasaragod,Kasaragod Town,Urban,Apartment,1695,3,3,24,2,Unfurnished,4,3.6,Local Road,Yes,5710000,3600,Research-informed synthetic estimate
KHP100626,Kasaragod,Uppala,Semi-Urban,Independent House,2125,4,4,22,2,Unfurnished,2,1.1,Local Road,No,5980000,3000,Research-informed synthetic estimate
KHP100627,Ernakulam,Thevakkal,Semi-Urban,Independent House,769,1,1,0,1,Semi-Furnished,2,1.4,Main Road,No,4160000,5400,Research-informed synthetic estimate
KHP100628,Kozhikode,Vadakara,Semi-Urban,Villa,4006,6,5,20,0,Fully Furnished,1,3.9,Local Road,Yes,30800000,6800,Research-informed synthetic estimate
KHP100629,Wayanad,Meppadi,Semi-Urban,Apartment,2232,3,3,13,1,Fully Furnished,0,6.2,Local Road,No,8010000,3300,Research-informed synthetic estimate
KHP100630,Idukki,Kattappana,Semi-Urban,Apartment,3965,6,5,16,1,Semi-Furnished,6,2.4,Highway Access,No,15300000,3000,Research-informed synthetic estimate
KHP100631,Kozhikode,Puthiyangadi,Rural,Apartment,1672,4,4,29,3,Semi-Furnished,3,0.4,Local Road,No,10950000,7900,Research-informed synthetic estimate
KHP100632,Kollam,Kollam Town,Urban,Apartment,735,1,1,0,0,Unfurnished,5,12.7,Local Road,No,2900000,4800,Research-informed synthetic estimate
KHP100633,Kasaragod,Cheruvathur,Rural,Apartment,2479,4,4,10,3,Unfurnished,5,3.2,Local Road,Yes,6710000,2900,Research-informed synthetic estimate
KHP100634,Thiruvananthapuram,Attingal,Rural,Apartment,698,1,1,14,0,Semi-Furnished,6,8.2,Main Road,No,2140000,3900,Research-informed synthetic estimate
KHP100635,Thiruvananthapuram,Peroorkada,Semi-Urban,Independent House,2568,4,3,21,0,Fully Furnished,1,0.6,Highway Access,No,18030000,5900,Research-informed synthetic estimate
KHP100636,Kozhikode,Ramanattukara,Semi-Urban,Independent House,3534,5,5,4,0,Unfurnished,2,0.5,Highway Access,No,17090000,3900,Research-informed synthetic estimate
KHP100637,Palakkad,Ottapalam,Semi-Urban,Villa,3576,6,5,9,0,Unfurnished,2,5.1,Main Road,No,11950000,3200,Research-informed synthetic estimate
KHP100638,Idukki,Adimali,Semi-Urban,Villa,3055,4,4,19,1,Unfurnished,1,3.4,Local Road,Yes,8110000,3000,Research-informed synthetic estimate
KHP100639,Kottayam,Vaikom,Rural,Apartment,3076,5,5,25,2,Unfurnished,5,1.6,Main Road,No,10330000,3500,Research-informed synthetic estimate
KHP100640,Malappuram,Tirur,Rural,Independent House,1646,2,2,20,1,Unfurnished,1,1.3,Narrow Road,Yes,4050000,4200,Research-informed synthetic estimate
KHP100641,Kannur,Chala,Semi-Urban,Independent House,1387,2,2,15,3,Semi-Furnished,0,8.6,Local Road,No,4180000,3600,Research-informed synthetic estimate
KHP100642,Ernakulam,Vyttila,Urban,Independent House,2985,6,5,7,0,Semi-Furnished,0,1.2,Main Road,Yes,32160000,8000,Research-informed synthetic estimate
KHP100643,Thiruvananthapuram,Peroorkada,Semi-Urban,Independent House,1279,3,3,25,1,Fully Furnished,0,6.8,Local Road,No,6300000,5900,Research-informed synthetic estimate
KHP100644,Ernakulam,Muvattupuzha,Semi-Urban,Villa,2340,4,3,1,0,Unfurnished,0,2.3,Narrow Road,No,8300000,3700,Research-informed synthetic estimate
KHP100645,Kollam,Karunagappally,Semi-Urban,Independent House,4167,6,5,24,1,Semi-Furnished,1,4.5,Main Road,No,14760000,3800,Research-informed synthetic estimate
KHP100646,Wayanad,Ambalavayal,Rural,Independent House,2779,4,4,8,1,Fully Furnished,1,4.5,Narrow Road,No,6590000,3200,Research-informed synthetic estimate
KHP100647,Kannur,Mattannur,Semi-Urban,Independent House,1788,3,3,3,1,Semi-Furnished,1,4.5,Local Road,Yes,5950000,3400,Research-informed synthetic estimate
KHP100648,Kannur,Thottada,Semi-Urban,Apartment,4077,6,5,2,1,Fully Furnished,3,8.7,Narrow Road,No,17110000,4200,Research-informed synthetic estimate
KHP100649,Palakkad,Mannarkkad,Rural,Independent House,3423,6,5,21,1,Unfurnished,0,2.0,Narrow Road,No,6880000,2800,Research-informed synthetic estimate
KHP100650,Idukki,Nedumkandam,Rural,Independent House,1570,2,2,27,0,Fully Furnished,0,2.8,Local Road,No,3010000,2700,Research-informed synthetic estimate
KHP100651,Alappuzha,Chengannur,Semi-Urban,Independent House,3487,5,5,19,1,Semi-Furnished,1,2.7,Local Road,Yes,15270000,4300,Research-informed synthetic estimate
KHP100652,Wayanad,Panamaram,Rural,Villa,3688,6,5,27,1,Unfurnished,0,5.7,Local Road,No,9250000,2900,Research-informed synthetic estimate
KHP100653,Idukki,Kumily,Semi-Urban,Independent House,1199,1,1,10,2,Semi-Furnished,1,17.2,Local Road,No,3000000,3400,Research-informed synthetic estimate
KHP100654,Ernakulam,Kadavanthra,Urban,Residential Plot,3335,4,4,11,0,Semi-Furnished,0,2.5,Narrow Road,No,17350000,9000,Research-informed synthetic estimate
KHP100655,Palakkad,Ottapalam,Semi-Urban,Apartment,2109,4,4,0,0,Semi-Furnished,3,7.3,Local Road,No,7330000,3200,Research-informed synthetic estimate
KHP100656,Kasaragod,Hosdurg,Rural,Independent House,3110,5,5,19,1,Semi-Furnished,0,6.1,Local Road,Yes,8050000,3300,Research-informed synthetic estimate
KHP100657,Kasaragod,Kanhangad,Semi-Urban,Independent House,2822,4,4,23,0,Fully Furnished,2,3.2,Main Road,Yes,9860000,3500,Research-informed synthetic estimate
KHP100658,Malappuram,Parappanangadi,Rural,Apartment,914,2,2,11,0,Fully Furnished,6,5.5,Main Road,No,2920000,3600,Research-informed synthetic estimate
KHP100659,Kasaragod,Uppala,Rural,Independent House,3264,5,5,23,0,Semi-Furnished,1,12.1,Narrow Road,No,6260000,3000,Research-informed synthetic estimate
KHP100660,Kollam,Kollam Town,Urban,Residential Plot,3681,6,5,13,1,Semi-Furnished,0,5.7,Highway Access,No,18010000,4800,Research-informed synthetic estimate
KHP100661,Ernakulam,Vennala,Semi-Urban,Residential Plot,2662,4,4,1,1,Unfurnished,2,6.4,Local Road,Yes,16190000,7200,Research-informed synthetic estimate
KHP100662,Idukki,Painavu,Rural,Villa,697,1,1,27,3,Fully Furnished,1,6.2,Local Road,No,1490000,2600,Research-informed synthetic estimate
KHP100663,Pathanamthitta,Pathanamthitta Town,Semi-Urban,Apartment,734,1,1,24,1,Unfurnished,6,4.3,Main Road,No,2390000,3800,Research-informed synthetic estimate
KHP100664,Pathanamthitta,Mallappally,Semi-Urban,Villa,892,2,1,22,0,Unfurnished,1,7.9,Main Road,No,2280000,3000,Research-informed synthetic estimate
KHP100665,Kannur,Taliparamba,Semi-Urban,Independent House,3997,6,5,26,3,Semi-Furnished,0,2.2,Local Road,No,12940000,3500,Research-informed synthetic estimate
KHP100666,Kasaragod,Cheruvathur,Rural,Independent House,2313,4,3,25,3,Fully Furnished,0,15.2,Main Road,No,5480000,2900,Research-informed synthetic estimate
KHP100667,Ernakulam,Kalamassery,Rural,Independent House,3054,4,4,1,1,Semi-Furnished,0,4.6,Main Road,No,19540000,6000,Research-informed synthetic estimate
KHP100668,Thiruvananthapuram,Peroorkada,Semi-Urban,Independent House,3949,6,5,22,0,Fully Furnished,2,5.8,Main Road,Yes,25050000,5900,Research-informed synthetic estimate
KHP100669,Kasaragod,Bekal,Rural,Residential Plot,1555,2,2,14,1,Unfurnished,1,0.8,Local Road,No,4510000,4200,Research-informed synthetic estimate
KHP100670,Idukki,Kumily,Rural,Apartment,3047,4,4,3,1,Semi-Furnished,4,11.7,Narrow Road,Yes,8030000,3400,Research-informed synthetic estimate
KHP100671,Thrissur,Patturaikkal,Rural,Independent House,807,1,1,27,2,Unfurnished,2,2.9,Local Road,Yes,2640000,5600,Research-informed synthetic estimate
KHP100672,Kannur,Thottada,Semi-Urban,Independent House,2744,5,4,29,1,Semi-Furnished,1,11.2,Local Road,No,9380000,4200,Research-informed synthetic estimate
KHP100673,Ernakulam,Vennala,Rural,Independent House,1502,1,1,4,0,Fully Furnished,0,2.4,Local Road,Yes,9160000,7200,Research-informed synthetic estimate
KHP100674,Wayanad,Meppadi,Rural,Apartment,1583,3,3,1,0,Semi-Furnished,1,3.5,Local Road,No,4250000,3300,Research-informed synthetic estimate
KHP100675,Alappuzha,Kayamkulam,Semi-Urban,Villa,1483,3,3,16,1,Unfurnished,0,8.0,Narrow Road,No,3850000,3600,Research-informed synthetic estimate
KHP100676,Kannur,Sreekandapuram,Rural,Villa,1719,3,3,9,0,Unfurnished,1,2.2,Main Road,No,4570000,2900,Research-informed synthetic estimate
KHP100677,Alappuzha,Chengannur,Semi-Urban,Residential Plot,1915,3,3,17,2,Fully Furnished,1,4.9,Narrow Road,No,6420000,4300,Research-informed synthetic estimate
KHP100678,Malappuram,Ponnani,Semi-Urban,Independent House,2867,5,4,28,2,Unfurnished,2,8.6,Main Road,Yes,8000000,3500,Research-informed synthetic estimate
KHP100679,Kozhikode,Pantheerankavu,Semi-Urban,Independent House,3689,3,3,9,1,Semi-Furnished,0,6.0,Local Road,Yes,29330000,8500,Research-informed synthetic estimate
KHP100680,Kozhikode,Vadakara,Semi-Urban,Apartment,3485,6,5,6,2,Fully Furnished,0,11.5,Narrow Road,No,27850000,6800,Research-informed synthetic estimate
KHP100681,Ernakulam,Perumbavoor,Semi-Urban,Independent House,1871,3,3,28,3,Unfurnished,0,10.4,Local Road,No,4490000,3600,Research-informed synthetic estimate
KHP100682,Thiruvananthapuram,Kazhakoottam,Semi-Urban,Apartment,2872,4,4,21,0,Fully Furnished,6,5.6,Main Road,Yes,19190000,6800,Research-informed synthetic estimate
KHP100683,Palakkad,Olavakkode,Rural,Independent House,3705,6,5,17,1,Fully Furnished,1,0.4,Local Road,Yes,16590000,4100,Research-informed synthetic estimate
KHP100684,Thiruvananthapuram,Attingal,Semi-Urban,Independent House,3120,4,4,28,0,Semi-Furnished,1,4.6,Local Road,No,10260000,3900,Research-informed synthetic estimate
KHP100685,Malappuram,Malappuram Town,Urban,Independent House,1887,4,4,2,1,Unfurnished,1,6.0,Narrow Road,No,7390000,4400,Research-informed synthetic estimate
KHP100686,Ernakulam,Aluva,Semi-Urban,Independent House,4078,6,5,16,3,Semi-Furnished,2,2.2,Narrow Road,Yes,17600000,5000,Research-informed synthetic estimate
KHP100687,Thiruvananthapuram,Vazhuthacaud,Urban,Residential Plot,3880,4,4,5,1,Unfurnished,1,4.6,Main Road,Yes,30790000,7800,Research-informed synthetic estimate
KHP100688,Malappuram,Kottakkal,Semi-Urban,Independent House,2725,5,5,21,0,Unfurnished,1,1.7,Local Road,No,9730000,4400,Research-informed synthetic estimate
KHP100689,Alappuzha,Chengannur,Semi-Urban,Villa,1812,3,3,9,0,Semi-Furnished,2,8.7,Local Road,Yes,8530000,4300,Research-informed synthetic estimate
KHP100690,Palakkad,Pattambi,Rural,Residential Plot,1082,2,2,27,0,Semi-Furnished,2,7.3,Narrow Road,Yes,1880000,3000,Research-informed synthetic estimate
KHP100691,Kozhikode,Chevarambalam,Semi-Urban,Villa,3742,5,5,20,3,Fully Furnished,2,2.6,Main Road,No,30300000,6300,Research-informed synthetic estimate
KHP100692,Kozhikode,Mavoor Road,Urban,Independent House,1032,3,3,13,1,Fully Furnished,2,9.0,Narrow Road,No,5370000,6400,Research-informed synthetic estimate
KHP100693,Kozhikode,Vellayil,Semi-Urban,Villa,1575,1,1,23,2,Unfurnished,0,2.0,Local Road,No,9470000,7100,Research-informed synthetic estimate
KHP100694,Thrissur,Muthuvattoor,Semi-Urban,Apartment,2700,4,4,20,2,Semi-Furnished,1,1.2,Narrow Road,No,7900000,3500,Research-informed synthetic estimate
KHP100695,Kollam,Chathannoor,Rural,Independent House,3218,6,5,14,2,Semi-Furnished,0,1.4,Highway Access,No,13050000,3200,Research-informed synthetic estimate
KHP100696,Alappuzha,Alappuzha Beach,Rural,Independent House,1191,1,1,24,3,Semi-Furnished,0,2.1,Narrow Road,No,4770000,6800,Research-informed synthetic estimate
KHP100697,Idukki,Munnar,Rural,Independent House,3741,6,5,21,1,Semi-Furnished,0,14.9,Local Road,Yes,22420000,6500,Research-informed synthetic estimate
KHP100698,Thrissur,Chalakudy,Semi-Urban,Apartment,3264,5,4,1,2,Semi-Furnished,0,4.4,Local Road,No,13330000,3900,Research-informed synthetic estimate
KHP100699,Thiruvananthapuram,Kazhakoottam,Semi-Urban,Independent House,3257,5,5,22,2,Semi-Furnished,2,6.5,Main Road,No,21910000,6800,Research-informed synthetic estimate
KHP100700,Ernakulam,Perumbavoor,Semi-Urban,Independent House,3712,5,5,6,3,Semi-Furnished,1,4.3,Local Road,No,14200000,3600,Research-informed synthetic estimate
KHP100701,Malappuram,Tirur,Rural,Apartment,3726,5,5,9,1,Fully Furnished,6,10.6,Local Road,No,14820000,4200,Research-informed synthetic estimate
KHP100702,Wayanad,Vythiri,Semi-Urban,Residential Plot,1187,2,2,24,3,Semi-Furnished,1,2.5,Local Road,No,4490000,4700,Research-informed synthetic estimate
KHP100703,Pathanamthitta,Thiruvalla,Rural,Independent House,1749,3,3,21,1,Semi-Furnished,1,5.4,Local Road,No,5570000,4700,Research-informed synthetic estimate
KHP100704,Thrissur,Naikkanal,Semi-Urban,Apartment,675,1,1,27,0,Semi-Furnished,1,4.8,Local Road,No,2820000,5300,Research-informed synthetic estimate
KHP100705,Malappuram,Ponnani,Semi-Urban,Apartment,3784,6,5,26,0,Semi-Furnished,7,1.1,Local Road,No,12060000,3500,Research-informed synthetic estimate
KHP100706,Kasaragod,Kanhangad,Rural,Apartment,3909,6,5,5,2,Semi-Furnished,4,0.7,Main Road,No,16850000,3500,Research-informed synthetic estimate
KHP100707,Kottayam,Manarcadu,Rural,Residential Plot,1362,3,3,6,2,Fully Furnished,0,2.3,Narrow Road,No,3340000,3600,Research-informed synthetic estimate
KHP100708,Ernakulam,Thevakkal,Rural,Villa,2491,5,5,2,1,Unfurnished,1,2.6,Main Road,No,12530000,5400,Research-informed synthetic estimate
KHP100709,Kozhikode,Thondayad,Semi-Urban,Apartment,1216,3,3,23,2,Semi-Furnished,3,5.0,Main Road,Yes,6550000,5000,Research-informed synthetic estimate
KHP100710,Pathanamthitta,Ranni,Rural,Independent House,1761,1,1,18,1,Semi-Furnished,2,1.5,Highway Access,No,4010000,3000,Research-informed synthetic estimate
KHP100711,Malappuram,Kottakkal,Rural,Villa,2413,3,3,11,2,Unfurnished,2,2.7,Highway Access,No,9990000,4400,Research-informed synthetic estimate
KHP100712,Ernakulam,Kakkanad,Rural,Independent House,3311,6,5,20,1,Unfurnished,1,2.5,Local Road,No,18200000,6500,Research-informed synthetic estimate
KHP100713,Thrissur,Kuttanellur,Rural,Residential Plot,3080,6,5,0,2,Unfurnished,2,4.4,Highway Access,No,17430000,5500,Research-informed synthetic estimate
KHP100714,Kottayam,Pala,Semi-Urban,Residential Plot,1597,1,1,21,1,Unfurnished,1,5.0,Main Road,No,4240000,4200,Research-informed synthetic estimate
KHP100715,Ernakulam,Palarivattom,Urban,Independent House,3538,6,5,2,2,Semi-Furnished,2,0.6,Main Road,No,31220000,7500,Research-informed synthetic estimate
KHP100716,Pathanamthitta,Adoor,Semi-Urban,Apartment,1029,2,1,30,3,Semi-Furnished,1,3.9,Main Road,No,3740000,3900,Research-informed synthetic estimate
KHP100717,Ernakulam,Marine Drive,Urban,Residential Plot,3977,6,5,27,2,Unfurnished,1,2.0,Narrow Road,No,41030000,12500,Research-informed synthetic estimate
KHP100718,Pathanamthitta,Ranni,Rural,Villa,2582,3,3,23,3,Fully Furnished,2,5.8,Local Road,No,7260000,3000,Research-informed synthetic estimate
KHP100719,Thiruvananthapuram,Kazhakoottam,Rural,Residential Plot,1803,2,2,2,3,Semi-Furnished,0,3.9,Local Road,No,8070000,6800,Research-informed synthetic estimate
KHP100720,Palakkad,Pattambi,Semi-Urban,Independent House,2176,4,4,20,0,Semi-Furnished,1,5.3,Main Road,No,6590000,3000,Research-informed synthetic estimate
KHP100721,Palakkad,Mannarkkad,Rural,Apartment,3623,5,5,0,1,Semi-Furnished,4,2.3,Local Road,Yes,11950000,2800,Research-informed synthetic estimate
KHP100722,Kollam,Kottarakkara,Semi-Urban,Independent House,1772,2,2,13,2,Semi-Furnished,2,11.9,Main Road,No,5420000,3400,Research-informed synthetic estimate
KHP100723,Wayanad,Sulthan Bathery,Semi-Urban,Apartment,2102,3,2,14,0,Unfurnished,1,3.6,Highway Access,No,8110000,3900,Research-informed synthetic estimate
KHP100724,Idukki,Thodupuzha,Rural,Independent House,2923,4,4,1,2,Unfurnished,0,3.7,Main Road,No,10180000,3900,Research-informed synthetic estimate
KHP100725,Pathanamthitta,Ranni,Rural,Apartment,1422,2,2,15,0,Unfurnished,6,4.9,Local Road,Yes,3110000,3000,Research-informed synthetic estimate
KHP100726,Alappuzha,Ambalappuzha,Semi-Urban,Independent House,1768,3,3,15,1,Fully Furnished,2,2.1,Local Road,Yes,5890000,3400,Research-informed synthetic estimate
KHP100727,Idukki,Thodupuzha,Semi-Urban,Apartment,2437,4,4,5,0,Unfurnished,5,5.6,Narrow Road,No,8390000,3900,Research-informed synthetic estimate
KHP100728,Thrissur,Punkunnam,Semi-Urban,Independent House,1868,3,3,1,0,Unfurnished,2,6.6,Main Road,Yes,9180000,5500,Research-informed synthetic estimate
KHP100729,Ernakulam,Muvattupuzha,Rural,Villa,3080,5,5,28,1,Semi-Furnished,1,3.0,Main Road,Yes,12220000,3700,Research-informed synthetic estimate
KHP100730,Kozhikode,Nellikode,Semi-Urban,Apartment,3538,5,5,9,0,Unfurnished,2,1.1,Highway Access,No,19110000,4500,Research-informed synthetic estimate
KHP100731,Kollam,Karunagappally,Rural,Residential Plot,3025,3,3,22,1,Unfurnished,0,1.2,Narrow Road,No,7380000,3800,Research-informed synthetic estimate
KHP100732,Thrissur,Mannuthy,Semi-Urban,Residential Plot,3879,6,5,17,0,Semi-Furnished,0,1.5,Main Road,No,13600000,4000,Research-informed synthetic estimate
KHP100733,Palakkad,Shoranur,Semi-Urban,Independent House,2952,4,3,26,1,Semi-Furnished,2,12.7,Main Road,No,7630000,3100,Research-informed synthetic estimate
KHP100734,Idukki,Painavu,Rural,Apartment,1949,3,3,28,0,Semi-Furnished,2,3.6,Main Road,No,4320000,2600,Research-informed synthetic estimate
KHP100735,Thiruvananthapuram,Attingal,Semi-Urban,Independent House,1718,3,2,6,0,Fully Furnished,1,8.4,Local Road,No,6180000,3900,Research-informed synthetic estimate
KHP100736,Kottayam,Kanjirappally,Rural,Apartment,4038,6,5,0,2,Semi-Furnished,7,2.2,Local Road,No,14620000,3000,Research-informed synthetic estimate
KHP100737,Wayanad,Panamaram,Rural,Apartment,3676,6,5,1,0,Semi-Furnished,5,3.7,Local Road,No,13160000,2900,Research-informed synthetic estimate
KHP100738,Kottayam,Changanassery,Semi-Urban,Independent House,3568,5,5,9,2,Unfurnished,2,5.6,Main Road,Yes,14200000,4300,Research-informed synthetic estimate
KHP100739,Thrissur,Muthuvattoor,Rural,Apartment,2129,4,4,26,1,Unfurnished,4,4.9,Narrow Road,No,4330000,3500,Research-informed synthetic estimate
KHP100740,Alappuzha,Ambalappuzha,Semi-Urban,Apartment,2512,3,2,27,0,Unfurnished,2,7.6,Main Road,Yes,6710000,3400,Research-informed synthetic estimate
KHP100741,Kottayam,Vaikom,Semi-Urban,Independent House,1310,2,2,17,0,Unfurnished,2,10.5,Local Road,No,3460000,3500,Research-informed synthetic estimate
KHP100742,Kottayam,Changanassery,Semi-Urban,Residential Plot,2677,4,4,10,0,Fully Furnished,1,6.3,Main Road,No,9050000,4300,Research-informed synthetic estimate
KHP100743,Kasaragod,Cheruvathur,Rural,Independent House,2249,4,4,22,0,Unfurnished,2,4.4,Main Road,Yes,5460000,2900,Research-informed synthetic estimate
KHP100744,Kottayam,Kumarakom,Semi-Urban,Residential Plot,2297,4,4,12,1,Semi-Furnished,0,5.0,Main Road,No,15110000,6500,Research-informed synthetic estimate
KHP100745,Kannur,Kannur Town,Urban,Apartment,1127,3,3,28,1,Unfurnished,3,1.0,Local Road,No,4300000,4500,Research-informed synthetic estimate
KHP100746,Malappuram,Manjeri,Semi-Urban,Independent House,2528,4,4,2,1,Fully Furnished,1,13.6,Main Road,No,11350000,4300,Research-informed synthetic estimate
KHP100747,Ernakulam,Thrippunithura,Semi-Urban,Independent House,3084,5,4,14,1,Unfurnished,2,4.0,Main Road,No,18010000,6000,Research-informed synthetic estimate
KHP100748,Kozhikode,Cyberpark,Rural,Residential Plot,4009,6,5,8,0,Semi-Furnished,0,4.4,Main Road,Yes,17110000,5000,Research-informed synthetic estimate
KHP100749,Palakkad,Shoranur,Rural,Independent House,972,2,2,18,0,Unfurnished,2,6.3,Main Road,No,2090000,3100,Research-informed synthetic estimate
KHP100750,Kottayam,Vaikom,Rural,Independent House,979,1,1,2,0,Fully Furnished,1,5.3,Main Road,No,2790000,3500,Research-informed synthetic estimate
KHP100751,Kottayam,Kottayam Town,Urban,Residential Plot,3404,6,5,30,0,Semi-Furnished,0,10.5,Local Road,No,12800000,5200,Research-informed synthetic estimate
KHP100752,Wayanad,Meppadi,Semi-Urban,Residential Plot,2192,3,3,26,1,Semi-Furnished,2,2.7,Main Road,No,4450000,3300,Research-informed synthetic estimate
KHP100753,Kottayam,Kanjirappally,Rural,Independent House,3221,5,5,17,0,Semi-Furnished,2,1.7,Local Road,Yes,9090000,3000,Research-informed synthetic estimate
KHP100754,Thiruvananthapuram,Pattom,Urban,Villa,1292,2,1,25,0,Unfurnished,2,4.9,Local Road,No,7160000,7200,Research-informed synthetic estimate
KHP100755,Wayanad,Kalpetta,Semi-Urban,Apartment,711,2,2,1,1,Semi-Furnished,0,8.1,Local Road,No,2920000,4300,Research-informed synthetic estimate
KHP100756,Idukki,Kumily,Rural,Independent House,3251,6,5,24,2,Fully Furnished,0,1.1,Local Road,Yes,11020000,3400,Research-informed synthetic estimate
KHP100757,Thrissur,Kunnamkulam,Semi-Urban,Independent House,1490,2,2,7,2,Unfurnished,2,8.7,Narrow Road,No,3760000,3500,Research-informed synthetic estimate
KHP100758,Kollam,Kavanad,Rural,Independent House,3354,6,5,15,0,Semi-Furnished,1,2.4,Main Road,No,16350000,5000,Research-informed synthetic estimate
KHP100759,Kozhikode,Vellayil,Semi-Urban,Independent House,2225,4,4,28,3,Semi-Furnished,0,9.2,Main Road,No,14350000,7100,Research-informed synthetic estimate
KHP100760,Malappuram,Tirur,Semi-Urban,Villa,4184,6,5,5,1,Semi-Furnished,0,6.1,Local Road,No,17090000,4200,Research-informed synthetic estimate
KHP100761,Malappuram,Nilambur,Rural,Apartment,3575,4,4,6,2,Unfurnished,3,11.2,Local Road,No,10460000,3300,Research-informed synthetic estimate
KHP100762,Wayanad,Sulthan Bathery,Semi-Urban,Independent House,2087,3,2,20,0,Unfurnished,0,3.2,Local Road,Yes,6700000,3900,Research-informed synthetic estimate
KHP100763,Idukki,Nedumkandam,Rural,Residential Plot,3393,6,5,12,0,Unfurnished,1,2.5,Narrow Road,No,5940000,2700,Research-informed synthetic estimate
KHP100764,Thiruvananthapuram,Neyyattinkara,Semi-Urban,Independent House,3138,6,5,26,0,Semi-Furnished,2,16.5,Main Road,No,10040000,4200,Research-informed synthetic estimate
KHP100765,Ernakulam,Kadavanthra,Urban,Villa,2827,3,3,11,0,Unfurnished,2,5.4,Main Road,No,26290000,9000,Research-informed synthetic estimate
KHP100766,Alappuzha,Chengannur,Semi-Urban,Apartment,1665,3,3,29,2,Fully Furnished,7,2.0,Local Road,No,6470000,4300,Research-informed synthetic estimate
KHP100767,Alappuzha,Muhamma,Semi-Urban,Independent House,2240,5,5,10,0,Semi-Furnished,0,3.4,Main Road,No,8340000,4000,Research-informed synthetic estimate
KHP100768,Wayanad,Vythiri,Semi-Urban,Independent House,2546,4,3,0,3,Fully Furnished,2,6.6,Local Road,No,14150000,4700,Research-informed synthetic estimate
KHP100769,Idukki,Nedumkandam,Rural,Independent House,1541,3,3,14,1,Fully Furnished,1,1.2,Main Road,No,4050000,2700,Research-informed synthetic estimate
KHP100770,Wayanad,Ambalavayal,Semi-Urban,Independent House,1174,2,2,10,1,Semi-Furnished,0,17.7,Main Road,No,3690000,3200,Research-informed synthetic estimate
KHP100771,Kasaragod,Hosdurg,Rural,Independent House,1451,2,1,9,0,Semi-Furnished,2,6.1,Local Road,No,3110000,3300,Research-informed synthetic estimate
KHP100772,Malappuram,Kottakkal,Semi-Urban,Apartment,929,1,1,20,1,Unfurnished,3,4.8,Local Road,No,3200000,4400,Research-informed synthetic estimate
KHP100773,Thiruvananthapuram,Kazhakoottam,Semi-Urban,Apartment,3601,5,4,11,1,Unfurnished,3,1.9,Main Road,No,27580000,6800,Research-informed synthetic estimate
KHP100774,Wayanad,Vythiri,Semi-Urban,Independent House,1275,1,1,29,0,Semi-Furnished,0,11.7,Highway Access,No,4770000,4700,Research-informed synthetic estimate
KHP100775,Kottayam,Ettumanoor,Semi-Urban,Independent House,1843,2,2,26,2,Unfurnished,2,4.7,Main Road,No,6190000,3900,Research-informed synthetic estimate
KHP100776,Kollam,Kottarakkara,Rural,Independent House,3856,6,5,28,2,Semi-Furnished,0,11.0,Main Road,No,11760000,3400,Research-informed synthetic estimate
KHP100777,Thiruvananthapuram,Kowdiar,Urban,Independent House,3403,6,5,28,3,Semi-Furnished,0,1.0,Local Road,No,32360000,9000,Research-informed synthetic estimate
KHP100778,Alappuzha,Ambalappuzha,Semi-Urban,Villa,1945,2,2,14,0,Semi-Furnished,2,3.7,Main Road,No,6950000,3400,Research-informed synthetic estimate
KHP100779,Palakkad,Pattambi,Rural,Independent House,1752,3,3,1,0,Unfurnished,1,4.3,Narrow Road,No,3650000,3000,Research-informed synthetic estimate
KHP100780,Kottayam,Pala,Semi-Urban,Independent House,1368,3,2,19,3,Unfurnished,1,2.1,Narrow Road,No,4770000,4200,Research-informed synthetic estimate
KHP100781,Palakkad,Shoranur,Semi-Urban,Villa,911,2,2,23,1,Unfurnished,1,5.1,Main Road,No,2710000,3100,Research-informed synthetic estimate
KHP100782,Kannur,Mattannur,Semi-Urban,Apartment,1359,2,2,1,1,Semi-Furnished,5,0.4,Local Road,No,4360000,3400,Research-informed synthetic estimate
KHP100783,Ernakulam,Perumbavoor,Semi-Urban,Apartment,3610,5,5,12,1,Semi-Furnished,0,7.8,Main Road,Yes,14170000,3600,Research-informed synthetic estimate
KHP100784,Palakkad,Mannarkkad,Rural,Independent House,1140,1,1,12,3,Fully Furnished,1,3.0,Highway Access,Yes,3490000,2800,Research-informed synthetic estimate
KHP100785,Alappuzha,Kayamkulam,Rural,Residential Plot,896,1,1,23,0,Unfurnished,2,3.7,Local Road,No,1700000,3600,Research-informed synthetic estimate
KHP100786,Malappuram,Ponnani,Semi-Urban,Independent House,4129,6,5,12,0,Fully Furnished,0,5.3,Main Road,Yes,18650000,3500,Research-informed synthetic estimate
KHP100787,Wayanad,Ambalavayal,Semi-Urban,Apartment,4038,6,5,9,0,Unfurnished,3,3.2,Highway Access,No,17110000,3200,Research-informed synthetic estimate
KHP100788,Kannur,Taliparamba,Rural,Independent House,2492,3,3,25,1,Semi-Furnished,2,3.6,Main Road,No,7030000,3500,Research-informed synthetic estimate
KHP100789,Malappuram,Ponnani,Semi-Urban,Apartment,3880,6,5,0,1,Unfurnished,7,3.4,Main Road,Yes,18640000,3500,Research-informed synthetic estimate
KHP100790,Palakkad,Ottapalam,Semi-Urban,Independent House,3289,5,5,13,3,Unfurnished,0,5.2,Main Road,No,11240000,3200,Research-informed synthetic estimate
KHP100791,Kozhikode,Chevayur,Semi-Urban,Independent House,2104,3,3,8,2,Unfurnished,1,4.9,Main Road,No,9450000,4700,Research-informed synthetic estimate
KHP100792,Kollam,Chinnakada,Urban,Villa,1688,4,4,0,1,Semi-Furnished,1,7.4,Highway Access,No,11220000,5000,Research-informed synthetic estimate
KHP100793,Thiruvananthapuram,Kazhakkoottam,Semi-Urban,Apartment,2203,4,4,6,0,Semi-Furnished,4,6.4,Narrow Road,Yes,14540000,6800,Research-informed synthetic estimate
KHP100794,Kottayam,Kanjirappally,Rural,Independent House,904,2,2,8,2,Unfurnished,2,4.2,Main Road,Yes,2370000,3000,Research-informed synthetic estimate
KHP100795,Kasaragod,Cheruvathur,Rural,Independent House,1535,2,2,11,2,Semi-Furnished,0,3.9,Local Road,Yes,3920000,2900,Research-informed synthetic estimate
KHP100796,Kozhikode,Thondayad,Semi-Urban,Independent House,1874,4,4,22,1,Fully Furnished,0,3.3,Main Road,Yes,11860000,5000,Research-informed synthetic estimate
KHP100797,Alappuzha,Alappuzha Town,Urban,Independent House,3672,5,5,29,0,Fully Furnished,2,8.4,Local Road,No,20310000,6000,Research-informed synthetic estimate
KHP100798,Kasaragod,Kasaragod Town,Urban,Apartment,1458,3,3,30,0,Unfurnished,3,3.0,Local Road,No,4270000,3600,Research-informed synthetic estimate
KHP100799,Kasaragod,Hosdurg,Semi-Urban,Apartment,1000,2,1,23,0,Unfurnished,1,4.8,Local Road,Yes,2600000,3300,Research-informed synthetic estimate
KHP100800,Kollam,Karunagappally,Semi-Urban,Independent House,2435,4,4,18,3,Semi-Furnished,2,9.2,Local Road,No,7350000,3800,Research-informed synthetic estimate
KHP100801,Thrissur,Muthuvattoor,Semi-Urban,Residential Plot,2885,3,3,1,1,Unfurnished,1,4.2,Highway Access,No,10670000,3500,Research-informed synthetic estimate
KHP100802,Kasaragod,Hosdurg,Semi-Urban,Independent House,1743,3,2,13,0,Unfurnished,2,4.0,Local Road,Yes,4300000,3300,Research-informed synthetic estimate
KHP100803,Kozhikode,Ramanattukara,Semi-Urban,Apartment,1915,3,3,30,2,Unfurnished,4,2.7,Main Road,No,6300000,3900,Research-informed synthetic estimate
KHP100804,Idukki,Kumily,Semi-Urban,Independent House,3355,6,5,20,0,Semi-Furnished,0,16.0,Highway Access,No,11180000,3400,Research-informed synthetic estimate
KHP100805,Alappuzha,Ambalappuzha,Semi-Urban,Independent House,1296,1,1,23,1,Unfurnished,0,13.7,Narrow Road,No,2500000,3400,Research-informed synthetic estimate
KHP100806,Kottayam,Kottayam Town,Urban,Independent House,3790,6,5,24,0,Unfurnished,2,2.9,Narrow Road,No,17140000,5200,Research-informed synthetic estimate
KHP100807,Palakkad,Chittur,Semi-Urban,Independent House,2873,5,4,8,2,Unfurnished,0,4.9,Main Road,No,10280000,2900,Research-informed synthetic estimate
KHP100808,Thrissur,Ollur,Semi-Urban,Independent House,3603,6,5,0,0,Semi-Furnished,2,1.6,Local Road,No,36800000,9000,Research-informed synthetic estimate
KHP100809,Wayanad,Kalpetta,Semi-Urban,Independent House,1959,3,3,29,2,Unfurnished,2,1.7,Local Road,No,6750000,4300,Research-informed synthetic estimate
KHP100810,Pathanamthitta,Pathanamthitta Town,Semi-Urban,Independent House,759,2,2,15,1,Unfurnished,1,3.8,Local Road,Yes,2580000,3800,Research-informed synthetic estimate
KHP100811,Ernakulam,Vyttila,Urban,Independent House,3530,6,5,6,0,Semi-Furnished,1,7.4,Narrow Road,No,29010000,8000,Research-informed synthetic estimate
KHP100812,Wayanad,Ambalavayal,Rural,Independent House,3846,6,5,25,0,Unfurnished,1,1.6,Local Road,Yes,9220000,3200,Research-informed synthetic estimate
KHP100813,Idukki,Adimali,Rural,Independent House,1719,2,2,25,1,Semi-Furnished,1,4.2,Main Road,No,3540000,3000,Research-informed synthetic estimate
KHP100814,Thiruvananthapuram,Sreekaryam,Semi-Urban,Independent House,1052,2,1,4,0,Semi-Furnished,0,3.6,Local Road,No,6030000,6200,Research-informed synthetic estimate
KHP100815,Thiruvananthapuram,Sreekaryam,Rural,Independent House,1996,3,3,3,1,Unfurnished,2,8.4,Main Road,Yes,10480000,6200,Research-informed synthetic estimate
KHP100816,Alappuzha,Cherthala,Rural,Residential Plot,790,1,1,17,0,Semi-Furnished,2,2.3,Main Road,No,2650000,4700,Research-informed synthetic estimate
KHP100817,Thrissur,Kunnamkulam,Semi-Urban,Independent House,3808,6,5,6,0,Unfurnished,0,0.3,Narrow Road,No,11990000,3500,Research-informed synthetic estimate
KHP100818,Alappuzha,Alappuzha Beach,Semi-Urban,Independent House,1746,3,3,24,1,Unfurnished,0,1.2,Local Road,No,7970000,6800,Research-informed synthetic estimate
KHP100819,Kollam,Kavanad,Rural,Residential Plot,3809,5,5,27,0,Fully Furnished,0,1.2,Local Road,No,14540000,5000,Research-informed synthetic estimate
KHP100820,Thiruvananthapuram,Kazhakoottam,Semi-Urban,Independent House,1105,3,3,28,2,Unfurnished,2,5.5,Highway Access,No,6790000,6800,Research-informed synthetic estimate
KHP100821,Wayanad,Ambalavayal,Semi-Urban,Residential Plot,4080,6,5,14,1,Unfurnished,2,5.8,Main Road,No,12610000,3200,Research-informed synthetic estimate
KHP100822,Kasaragod,Hosdurg,Semi-Urban,Residential Plot,2222,4,4,0,1,Semi-Furnished,1,8.7,Main Road,No,6670000,3300,Research-informed synthetic estimate
KHP100823,Wayanad,Panamaram,Rural,Villa,1424,1,1,18,0,Fully Furnished,1,5.0,Main Road,No,3890000,2900,Research-informed synthetic estimate
KHP100824,Kannur,Iritty,Rural,Independent House,1238,2,2,18,1,Semi-Furnished,2,6.6,Local Road,No,2530000,2800,Research-informed synthetic estimate
KHP100825,Ernakulam,Pallikkara,Semi-Urban,Apartment,1703,2,2,28,1,Semi-Furnished,3,1.8,Main Road,No,7360000,4600,Research-informed synthetic estimate
KHP100826,Kollam,Paravur,Rural,Independent House,849,1,1,12,0,Unfurnished,0,3.3,Local Road,No,2190000,3600,Research-informed synthetic estimate
KHP100827,Thiruvananthapuram,Technopark,Semi-Urban,Villa,1540,2,2,0,1,Unfurnished,2,0.5,Narrow Road,No,10900000,7000,Research-informed synthetic estimate
KHP100828,Alappuzha,Alappuzha Beach,Rural,Residential Plot,3826,6,5,22,2,Unfurnished,0,5.7,Main Road,Yes,23140000,6800,Research-informed synthetic estimate
KHP100829,Kannur,Thottada,Rural,Villa,2160,3,3,30,2,Unfurnished,2,1.7,Narrow Road,Yes,6010000,4200,Research-informed synthetic estimate
KHP100830,Palakkad,Ottapalam,Semi-Urban,Villa,2146,4,3,26,1,Unfurnished,2,6.0,Narrow Road,Yes,5640000,3200,Research-informed synthetic estimate
KHP100831,Alappuzha,Muhamma,Rural,Villa,2890,5,5,15,2,Semi-Furnished,1,2.2,Main Road,No,11870000,4000,Research-informed synthetic estimate
KHP100832,Alappuzha,Ambalappuzha,Semi-Urban,Independent House,1468,2,2,28,1,Fully Furnished,2,8.3,Narrow Road,Yes,3440000,3400,Research-informed synthetic estimate
KHP100833,Thiruvananthapuram,Pattom,Urban,Villa,4036,6,5,11,3,Semi-Furnished,0,0.9,Local Road,No,33300000,7200,Research-informed synthetic estimate
KHP100834,Kozhikode,Pantheerankavu,Semi-Urban,Independent House,2083,3,3,20,1,Fully Furnished,2,1.1,Local Road,No,18200000,8500,Research-informed synthetic estimate
KHP100835,Kozhikode,Karaparamba,Rural,Independent House,3105,5,5,15,1,Semi-Furnished,1,3.6,Main Road,No,12280000,4000,Research-informed synthetic estimate
KHP100836,Thiruvananthapuram,Technopark,Rural,Villa,1651,4,3,15,0,Fully Furnished,2,5.9,Highway Access,No,12420000,7000,Research-informed synthetic estimate
KHP100837,Alappuzha,Alappuzha Beach,Semi-Urban,Villa,3251,5,5,13,1,Unfurnished,2,4.1,Main Road,No,25670000,6800,Research-informed synthetic estimate
KHP100838,Palakkad,Mannarkkad,Rural,Residential Plot,2732,4,4,24,2,Semi-Furnished,0,3.7,Local Road,Yes,5130000,2800,Research-informed synthetic estimate
KHP100839,Ernakulam,Pallikkara,Semi-Urban,Apartment,2167,3,3,20,2,Unfurnished,1,2.3,Local Road,No,8650000,4600,Research-informed synthetic estimate
KHP100840,Kasaragod,Bekal,Semi-Urban,Apartment,758,1,1,26,1,Fully Furnished,2,5.3,Narrow Road,No,2670000,4200,Research-informed synthetic estimate
KHP100841,Kasaragod,Kanhangad,Semi-Urban,Independent House,3348,6,5,7,1,Fully Furnished,1,2.9,Main Road,No,13670000,3500,Research-informed synthetic estimate
KHP100842,Wayanad,Panamaram,Rural,Apartment,3031,5,5,24,0,Semi-Furnished,4,1.8,Highway Access,Yes,10230000,2900,Research-informed synthetic estimate
KHP100843,Pathanamthitta,Pathanamthitta Town,Semi-Urban,Independent House,1990,2,2,24,1,Unfurnished,1,2.4,Local Road,No,5780000,3800,Research-informed synthetic estimate
KHP100844,Idukki,Nedumkandam,Rural,Independent House,2114,2,2,10,0,Semi-Furnished,1,4.7,Main Road,No,4940000,2700,Research-informed synthetic estimate
KHP100845,Idukki,Kumily,Semi-Urban,Independent House,1180,1,1,0,2,Unfurnished,1,5.1,Local Road,No,3110000,3400,Research-informed synthetic estimate
KHP100846,Ernakulam,Chottanikkara,Semi-Urban,Villa,1627,2,2,23,3,Unfurnished,2,3.3,Main Road,No,5970000,4200,Research-informed synthetic estimate
KHP100847,Thrissur,Kodungallur,Semi-Urban,Apartment,3205,4,4,7,2,Unfurnished,5,0.7,Main Road,No,12760000,3600,Research-informed synthetic estimate
KHP100848,Pathanamthitta,Adoor,Rural,Independent House,2608,3,3,14,1,Fully Furnished,1,5.1,Local Road,Yes,8850000,3900,Research-informed synthetic estimate
KHP100849,Kottayam,Kottayam Town,Urban,Residential Plot,1107,1,1,19,0,Unfurnished,0,8.6,Local Road,No,4360000,5200,Research-informed synthetic estimate
KHP100850,Kannur,Thottada,Semi-Urban,Apartment,3193,5,5,22,1,Semi-Furnished,1,1.0,Local Road,No,13570000,4200,Research-informed synthetic estimate
KHP100851,Thrissur,Thrissur Town,Urban,Villa,843,2,2,10,0,Fully Furnished,2,1.9,Narrow Road,Yes,4310000,5000,Research-informed synthetic estimate
KHP100852,Kasaragod,Kasaragod Town,Urban,Independent House,3378,6,5,28,2,Unfurnished,0,1.3,Main Road,No,11520000,3600,Research-informed synthetic estimate
KHP100853,Wayanad,Sulthan Bathery,Semi-Urban,Residential Plot,2343,4,4,24,2,Unfurnished,2,0.3,Local Road,No,4860000,3900,Research-informed synthetic estimate
KHP100854,Thiruvananthapuram,Vazhuthacaud,Urban,Independent House,679,1,1,16,1,Semi-Furnished,1,4.9,Local Road,No,4810000,7800,Research-informed synthetic estimate
KHP100855,Thiruvananthapuram,Peroorkada,Semi-Urban,Apartment,1763,3,3,10,2,Unfurnished,6,8.7,Main Road,No,8910000,5900,Research-informed synthetic estimate
KHP100856,Kollam,Asramam,Rural,Villa,4140,6,5,23,2,Unfurnished,2,4.4,Main Road,Yes,22650000,5200,Research-informed synthetic estimate
KHP100857,Kasaragod,Nileshwar,Semi-Urban,Residential Plot,2914,5,5,1,1,Fully Furnished,0,0.5,Main Road,No,10700000,3200,Research-informed synthetic estimate
KHP100858,Idukki,Nedumkandam,Rural,Independent House,1058,3,3,7,1,Fully Furnished,1,4.3,Local Road,No,2740000,2700,Research-informed synthetic estimate
KHP100859,Thiruvananthapuram,Kesavadasapuram,Semi-Urban,Residential Plot,1091,1,1,26,1,Semi-Furnished,1,5.8,Local Road,No,5100000,7000,Research-informed synthetic estimate
KHP100860,Malappuram,Perinthalmanna,Semi-Urban,Apartment,2976,5,5,25,2,Semi-Furnished,6,4.6,Local Road,No,12640000,4500,Research-informed synthetic estimate
KHP100861,Kottayam,Ettumanoor,Semi-Urban,Villa,2470,4,4,18,0,Semi-Furnished,0,5.5,Local Road,Yes,9340000,3900,Research-informed synthetic estimate
KHP100862,Malappuram,Kottakkal,Rural,Residential Plot,4081,6,5,16,1,Fully Furnished,0,0.9,Main Road,No,18510000,4400,Research-informed synthetic estimate
KHP100863,Thiruvananthapuram,Nedumangad,Semi-Urban,Residential Plot,1231,2,2,28,1,Unfurnished,2,2.3,Main Road,No,2290000,3600,Research-informed synthetic estimate
KHP100864,Pathanamthitta,Pandalam,Rural,Independent House,3636,6,5,14,1,Semi-Furnished,2,2.5,Main Road,No,13100000,3400,Research-informed synthetic estimate
KHP100865,Alappuzha,Cherthala,Semi-Urban,Independent House,1522,3,3,2,0,Unfurnished,1,3.5,Main Road,No,7080000,4700,Research-informed synthetic estimate
KHP100866,Kollam,Punalur,Rural,Apartment,1631,3,2,20,2,Semi-Furnished,2,4.0,Main Road,Yes,4270000,3000,Research-informed synthetic estimate
KHP100867,Thrissur,Mannuthy,Semi-Urban,Independent House,3197,5,5,8,0,Unfurnished,1,3.0,Narrow Road,No,11260000,4000,Research-informed synthetic estimate
KHP100868,Wayanad,Meppadi,Semi-Urban,Villa,1577,2,1,18,0,Unfurnished,1,6.9,Main Road,No,4560000,3300,Research-informed synthetic estimate
KHP100869,Kottayam,Pala,Semi-Urban,Residential Plot,3353,6,5,14,1,Semi-Furnished,1,1.6,Main Road,No,13580000,4200,Research-informed synthetic estimate
KHP100870,Ernakulam,Aluva,Semi-Urban,Apartment,2028,1,1,6,2,Fully Furnished,4,2.5,Local Road,No,9220000,5000,Research-informed synthetic estimate
KHP100871,Kottayam,Ettumanoor,Rural,Apartment,2074,2,2,5,2,Semi-Furnished,4,4.0,Narrow Road,No,6160000,3900,Research-informed synthetic estimate
KHP100872,Idukki,Thodupuzha,Semi-Urban,Independent House,3879,6,5,6,0,Unfurnished,1,6.6,Local Road,No,15900000,3900,Research-informed synthetic estimate
KHP100873,Alappuzha,Haripad,Semi-Urban,Apartment,2903,5,5,21,1,Semi-Furnished,7,3.8,Main Road,No,9450000,3200,Research-informed synthetic estimate
KHP100874,Malappuram,Kottakkal,Semi-Urban,Villa,2967,5,5,2,1,Unfurnished,0,5.6,Local Road,No,14140000,4400,Research-informed synthetic estimate
KHP100875,Kannur,Chala,Semi-Urban,Independent House,3920,6,5,7,1,Unfurnished,1,5.2,Narrow Road,No,12680000,3600,Research-informed synthetic estimate
KHP100876,Kottayam,Kanjirappally,Rural,Independent House,2378,3,3,11,1,Semi-Furnished,1,5.8,Narrow Road,Yes,5540000,3000,Research-informed synthetic estimate
KHP100877,Kottayam,Pala,Rural,Apartment,1154,2,2,7,1,Semi-Furnished,6,2.0,Local Road,No,4090000,4200,Research-informed synthetic estimate
KHP100878,Malappuram,Nilambur,Semi-Urban,Villa,1050,3,3,24,0,Semi-Furnished,1,7.6,Main Road,Yes,3260000,3300,Research-informed synthetic estimate
KHP100879,Pathanamthitta,Ranni,Rural,Villa,2083,4,3,2,3,Fully Furnished,0,2.4,Main Road,No,8610000,3000,Research-informed synthetic estimate
KHP100880,Wayanad,Vythiri,Semi-Urban,Villa,3220,5,5,19,2,Unfurnished,1,7.3,Local Road,No,15160000,4700,Research-informed synthetic estimate
KHP100881,Wayanad,Mananthavady,Semi-Urban,Villa,1620,2,1,3,1,Unfurnished,0,3.1,Local Road,Yes,5190000,3400,Research-informed synthetic estimate
KHP100882,Idukki,Kumily,Rural,Independent House,3170,5,5,7,2,Semi-Furnished,1,3.2,Main Road,Yes,12570000,3400,Research-informed synthetic estimate
KHP100883,Wayanad,Meppadi,Semi-Urban,Apartment,2690,5,4,5,3,Semi-Furnished,1,6.3,Narrow Road,No,8990000,3300,Research-informed synthetic estimate
KHP100884,Pathanamthitta,Mallappally,Semi-Urban,Apartment,3186,5,5,15,2,Unfurnished,5,6.8,Highway Access,Yes,10950000,3000,Research-informed synthetic estimate
KHP100885,Thrissur,Koorkenchery,Semi-Urban,Apartment,3956,6,5,21,2,Semi-Furnished,6,6.7,Local Road,No,25330000,6500,Research-informed synthetic estimate
KHP100886,Thiruvananthapuram,Kowdiar,Urban,Independent House,2491,3,3,23,1,Unfurnished,2,3.9,Narrow Road,No,16460000,9000,Research-informed synthetic estimate
KHP100887,Kottayam,Manarcadu,Semi-Urban,Independent House,3710,6,5,26,0,Semi-Furnished,0,4.1,Main Road,No,12430000,3600,Research-informed synthetic estimate
KHP100888,Kannur,Iritty,Rural,Residential Plot,3461,5,4,10,2,Semi-Furnished,2,13.0,Main Road,No,7240000,2800,Research-informed synthetic estimate
KHP100889,Kottayam,Kottayam Town,Urban,Independent House,2439,4,3,28,3,Semi-Furnished,1,3.1,Highway Access,Yes,13460000,5200,Research-informed synthetic estimate
KHP100890,Palakkad,Chittur,Semi-Urban,Apartment,4147,6,5,15,0,Unfurnished,7,3.8,Main Road,No,12060000,2900,Research-informed synthetic estimate
KHP100891,Kollam,Kottarakkara,Semi-Urban,Independent House,713,2,2,20,0,Unfurnished,0,8.5,Main Road,No,1750000,3400,Research-informed synthetic estimate
KHP100892,Kannur,Chala,Semi-Urban,Independent House,961,2,2,18,3,Semi-Furnished,0,4.9,Local Road,No,2760000,3600,Research-informed synthetic estimate
KHP100893,Thiruvananthapuram,Technopark,Semi-Urban,Apartment,3851,6,5,10,2,Unfurnished,5,7.5,Main Road,No,29420000,7000,Research-informed synthetic estimate
KHP100894,Kannur,Mattannur,Semi-Urban,Independent House,1592,3,3,12,2,Unfurnished,2,4.2,Main Road,Yes,5870000,3400,Research-informed synthetic estimate
KHP100895,Idukki,Munnar,Semi-Urban,Independent House,3662,6,5,12,0,Unfurnished,2,0.5,Main Road,No,27960000,6500,Research-informed synthetic estimate
KHP100896,Thrissur,Koorkenchery,Semi-Urban,Residential Plot,3783,5,5,13,0,Fully Furnished,1,7.5,Highway Access,Yes,26160000,6500,Research-informed synthetic estimate
KHP100897,Alappuzha,Haripad,Semi-Urban,Apartment,3720,6,5,23,1,Semi-Furnished,7,3.4,Main Road,No,12610000,3200,Research-informed synthetic estimate
KHP100898,Malappuram,Perinthalmanna,Semi-Urban,Independent House,3481,6,5,15,2,Semi-Furnished,1,4.9,Local Road,Yes,16260000,4500,Research-informed synthetic estimate
KHP100899,Kollam,Paravur,Rural,Independent House,1344,3,3,27,3,Unfurnished,1,2.0,Narrow Road,Yes,3410000,3600,Research-informed synthetic estimate
KHP100900,Kasaragod,Bekal,Semi-Urban,Residential Plot,2560,3,3,10,2,Fully Furnished,2,1.6,Main Road,No,11280000,4200,Research-informed synthetic estimate
KHP100901,Kollam,Karunagappally,Semi-Urban,Apartment,3727,6,5,22,1,Fully Furnished,4,4.9,Main Road,No,16580000,3800,Research-informed synthetic estimate
KHP100902,Wayanad,Panamaram,Rural,Apartment,3837,6,5,12,2,Semi-Furnished,0,1.7,Narrow Road,No,11930000,2900,Research-informed synthetic estimate
KHP100903,Kottayam,Changanassery,Semi-Urban,Villa,1144,1,1,1,0,Semi-Furnished,2,4.0,Local Road,Yes,5540000,4300,Research-informed synthetic estimate
KHP100904,Ernakulam,Kadavanthra,Urban,Independent House,3219,4,4,19,3,Semi-Furnished,0,2.2,Narrow Road,No,25350000,9000,Research-informed synthetic estimate
KHP100905,Wayanad,Kalpetta,Rural,Independent House,908,1,1,18,2,Unfurnished,1,5.7,Local Road,No,2250000,4300,Research-informed synthetic estimate
KHP100906,Thrissur,Irinjalakuda,Semi-Urban,Independent House,981,1,1,11,0,Fully Furnished,2,9.2,Main Road,Yes,3420000,3400,Research-informed synthetic estimate
KHP100907,Malappuram,Kottakkal,Rural,Independent House,4165,5,5,0,0,Unfurnished,2,3.6,Narrow Road,No,13890000,4400,Research-informed synthetic estimate
KHP100908,Ernakulam,Kakkanad,Rural,Apartment,3266,5,5,18,3,Semi-Furnished,7,3.3,Local Road,Yes,21670000,6500,Research-informed synthetic estimate
KHP100909,Kasaragod,Hosdurg,Rural,Apartment,855,1,1,27,1,Fully Furnished,0,2.3,Narrow Road,No,1850000,3300,Research-informed synthetic estimate
KHP100910,Thiruvananthapuram,Sreekaryam,Rural,Residential Plot,1382,2,2,11,0,Semi-Furnished,1,11.7,Highway Access,No,5450000,6200,Research-informed synthetic estimate
KHP100911,Alappuzha,Muhamma,Semi-Urban,Independent House,1400,3,3,23,1,Fully Furnished,2,6.8,Main Road,No,4960000,4000,Research-informed synthetic estimate
KHP100912,Ernakulam,Chottanikkara,Semi-Urban,Independent House,2352,3,3,24,2,Semi-Furnished,1,6.8,Main Road,No,8160000,4200,Research-informed synthetic estimate
KHP100913,Idukki,Painavu,Rural,Residential Plot,3282,6,5,4,2,Semi-Furnished,2,9.1,Main Road,No,8690000,2600,Research-informed synthetic estimate
KHP100914,Kozhikode,Koyilandy,Semi-Urban,Residential Plot,2782,3,2,20,3,Unfurnished,1,1.9,Main Road,No,8770000,4100,Research-informed synthetic estimate
KHP100915,Kasaragod,Bekal,Semi-Urban,Apartment,4091,6,5,6,1,Semi-Furnished,2,4.6,Local Road,Yes,20490000,4200,Research-informed synthetic estimate
KHP100916,Alappuzha,Alappuzha Town,Urban,Independent House,2580,4,4,16,1,Unfurnished,0,0.9,Local Road,No,15550000,6000,Research-informed synthetic estimate
KHP100917,Kollam,Chinnakada,Urban,Villa,692,3,3,25,0,Semi-Furnished,2,6.8,Main Road,No,3280000,5000,Research-informed synthetic estimate
KHP100918,Kottayam,Vaikom,Semi-Urban,Residential Plot,2744,5,5,29,1,Semi-Furnished,2,1.7,Local Road,No,7610000,3500,Research-informed synthetic estimate
KHP100919,Kasaragod,Kanhangad,Semi-Urban,Residential Plot,2292,3,3,7,2,Unfurnished,2,6.1,Local Road,Yes,6200000,3500,Research-informed synthetic estimate
KHP100920,Idukki,Painavu,Rural,Apartment,3957,5,5,12,0,Semi-Furnished,1,4.8,Local Road,No,10520000,2600,Research-informed synthetic estimate
KHP100921,Kottayam,Pala,Semi-Urban,Villa,849,1,1,11,1,Semi-Furnished,0,1.9,Local Road,No,2760000,4200,Research-informed synthetic estimate
KHP100922,Malappuram,Tirur,Semi-Urban,Villa,4027,6,5,10,0,Semi-Furnished,1,4.3,Narrow Road,No,16300000,4200,Research-informed synthetic estimate
KHP100923,Wayanad,Panamaram,Rural,Apartment,1985,4,4,16,0,Unfurnished,5,1.4,Main Road,No,4680000,2900,Research-informed synthetic estimate
KHP100924,Alappuzha,Kayamkulam,Semi-Urban,Independent House,2220,2,2,18,1,Semi-Furnished,2,4.3,Local Road,Yes,6760000,3600,Research-informed synthetic estimate
KHP100925,Palakkad,Shoranur,Semi-Urban,Independent House,2656,4,4,8,0,Fully Furnished,0,3.7,Local Road,No,8570000,3100,Research-informed synthetic estimate
KHP100926,Kottayam,Ettumanoor,Semi-Urban,Apartment,3334,5,5,13,2,Semi-Furnished,5,6.0,Local Road,No,12730000,3900,Research-informed synthetic estimate
KHP100927,Kozhikode,Chevayur,Semi-Urban,Residential Plot,1786,4,4,24,2,Semi-Furnished,1,1.7,Main Road,No,6600000,4700,Research-informed synthetic estimate
KHP100928,Malappuram,Kondotty,Semi-Urban,Independent House,4071,6,5,3,2,Unfurnished,0,2.0,Main Road,No,19720000,4300,Research-informed synthetic estimate
KHP100929,Alappuzha,Haripad,Semi-Urban,Independent House,2927,4,4,1,0,Semi-Furnished,2,4.0,Local Road,Yes,9600000,3200,Research-informed synthetic estimate
KHP100930,Thiruvananthapuram,Peroorkada,Rural,Independent House,1632,3,3,15,3,Semi-Furnished,1,12.4,Local Road,Yes,7490000,5900,Research-informed synthetic estimate
KHP100931,Kollam,Chathannoor,Semi-Urban,Residential Plot,1045,1,1,12,1,Semi-Furnished,1,7.1,Narrow Road,Yes,2090000,3200,Research-informed synthetic estimate
KHP100932,Kozhikode,Thondayad,Rural,Independent House,2188,3,3,20,1,Unfurnished,0,8.2,Local Road,No,7050000,5000,Research-informed synthetic estimate
KHP100933,Kannur,Sreekandapuram,Rural,Apartment,1694,3,3,5,1,Fully Furnished,3,0.9,Local Road,No,4680000,2900,Research-informed synthetic estimate
KHP100934,Thrissur,Punkunnam,Semi-Urban,Independent House,2243,4,3,8,2,Semi-Furnished,0,5.6,Narrow Road,Yes,12610000,5500,Research-informed synthetic estimate
KHP100935,Idukki,Kumily,Semi-Urban,Villa,3370,5,4,11,1,Unfurnished,2,2.0,Highway Access,No,14380000,3400,Research-informed synthetic estimate
KHP100936,Palakkad,Pattambi,Rural,Residential Plot,2169,2,2,30,1,Unfurnished,1,7.3,Local Road,No,3290000,3000,Research-informed synthetic estimate
KHP100937,Malappuram,Kottakkal,Semi-Urban,Independent House,4061,5,4,26,3,Unfurnished,1,0.6,Local Road,No,15180000,4400,Research-informed synthetic estimate
KHP100938,Kollam,Kottarakkara,Semi-Urban,Independent House,3625,6,5,26,0,Fully Furnished,2,5.3,Local Road,No,10810000,3400,Research-informed synthetic estimate
KHP100939,Kollam,Punalur,Semi-Urban,Apartment,3220,4,3,14,2,Unfurnished,0,15.2,Main Road,No,8880000,3000,Research-informed synthetic estimate
KHP100940,Kollam,Kavanad,Semi-Urban,Independent House,1388,2,2,28,0,Semi-Furnished,1,5.6,Narrow Road,No,4360000,5000,Research-informed synthetic estimate
KHP100941,Wayanad,Sulthan Bathery,Semi-Urban,Independent House,3561,6,5,18,0,Semi-Furnished,1,10.9,Narrow Road,Yes,12110000,3900,Research-informed synthetic estimate
KHP100942,Idukki,Munnar,Semi-Urban,Independent House,2363,4,4,26,2,Fully Furnished,0,1.9,Local Road,Yes,18200000,6500,Research-informed synthetic estimate
KHP100943,Pathanamthitta,Pathanamthitta Town,Semi-Urban,Independent House,1243,3,2,7,2,Semi-Furnished,2,14.3,Local Road,Yes,4050000,3800,Research-informed synthetic estimate
KHP100944,Alappuzha,Kayamkulam,Rural,Independent House,2365,3,3,30,1,Semi-Furnished,2,2.3,Local Road,No,5850000,3600,Research-informed synthetic estimate
KHP100945,Kasaragod,Kasaragod Town,Urban,Apartment,2273,4,4,9,2,Fully Furnished,3,2.9,Main Road,No,11040000,3600,Research-informed synthetic estimate
KHP100946,Idukki,Thodupuzha,Semi-Urban,Independent House,3436,6,5,17,1,Semi-Furnished,1,4.7,Local Road,No,11530000,3900,Research-informed synthetic estimate
KHP100947,Pathanamthitta,Thiruvalla,Semi-Urban,Independent House,3662,5,5,17,0,Unfurnished,1,2.3,Local Road,No,17670000,4700,Research-informed synthetic estimate
KHP100948,Idukki,Thodupuzha,Semi-Urban,Apartment,4198,6,5,10,1,Unfurnished,6,1.5,Main Road,Yes,18270000,3900,Research-informed synthetic estimate
KHP100949,Pathanamthitta,Pandalam,Semi-Urban,Apartment,2730,4,4,1,1,Semi-Furnished,7,4.5,Local Road,Yes,9570000,3400,Research-informed synthetic estimate
KHP100950,Kozhikode,Palazhi,Rural,Residential Plot,1736,3,3,7,2,Semi-Furnished,0,1.7,Highway Access,No,13820000,8600,Research-informed synthetic estimate
KHP100951,Palakkad,Pattambi,Rural,Residential Plot,3722,6,5,10,0,Semi-Furnished,0,1.1,Highway Access,Yes,10790000,3000,Research-informed synthetic estimate
KHP100952,Kozhikode,West Hill,Semi-Urban,Independent House,4184,6,5,30,1,Semi-Furnished,2,3.8,Local Road,No,14260000,4200,Research-informed synthetic estimate
KHP100953,Kottayam,Kanjirappally,Rural,Independent House,1313,3,3,15,0,Unfurnished,1,6.1,Highway Access,No,3520000,3000,Research-informed synthetic estimate
KHP100954,Alappuzha,Alappuzha Beach,Semi-Urban,Apartment,2603,4,4,2,0,Unfurnished,6,9.5,Local Road,No,17560000,6800,Research-informed synthetic estimate
KHP100955,Wayanad,Sulthan Bathery,Semi-Urban,Independent House,2393,4,4,19,0,Unfurnished,0,3.6,Local Road,Yes,8510000,3900,Research-informed synthetic estimate
KHP100956,Thiruvananthapuram,Kesavadasapuram,Semi-Urban,Independent House,2245,4,3,23,2,Unfurnished,1,3.1,Local Road,No,13190000,7000,Research-informed synthetic estimate
KHP100957,Pathanamthitta,Konni,Rural,Apartment,711,1,1,25,0,Unfurnished,1,1.6,Main Road,Yes,1450000,2900,Research-informed synthetic estimate
KHP100958,Kannur,Sreekandapuram,Rural,Residential Plot,2542,3,3,7,2,Semi-Furnished,1,3.6,Local Road,No,5780000,2900,Research-informed synthetic estimate
KHP100959,Alappuzha,Alappuzha Beach,Semi-Urban,Independent House,2926,4,4,4,2,Semi-Furnished,1,2.2,Local Road,Yes,22300000,6800,Research-informed synthetic estimate
KHP100960,Palakkad,Pattambi,Semi-Urban,Villa,2497,4,4,27,1,Semi-Furnished,2,6.0,Local Road,Yes,7190000,3000,Research-informed synthetic estimate
KHP100961,Kasaragod,Kasaragod Town,Urban,Residential Plot,3357,5,4,30,2,Unfurnished,1,5.6,Main Road,No,9320000,3600,Research-informed synthetic estimate
KHP100962,Idukki,Munnar,Rural,Independent House,3661,5,5,25,0,Unfurnished,0,3.5,Narrow Road,Yes,19400000,6500,Research-informed synthetic estimate
KHP100963,Thrissur,Ayyanthole,Semi-Urban,Independent House,2808,5,5,14,0,Semi-Furnished,2,6.7,Main Road,No,14680000,5000,Research-informed synthetic estimate
KHP100964,Kottayam,Ettumanoor,Semi-Urban,Independent House,1718,3,3,27,1,Semi-Furnished,0,12.7,Local Road,No,4950000,3900,Research-informed synthetic estimate
KHP100965,Kozhikode,Mukkam,Rural,Independent House,1715,3,3,12,3,Semi-Furnished,2,2.8,Main Road,No,4920000,3000,Research-informed synthetic estimate
KHP100966,Kollam,Paravur,Semi-Urban,Apartment,3001,4,4,11,0,Fully Furnished,4,4.1,Local Road,Yes,10890000,3600,Research-informed synthetic estimate
KHP100967,Kannur,Payyannur,Rural,Apartment,2942,4,4,11,1,Fully Furnished,6,2.5,Main Road,No,11240000,3900,Research-informed synthetic estimate
KHP100968,Wayanad,Meppadi,Semi-Urban,Residential Plot,1691,2,1,29,2,Semi-Furnished,2,1.9,Local Road,No,3590000,3300,Research-informed synthetic estimate
KHP100969,Thrissur,Mannuthy,Semi-Urban,Independent House,3567,6,5,15,0,Unfurnished,2,3.6,Main Road,No,16720000,4000,Research-informed synthetic estimate
KHP100970,Palakkad,Alathur,Rural,Apartment,3574,6,5,24,2,Fully Furnished,1,6.6,Highway Access,No,12150000,2900,Research-informed synthetic estimate
KHP100971,Palakkad,Olavakkode,Rural,Apartment,1335,2,2,0,3,Fully Furnished,6,1.8,Main Road,Yes,6390000,4100,Research-informed synthetic estimate
KHP100972,Kollam,Chathannoor,Rural,Apartment,2883,5,5,15,1,Fully Furnished,2,3.1,Local Road,No,7880000,3200,Research-informed synthetic estimate
KHP100973,Thrissur,Muthuvattoor,Semi-Urban,Independent House,3810,5,4,25,3,Unfurnished,0,2.2,Local Road,No,10940000,3500,Research-informed synthetic estimate
KHP100974,Palakkad,Shoranur,Semi-Urban,Independent House,3147,3,3,19,2,Semi-Furnished,1,6.2,Narrow Road,Yes,7630000,3100,Research-informed synthetic estimate
KHP100975,Malappuram,Kondotty,Semi-Urban,Independent House,958,1,1,11,2,Unfurnished,1,1.8,Local Road,No,3670000,4300,Research-informed synthetic estimate
KHP100976,Thrissur,Irinjalakuda,Semi-Urban,Residential Plot,3430,4,3,8,0,Unfurnished,2,2.6,Narrow Road,No,6750000,3400,Research-informed synthetic estimate
KHP100977,Ernakulam,Maradu,Rural,Villa,4063,6,5,22,1,Unfurnished,2,1.0,Narrow Road,Yes,28110000,7300,Research-informed synthetic estimate
KHP100978,Kasaragod,Bekal,Semi-Urban,Villa,3189,6,5,5,3,Unfurnished,0,8.2,Local Road,No,16310000,4200,Research-informed synthetic estimate
KHP100979,Pathanamthitta,Mallappally,Semi-Urban,Apartment,1551,3,3,6,2,Semi-Furnished,7,4.8,Main Road,Yes,5240000,3000,Research-informed synthetic estimate
KHP100980,Palakkad,Mannarkkad,Rural,Independent House,1058,2,2,27,1,Fully Furnished,0,2.9,Narrow Road,No,2160000,2800,Research-informed synthetic estimate
KHP100981,Wayanad,Mananthavady,Semi-Urban,Independent House,3063,6,5,1,1,Unfurnished,0,1.4,Local Road,No,10920000,3400,Research-informed synthetic estimate
KHP100982,Kottayam,Kumarakom,Rural,Apartment,3736,6,5,28,0,Unfurnished,3,6.4,Main Road,No,20810000,6500,Research-informed synthetic estimate
KHP100983,Kasaragod,Kasaragod Town,Urban,Apartment,2861,4,4,8,2,Unfurnished,6,5.6,Main Road,No,11640000,3600,Research-informed synthetic estimate
KHP100984,Kollam,Asramam,Rural,Apartment,3687,6,5,5,0,Semi-Furnished,0,2.3,Local Road,No,18560000,5200,Research-informed synthetic estimate
KHP100985,Kottayam,Ettumanoor,Semi-Urban,Independent House,783,1,1,29,0,Unfurnished,0,1.8,Main Road,No,2110000,3900,Research-informed synthetic estimate
KHP100986,Kasaragod,Kasaragod Town,Urban,Independent House,3335,5,5,22,1,Semi-Furnished,2,6.9,Main Road,No,12390000,3600,Research-informed synthetic estimate
KHP100987,Wayanad,Sulthan Bathery,Semi-Urban,Independent House,1079,2,2,9,2,Semi-Furnished,0,3.4,Local Road,No,3520000,3900,Research-informed synthetic estimate
KHP100988,Alappuzha,Muhamma,Semi-Urban,Villa,1787,2,1,4,3,Semi-Furnished,1,10.0,Main Road,Yes,8230000,4000,Research-informed synthetic estimate
KHP100989,Alappuzha,Alappuzha Town,Urban,Apartment,895,1,1,13,0,Unfurnished,7,6.2,Local Road,Yes,4560000,6000,Research-informed synthetic estimate
KHP100990,Kasaragod,Cheruvathur,Rural,Independent House,2726,4,4,27,0,Unfurnished,0,1.2,Local Road,No,5380000,2900,Research-informed synthetic estimate
KHP100991,Kottayam,Changanassery,Semi-Urban,Independent House,2275,4,4,5,1,Semi-Furnished,2,3.1,Narrow Road,No,8360000,4300,Research-informed synthetic estimate
KHP100992,Palakkad,Alathur,Rural,Independent House,1390,2,2,4,0,Fully Furnished,2,9.4,Main Road,No,3830000,2900,Research-informed synthetic estimate
KHP100993,Kasaragod,Bekal,Semi-Urban,Apartment,710,1,1,0,1,Semi-Furnished,1,2.0,Main Road,No,3350000,4200,Research-informed synthetic estimate
KHP100994,Kannur,Thalassery,Rural,Independent House,2736,5,5,28,2,Unfurnished,1,8.4,Local Road,No,8110000,4300,Research-informed synthetic estimate
KHP100995,Ernakulam,Pallikkara,Semi-Urban,Apartment,2456,4,4,22,3,Semi-Furnished,0,13.6,Highway Access,Yes,12390000,4600,Research-informed synthetic estimate
KHP100996,Kottayam,Kottayam Town,Urban,Independent House,827,1,1,18,3,Semi-Furnished,0,6.9,Main Road,No,4210000,5200,Research-informed synthetic estimate
KHP100997,Thiruvananthapuram,Kazhakoottam,Semi-Urban,Independent House,3587,6,5,7,2,Fully Furnished,2,6.9,Local Road,No,27960000,6800,Research-informed synthetic estimate
KHP100998,Kottayam,Ettumanoor,Semi-Urban,Villa,2331,2,2,18,2,Unfurnished,0,0.7,Local Road,No,7980000,3900,Research-informed synthetic estimate
KHP100999,Pathanamthitta,Mallappally,Semi-Urban,Apartment,3741,6,5,21,1,Semi-Furnished,5,5.7,Main Road,Yes,12280000,3000,Research-informed synthetic estimate
KHP101000,Ernakulam,Perumbavoor,Semi-Urban,Apartment,665,1,1,7,1,Semi-Furnished,3,2.2,Main Road,No,2390000,3600,Research-informed synthetic estimate
KHP101001,Thiruvananthapuram,Attingal,Semi-Urban,Independent House,1196,2,2,28,0,Fully Furnished,0,6.6,Narrow Road,No,3240000,3900,Research-informed synthetic estimate
KHP101002,Malappuram,Malappuram Town,Urban,Villa,3155,5,5,18,1,Semi-Furnished,1,4.0,Local Road,No,15090000,4400,Research-informed synthetic estimate
KHP101003,Palakkad,Pattambi,Semi-Urban,Apartment,3569,5,5,19,1,Unfurnished,0,4.3,Main Road,Yes,10980000,3000,Research-informed synthetic estimate
KHP101004,Kannur,Iritty,Rural,Residential Plot,1232,2,2,28,0,Unfurnished,1,0.8,Local Road,No,1860000,2800,Research-informed synthetic estimate
KHP101005,Malappuram,Nilambur,Rural,Independent House,997,2,2,14,3,Unfurnished,1,4.5,Main Road,Yes,2890000,3300,Research-informed synthetic estimate
KHP101006,Palakkad,Palakkad Town,Urban,Apartment,1072,1,1,29,0,Semi-Furnished,5,6.4,Main Road,No,3600000,3900,Research-informed synthetic estimate
KHP101007,Wayanad,Ambalavayal,Semi-Urban,Villa,1475,2,2,6,1,Semi-Furnished,0,11.7,Local Road,No,4380000,3200,Research-informed synthetic estimate
KHP101008,Ernakulam,Maradu,Rural,Villa,3377,5,5,15,3,Semi-Furnished,2,5.2,Local Road,No,26040000,7300,Research-informed synthetic estimate
KHP101009,Wayanad,Mananthavady,Semi-Urban,Residential Plot,2348,4,3,8,0,Semi-Furnished,1,5.0,Main Road,No,5720000,3400,Research-informed synthetic estimate
KHP101010,Kollam,Chathannoor,Semi-Urban,Apartment,1630,2,2,22,0,Fully Furnished,0,7.2,Main Road,Yes,5170000,3200,Research-informed synthetic estimate
KHP101011,Malappuram,Ponnani,Semi-Urban,Independent House,3020,5,5,15,1,Semi-Furnished,0,8.1,Local Road,No,9170000,3500,Research-informed synthetic estimate
KHP101012,Alappuzha,Chengannur,Semi-Urban,Independent House,4096,6,5,15,2,Fully Furnished,1,10.6,Narrow Road,No,14700000,4300,Research-informed synthetic estimate
KHP101013,Thrissur,Ayyanthole,Rural,Villa,967,1,1,3,1,Semi-Furnished,0,5.1,Local Road,No,4120000,5000,Research-informed synthetic estimate
KHP101014,Kollam,Kollam Town,Urban,Independent House,2765,4,4,12,0,Semi-Furnished,1,12.1,Local Road,No,12570000,4800,Research-informed synthetic estimate
KHP101015,Alappuzha,Chengannur,Semi-Urban,Apartment,1423,1,1,29,3,Fully Furnished,4,4.2,Local Road,No,5630000,4300,Research-informed synthetic estimate
KHP101016,Wayanad,Panamaram,Rural,Independent House,2202,4,4,24,0,Fully Furnished,2,2.7,Narrow Road,No,4630000,2900,Research-informed synthetic estimate
KHP101017,Palakkad,Alathur,Rural,Residential Plot,2706,4,4,6,1,Unfurnished,0,7.1,Highway Access,Yes,7720000,2900,Research-informed synthetic estimate
KHP101018,Alappuzha,Chengannur,Semi-Urban,Villa,697,1,1,7,1,Unfurnished,1,3.1,Local Road,No,2850000,4300,Research-informed synthetic estimate
KHP101019,Ernakulam,Kizhakkambalam,Semi-Urban,Independent House,1687,1,1,4,0,Fully Furnished,0,3.0,Local Road,No,8280000,4700,Research-informed synthetic estimate
KHP101020,Kasaragod,Bekal,Rural,Independent House,1370,3,3,9,1,Semi-Furnished,2,6.4,Narrow Road,Yes,5080000,4200,Research-informed synthetic estimate
KHP101021,Alappuzha,Kayamkulam,Rural,Independent House,4070,6,5,22,2,Semi-Furnished,1,7.7,Main Road,No,12800000,3600,Research-informed synthetic estimate
KHP101022,Malappuram,Kondotty,Semi-Urban,Independent House,1634,3,3,4,0,Unfurnished,1,3.4,Main Road,No,6490000,4300,Research-informed synthetic estimate
KHP101023,Alappuzha,Cherthala,Semi-Urban,Apartment,3804,5,5,3,0,Fully Furnished,7,0.6,Main Road,No,21800000,4700,Research-informed synthetic estimate
KHP101024,Kannur,Sreekandapuram,Rural,Villa,3396,6,5,13,2,Unfurnished,1,2.5,Main Road,No,10030000,2900,Research-informed synthetic estimate
KHP101025,Pathanamthitta,Pathanamthitta Town,Rural,Apartment,970,1,1,22,1,Unfurnished,1,16.0,Narrow Road,No,2080000,3800,Research-informed synthetic estimate
KHP101026,Pathanamthitta,Ranni,Rural,Villa,2465,3,3,12,1,Semi-Furnished,2,5.6,Local Road,No,7010000,3000,Research-informed synthetic estimate
KHP101027,Ernakulam,Kadavanthra,Urban,Villa,863,1,1,17,2,Unfurnished,1,3.8,Local Road,Yes,7580000,9000,Research-informed synthetic estimate
KHP101028,Wayanad,Vythiri,Semi-Urban,Apartment,2611,4,4,28,1,Fully Furnished,1,8.5,Narrow Road,No,10810000,4700,Research-informed synthetic estimate
KHP101029,Pathanamthitta,Ranni,Rural,Independent House,2667,4,4,18,0,Semi-Furnished,2,2.0,Narrow Road,No,6050000,3000,Research-informed synthetic estimate
KHP101030,Malappuram,Perinthalmanna,Semi-Urban,Independent House,2822,4,4,0,3,Unfurnished,2,2.6,Local Road,Yes,13260000,4500,Research-informed synthetic estimate
KHP101031,Wayanad,Sulthan Bathery,Semi-Urban,Independent House,3554,5,5,24,0,Semi-Furnished,0,3.2,Local Road,No,12990000,3900,Research-informed synthetic estimate
KHP101032,Kasaragod,Hosdurg,Rural,Villa,2174,4,3,7,3,Semi-Furnished,2,2.8,Main Road,Yes,6630000,3300,Research-informed synthetic estimate
KHP101033,Pathanamthitta,Adoor,Rural,Independent House,1625,2,2,21,2,Semi-Furnished,0,3.1,Main Road,No,4750000,3900,Research-informed synthetic estimate
KHP101034,Pathanamthitta,Adoor,Rural,Residential Plot,3538,5,4,13,0,Unfurnished,2,4.9,Local Road,No,9490000,3900,Research-informed synthetic estimate
KHP101035,Kannur,Thottada,Rural,Independent House,1645,2,2,13,1,Unfurnished,1,1.7,Main Road,Yes,5740000,4200,Research-informed synthetic estimate
KHP101036,Pathanamthitta,Adoor,Rural,Apartment,1493,3,2,9,2,Fully Furnished,7,2.7,Highway Access,Yes,6210000,3900,Research-informed synthetic estimate
KHP101037,Thiruvananthapuram,Kazhakoottam,Semi-Urban,Residential Plot,3524,6,5,1,3,Unfurnished,0,1.4,Local Road,No,19300000,6800,Research-informed synthetic estimate
KHP101038,Kollam,Karunagappally,Semi-Urban,Residential Plot,2724,4,4,20,0,Unfurnished,0,4.3,Main Road,Yes,8370000,3800,Research-informed synthetic estimate
KHP101039,Kollam,Chinnakada,Urban,Independent House,937,2,2,8,2,Fully Furnished,2,5.1,Narrow Road,Yes,4490000,5000,Research-informed synthetic estimate
KHP101040,Ernakulam,Chottanikkara,Rural,Residential Plot,1398,2,2,6,0,Unfurnished,1,5.6,Main Road,No,3920000,4200,Research-informed synthetic estimate
KHP101041,Palakkad,Palakkad Town,Urban,Independent House,1809,1,1,15,2,Fully Furnished,2,2.8,Main Road,Yes,8590000,3900,Research-informed synthetic estimate
KHP101042,Kozhikode,Ramanattukara,Semi-Urban,Independent House,1336,3,3,28,3,Semi-Furnished,1,2.0,Local Road,No,4100000,3900,Research-informed synthetic estimate
KHP101043,Kozhikode,West Hill,Semi-Urban,Villa,2413,4,4,13,1,Unfurnished,0,10.0,Narrow Road,No,8940000,4200,Research-informed synthetic estimate
KHP101044,Palakkad,Alathur,Rural,Independent House,4117,6,5,17,0,Fully Furnished,1,10.5,Local Road,No,11370000,2900,Research-informed synthetic estimate
KHP101045,Malappuram,Perinthalmanna,Semi-Urban,Apartment,3715,4,4,28,1,Semi-Furnished,1,2.8,Highway Access,Yes,18140000,4500,Research-informed synthetic estimate
KHP101046,Kollam,Chathannoor,Rural,Apartment,1704,2,2,30,0,Unfurnished,5,3.4,Main Road,Yes,3600000,3200,Research-informed synthetic estimate
KHP101047,Thrissur,Chalakudy,Semi-Urban,Independent House,3790,6,5,19,0,Semi-Furnished,2,3.2,Local Road,Yes,14780000,3900,Research-informed synthetic estimate
KHP101048,Thrissur,Guruvayur,Semi-Urban,Villa,2215,3,3,7,0,Semi-Furnished,0,2.9,Local Road,Yes,9130000,3700,Research-informed synthetic estimate
KHP101049,Thrissur,Kodungallur,Semi-Urban,Independent House,3002,4,4,13,0,Fully Furnished,0,0.6,Narrow Road,No,10850000,3600,Research-informed synthetic estimate
KHP101050,Idukki,Adimali,Semi-Urban,Independent House,3364,5,5,8,1,Fully Furnished,1,6.9,Main Road,No,11460000,3000,Research-informed synthetic estimate
KHP101051,Thrissur,Mannuthy,Semi-Urban,Apartment,725,1,1,10,1,Fully Furnished,2,15.5,Highway Access,No,3170000,4000,Research-informed synthetic estimate
KHP101052,Ernakulam,Pukkattupady,Rural,Apartment,1162,2,2,23,1,Fully Furnished,7,5.5,Main Road,No,4200000,4700,Research-informed synthetic estimate
KHP101053,Kottayam,Pala,Semi-Urban,Independent House,1112,2,2,13,0,Unfurnished,1,4.2,Main Road,No,3980000,4200,Research-informed synthetic estimate
KHP101054,Thrissur,Irinjalakuda,Semi-Urban,Apartment,2294,4,4,0,0,Semi-Furnished,4,12.1,Local Road,No,7250000,3400,Research-informed synthetic estimate
KHP101055,Ernakulam,Thevakkal,Rural,Residential Plot,1980,2,2,7,0,Unfurnished,0,5.1,Narrow Road,No,5780000,5400,Research-informed synthetic estimate
KHP101056,Pathanamthitta,Mallappally,Semi-Urban,Villa,2123,4,4,15,3,Semi-Furnished,2,3.4,Narrow Road,No,6340000,3000,Research-informed synthetic estimate
KHP101057,Palakkad,Pattambi,Semi-Urban,Independent House,3587,5,5,13,0,Semi-Furnished,0,6.7,Main Road,No,11250000,3000,Research-informed synthetic estimate
KHP101058,Pathanamthitta,Thiruvalla,Rural,Independent House,680,2,1,20,1,Unfurnished,2,1.6,Main Road,No,2330000,4700,Research-informed synthetic estimate
KHP101059,Kasaragod,Manjeshwar,Semi-Urban,Independent House,1797,3,3,23,0,Fully Furnished,0,0.3,Local Road,No,5270000,3400,Research-informed synthetic estimate
KHP101060,Palakkad,Mannarkkad,Rural,Independent House,1896,3,3,9,0,Unfurnished,2,7.6,Local Road,Yes,4260000,2800,Research-informed synthetic estimate
KHP101061,Kozhikode,Karaparamba,Semi-Urban,Apartment,1138,4,4,2,2,Unfurnished,4,2.6,Main Road,No,4360000,4000,Research-informed synthetic estimate
KHP101062,Wayanad,Kalpetta,Rural,Independent House,1872,2,2,0,1,Unfurnished,0,10.7,Local Road,No,5940000,4300,Research-informed synthetic estimate
KHP101063,Kollam,Chathannoor,Semi-Urban,Independent House,3615,5,5,13,1,Semi-Furnished,2,0.8,Narrow Road,No,11190000,3200,Research-informed synthetic estimate
KHP101064,Kollam,Paravur,Rural,Independent House,3505,5,5,29,2,Fully Furnished,0,4.7,Highway Access,No,13920000,3600,Research-informed synthetic estimate
KHP101065,Idukki,Adimali,Semi-Urban,Independent House,1317,1,1,4,2,Unfurnished,0,10.6,Local Road,No,3240000,3000,Research-informed synthetic estimate
KHP101066,Idukki,Painavu,Rural,Apartment,2598,6,5,9,0,Semi-Furnished,5,5.0,Main Road,No,5850000,2600,Research-informed synthetic estimate
KHP101067,Alappuzha,Alappuzha Town,Urban,Apartment,2261,3,3,0,2,Unfurnished,2,1.5,Local Road,Yes,14490000,6000,Research-informed synthetic estimate
KHP101068,Kozhikode,Palazhi,Rural,Independent House,1930,3,3,15,1,Unfurnished,0,3.5,Local Road,No,10730000,8600,Research-informed synthetic estimate
KHP101069,Kottayam,Vaikom,Semi-Urban,Residential Plot,1408,2,2,0,1,Fully Furnished,0,6.9,Local Road,No,4050000,3500,Research-informed synthetic estimate
KHP101070,Kollam,Kavanad,Rural,Villa,1195,2,1,2,1,Unfurnished,0,1.2,Local Road,No,5120000,5000,Research-informed synthetic estimate
KHP101071,Ernakulam,Thrippunithura,Semi-Urban,Villa,1212,3,3,27,3,Unfurnished,0,4.3,Highway Access,No,8030000,6000,Research-informed synthetic estimate
KHP101072,Thrissur,Thrissur Town,Urban,Apartment,3669,5,5,25,1,Unfurnished,6,1.1,Highway Access,No,18700000,5000,Research-informed synthetic estimate
KHP101073,Thiruvananthapuram,Technopark,Semi-Urban,Apartment,4146,6,5,5,1,Semi-Furnished,3,5.7,Local Road,Yes,34550000,7000,Research-informed synthetic estimate
KHP101074,Ernakulam,Marine Drive,Urban,Apartment,3431,4,4,7,0,Semi-Furnished,4,2.3,Highway Access,Yes,57730000,12500,Research-informed synthetic estimate
KHP101075,Wayanad,Meppadi,Rural,Villa,3303,5,5,18,0,Unfurnished,1,5.8,Main Road,No,10280000,3300,Research-informed synthetic estimate
KHP101076,Alappuzha,Ambalappuzha,Semi-Urban,Independent House,3639,5,5,28,0,Unfurnished,0,6.2,Narrow Road,No,7950000,3400,Research-informed synthetic estimate
KHP101077,Kannur,Thalassery,Semi-Urban,Independent House,2549,3,2,22,1,Unfurnished,2,1.6,Local Road,Yes,9300000,4300,Research-informed synthetic estimate
KHP101078,Pathanamthitta,Konni,Rural,Independent House,3505,6,5,0,0,Unfurnished,1,5.4,Local Road,Yes,9570000,2900,Research-informed synthetic estimate
KHP101079,Kollam,Chinnakada,Urban,Independent House,2754,5,5,9,2,Semi-Furnished,0,1.0,Local Road,Yes,14550000,5000,Research-informed synthetic estimate
KHP101080,Thiruvananthapuram,Nedumangad,Semi-Urban,Independent House,1656,3,3,5,3,Fully Furnished,1,4.7,Main Road,Yes,6820000,3600,Research-informed synthetic estimate
KHP101081,Kasaragod,Cheruvathur,Rural,Independent House,3863,6,5,30,3,Semi-Furnished,2,3.7,Main Road,Yes,10980000,2900,Research-informed synthetic estimate
KHP101082,Wayanad,Sulthan Bathery,Semi-Urban,Apartment,1873,4,4,20,0,Unfurnished,0,5.2,Narrow Road,No,5820000,3900,Research-informed synthetic estimate
KHP101083,Pathanamthitta,Pandalam,Semi-Urban,Apartment,1009,1,1,27,2,Unfurnished,1,3.5,Main Road,No,2660000,3400,Research-informed synthetic estimate
KHP101084,Kozhikode,Mukkam,Rural,Villa,1699,2,2,12,1,Fully Furnished,2,0.4,Main Road,Yes,5450000,3000,Research-informed synthetic estimate
KHP101085,Palakkad,Mannarkkad,Rural,Residential Plot,3472,5,5,3,1,Semi-Furnished,1,3.1,Highway Access,No,10440000,2800,Research-informed synthetic estimate
KHP101086,Thrissur,Muthuvattoor,Semi-Urban,Independent House,3837,6,5,8,3,Unfurnished,1,3.3,Main Road,No,16230000,3500,Research-informed synthetic estimate
KHP101087,Pathanamthitta,Mallappally,Semi-Urban,Apartment,1115,1,1,25,0,Semi-Furnished,1,2.3,Local Road,No,2490000,3000,Research-informed synthetic estimate
KHP101088,Kottayam,Kottayam Town,Urban,Independent House,1968,2,2,29,3,Semi-Furnished,1,1.2,Local Road,Yes,9210000,5200,Research-informed synthetic estimate
KHP101089,Kozhikode,Koyilandy,Rural,Villa,1950,3,3,22,1,Semi-Furnished,0,3.4,Main Road,No,6110000,4100,Research-informed synthetic estimate
KHP101090,Kollam,Kavanad,Semi-Urban,Apartment,734,1,1,1,1,Unfurnished,3,1.4,Main Road,No,3660000,5000,Research-informed synthetic estimate
KHP101091,Kasaragod,Kasaragod Town,Urban,Villa,751,2,2,9,2,Semi-Furnished,0,7.0,Narrow Road,No,2560000,3600,Research-informed synthetic estimate
KHP101092,Ernakulam,Kakkanad,Semi-Urban,Independent House,1314,3,3,20,1,Unfurnished,1,5.9,Local Road,No,6360000,6500,Research-informed synthetic estimate
KHP101093,Idukki,Munnar,Semi-Urban,Independent House,1609,1,1,0,1,Semi-Furnished,1,3.1,Local Road,No,10500000,6500,Research-informed synthetic estimate
KHP101094,Ernakulam,Perumbavoor,Semi-Urban,Apartment,3511,5,5,17,2,Unfurnished,4,2.0,Main Road,No,14020000,3600,Research-informed synthetic estimate
KHP101095,Thrissur,Naikkanal,Semi-Urban,Independent House,2375,4,4,20,1,Semi-Furnished,1,3.0,Narrow Road,Yes,11160000,5300,Research-informed synthetic estimate
KHP101096,Palakkad,Shoranur,Semi-Urban,Villa,918,1,1,16,0,Fully Furnished,1,2.4,Highway Access,Yes,3560000,3100,Research-informed synthetic estimate
KHP101097,Kollam,Karunagappally,Rural,Independent House,1671,3,3,6,0,Semi-Furnished,2,1.9,Local Road,No,4940000,3800,Research-informed synthetic estimate
KHP101098,Kozhikode,Kottooli,Semi-Urban,Apartment,3730,5,5,5,1,Unfurnished,7,14.9,Local Road,No,23550000,6500,Research-informed synthetic estimate
KHP101099,Idukki,Painavu,Rural,Independent House,1667,3,3,17,2,Semi-Furnished,1,2.1,Local Road,Yes,3290000,2600,Research-informed synthetic estimate
KHP101100,Idukki,Adimali,Rural,Independent House,2624,4,4,25,2,Unfurnished,0,3.4,Main Road,No,5570000,3000,Research-informed synthetic estimate
KHP101101,Wayanad,Ambalavayal,Semi-Urban,Apartment,2004,1,1,24,3,Unfurnished,0,3.1,Main Road,No,5680000,3200,Research-informed synthetic estimate
KHP101102,Idukki,Munnar,Semi-Urban,Villa,2525,4,4,18,1,Fully Furnished,1,5.0,Main Road,Yes,20290000,6500,Research-informed synthetic estimate
KHP101103,Kollam,Chathannoor,Semi-Urban,Villa,2645,5,5,21,1,Unfurnished,0,1.6,Local Road,No,7740000,3200,Research-informed synthetic estimate
KHP101104,Wayanad,Sulthan Bathery,Semi-Urban,Villa,2633,5,5,15,1,Semi-Furnished,2,3.9,Main Road,No,12000000,3900,Research-informed synthetic estimate
KHP101105,Kannur,Thottada,Semi-Urban,Villa,1475,3,3,28,2,Semi-Furnished,2,10.6,Highway Access,Yes,6240000,4200,Research-informed synthetic estimate
KHP101106,Palakkad,Alathur,Rural,Independent House,3346,5,5,22,1,Unfurnished,1,4.1,Local Road,Yes,9060000,2900,Research-informed synthetic estimate
KHP101107,Wayanad,Kalpetta,Semi-Urban,Villa,2303,3,3,1,0,Unfurnished,2,4.1,Highway Access,Yes,12150000,4300,Research-informed synthetic estimate
KHP101108,Alappuzha,Haripad,Semi-Urban,Independent House,3395,6,5,21,1,Unfurnished,0,11.1,Local Road,No,8380000,3200,Research-informed synthetic estimate
KHP101109,Thiruvananthapuram,Technopark,Semi-Urban,Villa,4164,6,5,18,2,Fully Furnished,2,1.7,Local Road,Yes,38200000,7000,Research-informed synthetic estimate
KHP101110,Idukki,Nedumkandam,Rural,Apartment,772,1,1,29,1,Semi-Furnished,7,0.6,Local Road,No,1610000,2700,Research-informed synthetic estimate
KHP101111,Kottayam,Vaikom,Semi-Urban,Residential Plot,3198,4,4,18,0,Semi-Furnished,1,3.3,Highway Access,No,9760000,3500,Research-informed synthetic estimate
KHP101112,Pathanamthitta,Pandalam,Semi-Urban,Villa,1655,2,2,17,1,Unfurnished,1,4.1,Local Road,No,4460000,3400,Research-informed synthetic estimate
KHP101113,Kannur,Payyannur,Semi-Urban,Independent House,2820,4,4,12,1,Unfurnished,0,3.8,Local Road,No,9960000,3900,Research-informed synthetic estimate
KHP101114,Kozhikode,Chevayur,Semi-Urban,Independent House,3792,6,5,12,1,Unfurnished,2,5.1,Main Road,No,19470000,4700,Research-informed synthetic estimate
KHP101115,Kasaragod,Hosdurg,Semi-Urban,Villa,1961,3,3,14,0,Fully Furnished,1,2.7,Main Road,No,6710000,3300,Research-informed synthetic estimate
KHP101116,Palakkad,Palakkad Town,Urban,Independent House,3146,6,5,1,0,Fully Furnished,1,3.3,Local Road,No,15920000,3900,Research-informed synthetic estimate
KHP101117,Idukki,Thodupuzha,Semi-Urban,Apartment,4177,6,5,29,1,Semi-Furnished,1,6.3,Highway Access,No,17030000,3900,Research-informed synthetic estimate
KHP101118,Wayanad,Panamaram,Rural,Apartment,1733,4,4,25,0,Unfurnished,4,3.2,Local Road,No,3450000,2900,Research-informed synthetic estimate
KHP101119,Thrissur,Kuttanellur,Semi-Urban,Apartment,3400,6,5,2,0,Semi-Furnished,2,3.8,Local Road,Yes,24470000,5500,Research-informed synthetic estimate
KHP101120,Kollam,Chinnakada,Urban,Villa,3070,5,4,10,2,Fully Furnished,0,8.7,Local Road,Yes,19150000,5000,Research-informed synthetic estimate
KHP101121,Ernakulam,Kadavanthra,Urban,Villa,2399,4,4,28,1,Semi-Furnished,2,3.5,Local Road,No,20480000,9000,Research-informed synthetic estimate
KHP101122,Pathanamthitta,Mallappally,Semi-Urban,Independent House,1922,3,2,25,3,Semi-Furnished,2,4.8,Main Road,No,5600000,3000,Research-informed synthetic estimate
KHP101123,Wayanad,Vythiri,Semi-Urban,Apartment,2179,3,3,11,2,Fully Furnished,1,2.6,Local Road,No,11060000,4700,Research-informed synthetic estimate
KHP101124,Kozhikode,Thondayad,Semi-Urban,Independent House,1440,3,3,29,0,Semi-Furnished,1,5.0,Main Road,Yes,6150000,5000,Research-informed synthetic estimate
KHP101125,Wayanad,Kalpetta,Semi-Urban,Apartment,2519,3,3,8,1,Fully Furnished,2,0.6,Main Road,Yes,14480000,4300,Research-informed synthetic estimate
KHP101126,Kottayam,Kottayam Town,Urban,Independent House,2465,5,5,10,1,Semi-Furnished,1,1.5,Main Road,No,16970000,5200,Research-informed synthetic estimate
KHP101127,Ernakulam,Thrippunithura,Semi-Urban,Residential Plot,3398,4,4,13,1,Unfurnished,1,1.3,Narrow Road,No,12240000,6000,Research-informed synthetic estimate
KHP101128,Malappuram,Manjeri,Semi-Urban,Villa,2201,3,3,2,1,Semi-Furnished,1,7.2,Narrow Road,No,8130000,4300,Research-informed synthetic estimate
KHP101129,Wayanad,Vythiri,Semi-Urban,Independent House,2316,4,4,12,0,Fully Furnished,2,6.7,Main Road,No,13340000,4700,Research-informed synthetic estimate
KHP101130,Kottayam,Pala,Semi-Urban,Independent House,1812,3,3,30,2,Unfurnished,0,2.8,Local Road,No,5780000,4200,Research-informed synthetic estimate
KHP101131,Wayanad,Sulthan Bathery,Semi-Urban,Residential Plot,1805,4,4,23,1,Semi-Furnished,2,4.7,Highway Access,No,5940000,3900,Research-informed synthetic estimate
KHP101132,Pathanamthitta,Pathanamthitta Town,Rural,Independent House,1718,3,3,15,1,Fully Furnished,1,6.2,Main Road,No,5990000,3800,Research-informed synthetic estimate
KHP101133,Thrissur,Muthuvattoor,Semi-Urban,Residential Plot,2603,5,5,14,0,Semi-Furnished,0,3.2,Local Road,Yes,7730000,3500,Research-informed synthetic estimate
KHP101134,Thiruvananthapuram,Kazhakoottam,Rural,Independent House,3746,5,4,22,0,Semi-Furnished,2,6.6,Main Road,No,19300000,6800,Research-informed synthetic estimate
KHP101135,Alappuzha,Muhamma,Semi-Urban,Apartment,1534,3,3,5,2,Semi-Furnished,0,1.5,Main Road,No,6750000,4000,Research-informed synthetic estimate
KHP101136,Kasaragod,Cheruvathur,Rural,Residential Plot,1918,4,4,21,0,Semi-Furnished,1,5.8,Main Road,No,3310000,2900,Research-informed synthetic estimate
KHP101137,Ernakulam,Kizhakkambalam,Semi-Urban,Independent House,1927,3,3,14,1,Unfurnished,1,4.7,Main Road,No,8520000,4700,Research-informed synthetic estimate
KHP101138,Thiruvananthapuram,Technopark,Rural,Villa,3678,6,5,6,2,Semi-Furnished,0,2.2,Local Road,Yes,31170000,7000,Research-informed synthetic estimate
KHP101139,Thrissur,Kunnamkulam,Semi-Urban,Apartment,2939,5,5,21,1,Semi-Furnished,1,2.2,Local Road,No,9260000,3500,Research-informed synthetic estimate
KHP101140,Pathanamthitta,Ranni,Rural,Independent House,1176,2,2,21,2,Fully Furnished,2,7.3,Highway Access,No,3440000,3000,Research-informed synthetic estimate
KHP101141,Kottayam,Kottayam Town,Urban,Independent House,1655,2,2,16,2,Unfurnished,1,5.0,Main Road,Yes,9070000,5200,Research-informed synthetic estimate
KHP101142,Wayanad,Vythiri,Semi-Urban,Independent House,3894,6,5,27,0,Semi-Furnished,1,3.2,Local Road,No,16660000,4700,Research-informed synthetic estimate
KHP101143,Thrissur,Mannuthy,Rural,Apartment,3488,4,3,0,1,Semi-Furnished,0,2.5,Main Road,No,16050000,4000,Research-informed synthetic estimate
KHP101144,Thiruvananthapuram,Kazhakkoottam,Semi-Urban,Apartment,2449,4,4,4,1,Fully Furnished,5,1.8,Local Road,No,22040000,6800,Research-informed synthetic estimate
KHP101145,Kottayam,Pala,Semi-Urban,Independent House,1420,2,2,20,2,Fully Furnished,0,3.0,Narrow Road,Yes,5590000,4200,Research-informed synthetic estimate
KHP101146,Kollam,Chathannoor,Semi-Urban,Independent House,748,1,1,6,1,Semi-Furnished,0,2.3,Main Road,Yes,2290000,3200,Research-informed synthetic estimate
KHP101147,Malappuram,Tirur,Semi-Urban,Apartment,1614,3,3,21,1,Fully Furnished,6,0.5,Main Road,No,6730000,4200,Research-informed synthetic estimate
KHP101148,Kottayam,Kanjirappally,Rural,Villa,2673,5,5,15,2,Semi-Furnished,1,6.3,Main Road,No,8200000,3000,Research-informed synthetic estimate
KHP101149,Malappuram,Kondotty,Rural,Independent House,3262,5,5,2,1,Fully Furnished,1,12.3,Highway Access,No,16490000,4300,Research-informed synthetic estimate
KHP101150,Alappuzha,Chengannur,Rural,Villa,1059,1,1,18,0,Semi-Furnished,0,7.5,Main Road,No,2880000,4300,Research-informed synthetic estimate
KHP101151,Pathanamthitta,Mallappally,Semi-Urban,Residential Plot,3406,4,4,24,2,Unfurnished,2,8.0,Highway Access,Yes,9560000,3000,Research-informed synthetic estimate
KHP101152,Wayanad,Sulthan Bathery,Rural,Villa,1541,3,3,20,1,Semi-Furnished,2,0.6,Narrow Road,No,4120000,3900,Research-informed synthetic estimate
KHP101153,Pathanamthitta,Konni,Rural,Apartment,2911,4,4,14,0,Fully Furnished,3,3.4,Narrow Road,No,7060000,2900,Research-informed synthetic estimate
KHP101154,Kannur,Thottada,Rural,Independent House,2647,2,2,29,0,Semi-Furnished,0,6.4,Local Road,Yes,7650000,4200,Research-informed synthetic estimate
KHP101155,Kottayam,Changanassery,Rural,Apartment,2664,4,4,18,0,Semi-Furnished,0,3.3,Local Road,Yes,9300000,4300,Research-informed synthetic estimate
KHP101156,Palakkad,Olavakkode,Semi-Urban,Independent House,672,1,1,10,2,Semi-Furnished,2,2.2,Local Road,No,2460000,4100,Research-informed synthetic estimate
KHP101157,Kasaragod,Cheruvathur,Rural,Independent House,1517,3,3,18,0,Fully Furnished,2,6.6,Main Road,Yes,3990000,2900,Research-informed synthetic estimate
KHP101158,Ernakulam,Maradu,Rural,Apartment,3816,6,5,5,1,Semi-Furnished,0,2.1,Main Road,No,31940000,7300,Research-informed synthetic estimate
KHP101159,Wayanad,Kalpetta,Semi-Urban,Villa,2796,4,4,3,1,Fully Furnished,0,2.1,Local Road,No,16070000,4300,Research-informed synthetic estimate
KHP101160,Kasaragod,Nileshwar,Semi-Urban,Independent House,677,1,1,25,2,Fully Furnished,0,13.1,Main Road,Yes,1680000,3200,Research-informed synthetic estimate
KHP101161,Kottayam,Pala,Semi-Urban,Residential Plot,1082,3,3,0,1,Semi-Furnished,1,1.9,Narrow Road,No,3970000,4200,Research-informed synthetic estimate
KHP101162,Ernakulam,Kizhakkambalam,Semi-Urban,Independent House,754,1,1,4,1,Semi-Furnished,2,3.6,Local Road,No,3350000,4700,Research-informed synthetic estimate
KHP101163,Kasaragod,Cheruvathur,Rural,Independent House,2479,4,4,25,0,Unfurnished,1,7.1,Main Road,Yes,5390000,2900,Research-informed synthetic estimate
KHP101164,Wayanad,Meppadi,Rural,Villa,3524,6,5,11,2,Fully Furnished,0,5.4,Main Road,No,15280000,3300,Research-informed synthetic estimate
KHP101165,Pathanamthitta,Adoor,Semi-Urban,Independent House,1553,3,3,21,1,Unfurnished,2,6.4,Narrow Road,No,4520000,3900,Research-informed synthetic estimate
KHP101166,Idukki,Munnar,Semi-Urban,Residential Plot,2211,5,4,3,1,Semi-Furnished,2,0.7,Local Road,No,14030000,6500,Research-informed synthetic estimate
KHP101167,Kozhikode,Mukkam,Rural,Apartment,3049,5,5,17,0,Unfurnished,4,1.5,Local Road,No,8770000,3000,Research-informed synthetic estimate
KHP101168,Alappuzha,Ambalappuzha,Semi-Urban,Independent House,3954,6,5,21,0,Semi-Furnished,2,9.9,Narrow Road,No,11070000,3400,Research-informed synthetic estimate
KHP101169,Pathanamthitta,Ranni,Rural,Villa,3215,5,5,29,0,Unfurnished,1,2.7,Main Road,Yes,9370000,3000,Research-informed synthetic estimate
KHP101170,Malappuram,Manjeri,Semi-Urban,Independent House,1373,2,1,3,0,Semi-Furnished,0,11.5,Local Road,No,4990000,4300,Research-informed synthetic estimate
KHP101171,Thrissur,Irinjalakuda,Rural,Independent House,1606,2,2,19,1,Semi-Furnished,1,5.6,Main Road,Yes,4600000,3400,Research-informed synthetic estimate
KHP101172,Pathanamthitta,Konni,Rural,Villa,951,2,2,21,1,Unfurnished,2,0.3,Highway Access,No,2720000,2900,Research-informed synthetic estimate
KHP101173,Kannur,Kannur Town,Urban,Independent House,2049,3,3,22,1,Fully Furnished,0,8.9,Local Road,No,8560000,4500,Research-informed synthetic estimate
KHP101174,Kasaragod,Uppala,Semi-Urban,Apartment,2877,4,4,15,0,Fully Furnished,6,2.7,Local Road,Yes,9390000,3000,Research-informed synthetic estimate
KHP101175,Kollam,Kottarakkara,Semi-Urban,Villa,2030,3,3,24,1,Semi-Furnished,1,2.1,Local Road,No,5620000,3400,Research-informed synthetic estimate
KHP101176,Kasaragod,Cheruvathur,Rural,Apartment,3671,5,5,16,2,Fully Furnished,3,6.8,Local Road,No,11530000,2900,Research-informed synthetic estimate
KHP101177,Thrissur,Ayyanthole,Rural,Independent House,3723,6,5,28,3,Fully Furnished,1,1.8,Local Road,Yes,17820000,5000,Research-informed synthetic estimate
KHP101178,Ernakulam,Perumbavoor,Rural,Independent House,2001,2,1,7,1,Unfurnished,0,5.1,Local Road,Yes,5460000,3600,Research-informed synthetic estimate
KHP101179,Alappuzha,Chengannur,Semi-Urban,Apartment,3211,6,5,28,1,Unfurnished,0,6.6,Local Road,Yes,13980000,4300,Research-informed synthetic estimate
KHP101180,Thiruvananthapuram,Kazhakoottam,Semi-Urban,Apartment,3075,5,5,18,0,Semi-Furnished,7,3.6,Highway Access,Yes,23490000,6800,Research-informed synthetic estimate
KHP101181,Idukki,Painavu,Rural,Apartment,2987,3,3,7,2,Unfurnished,0,2.2,Narrow Road,No,5630000,2600,Research-informed synthetic estimate
KHP101182,Kollam,Punalur,Semi-Urban,Apartment,3402,4,4,10,1,Semi-Furnished,2,9.3,Main Road,No,10540000,3000,Research-informed synthetic estimate
KHP101183,Pathanamthitta,Pandalam,Semi-Urban,Apartment,3638,5,5,0,2,Unfurnished,4,8.6,Highway Access,No,17020000,3400,Research-informed synthetic estimate
KHP101184,Kottayam,Ettumanoor,Semi-Urban,Independent House,2257,4,4,0,1,Semi-Furnished,1,2.0,Local Road,Yes,9860000,3900,Research-informed synthetic estimate
KHP101185,Kottayam,Ettumanoor,Semi-Urban,Independent House,897,1,1,9,1,Fully Furnished,0,4.5,Local Road,Yes,3330000,3900,Research-informed synthetic estimate
KHP101186,Palakkad,Ottapalam,Rural,Independent House,3850,6,5,13,2,Semi-Furnished,0,1.0,Main Road,No,13120000,3200,Research-informed synthetic estimate
KHP101187,Kozhikode,Vadakara,Rural,Independent House,3852,6,5,11,2,Unfurnished,2,3.7,Highway Access,No,30880000,6800,Research-informed synthetic estimate
KHP101188,Pathanamthitta,Ranni,Rural,Villa,3921,6,5,22,1,Fully Furnished,0,10.4,Local Road,No,12390000,3000,Research-informed synthetic estimate
KHP101189,Kottayam,Pala,Semi-Urban,Residential Plot,2571,3,2,28,0,Semi-Furnished,2,2.9,Main Road,No,8990000,4200,Research-informed synthetic estimate
KHP101190,Kannur,Sreekandapuram,Rural,Villa,3021,4,4,13,1,Unfurnished,2,1.5,Narrow Road,Yes,7680000,2900,Research-informed synthetic estimate
KHP101191,Kottayam,Vaikom,Semi-Urban,Residential Plot,3117,4,4,1,1,Semi-Furnished,0,3.7,Main Road,No,11380000,3500,Research-informed synthetic estimate
KHP101192,Pathanamthitta,Pandalam,Semi-Urban,Independent House,837,1,1,0,0,Semi-Furnished,1,9.7,Main Road,Yes,2850000,3400,Research-informed synthetic estimate
KHP101193,Pathanamthitta,Ranni,Rural,Independent House,3396,5,5,11,2,Fully Furnished,2,7.0,Main Road,No,10870000,3000,Research-informed synthetic estimate
KHP101194,Alappuzha,Haripad,Semi-Urban,Independent House,3888,6,5,13,2,Unfurnished,1,10.2,Local Road,Yes,11780000,3200,Research-informed synthetic estimate
KHP101195,Thrissur,Mannuthy,Semi-Urban,Apartment,2873,5,5,17,0,Unfurnished,6,3.0,Main Road,No,10960000,4000,Research-informed synthetic estimate
KHP101196,Kannur,Iritty,Rural,Residential Plot,1598,2,1,8,1,Fully Furnished,1,1.7,Local Road,No,3240000,2800,Research-informed synthetic estimate
KHP101197,Idukki,Kumily,Semi-Urban,Villa,3882,5,5,9,1,Fully Furnished,0,2.9,Main Road,No,16670000,3400,Research-informed synthetic estimate
KHP101198,Kannur,Thottada,Semi-Urban,Villa,2065,4,3,1,1,Semi-Furnished,1,0.6,Local Road,No,11270000,4200,Research-informed synthetic estimate
KHP101199,Thrissur,Chalakudy,Semi-Urban,Independent House,1356,2,2,3,0,Semi-Furnished,0,1.7,Local Road,No,4600000,3900,Research-informed synthetic estimate
KHP101200,Pathanamthitta,Adoor,Semi-Urban,Independent House,835,1,1,15,1,Semi-Furnished,2,3.0,Local Road,Yes,2820000,3900,Research-informed synthetic estimate
KHP101201,Malappuram,Tirur,Semi-Urban,Apartment,2167,4,4,26,1,Unfurnished,2,2.1,Local Road,No,7840000,4200,Research-informed synthetic estimate
KHP101202,Kozhikode,Malaparamba,Semi-Urban,Independent House,1429,3,2,23,0,Unfurnished,2,4.7,Main Road,No,9200000,7500,Research-informed synthetic estimate
KHP101203,Kannur,Kannur Town,Urban,Independent House,2745,4,3,15,3,Unfurnished,2,5.6,Local Road,Yes,13510000,4500,Research-informed synthetic estimate
KHP101204,Kottayam,Pala,Semi-Urban,Independent House,882,2,2,14,0,Fully Furnished,2,5.8,Local Road,No,3250000,4200,Research-informed synthetic estimate
KHP101205,Kottayam,Manarcadu,Semi-Urban,Independent House,2920,4,4,5,3,Semi-Furnished,0,8.6,Local Road,No,10020000,3600,Research-informed synthetic estimate
KHP101206,Kozhikode,Kottooli,Rural,Villa,4199,6,5,19,0,Unfurnished,1,4.6,Local Road,No,24160000,6500,Research-informed synthetic estimate
KHP101207,Thiruvananthapuram,Kazhakoottam,Semi-Urban,Villa,988,1,1,9,0,Semi-Furnished,1,6.9,Local Road,Yes,5680000,6800,Research-informed synthetic estimate
KHP101208,Wayanad,Meppadi,Rural,Independent House,3836,6,5,19,3,Semi-Furnished,2,6.5,Narrow Road,No,11110000,3300,Research-informed synthetic estimate
KHP101209,Palakkad,Chittur,Semi-Urban,Independent House,1749,3,3,25,3,Unfurnished,0,5.0,Local Road,No,4040000,2900,Research-informed synthetic estimate
KHP101210,Pathanamthitta,Mallappally,Rural,Independent House,3871,6,5,0,1,Semi-Furnished,2,6.9,Local Road,No,11320000,3000,Research-informed synthetic estimate
KHP101211,Alappuzha,Kayamkulam,Semi-Urban,Villa,2708,3,3,19,1,Semi-Furnished,0,2.4,Local Road,No,8930000,3600,Research-informed synthetic estimate
KHP101212,Idukki,Nedumkandam,Rural,Residential Plot,2876,4,4,9,2,Fully Furnished,2,1.7,Narrow Road,No,5890000,2700,Research-informed synthetic estimate
KHP101213,Idukki,Nedumkandam,Rural,Villa,1536,2,2,3,0,Fully Furnished,0,10.3,Highway Access,No,4150000,2700,Research-informed synthetic estimate
KHP101214,Ernakulam,Thrippunithura,Semi-Urban,Independent House,3610,5,4,3,2,Unfurnished,0,11.0,Main Road,No,24430000,6000,Research-informed synthetic estimate
KHP101215,Kollam,Punalur,Rural,Villa,2382,4,4,6,1,Unfurnished,2,7.2,Narrow Road,Yes,5020000,3000,Research-informed synthetic estimate
KHP101216,Kottayam,Kumarakom,Semi-Urban,Independent House,2177,3,2,23,3,Semi-Furnished,1,10.4,Narrow Road,No,10590000,6500,Research-informed synthetic estimate
KHP101217,Wayanad,Panamaram,Rural,Independent House,2935,5,5,8,1,Unfurnished,0,1.7,Local Road,Yes,7380000,2900,Research-informed synthetic estimate
KHP101218,Palakkad,Pattambi,Semi-Urban,Independent House,3478,6,5,27,2,Unfurnished,1,3.1,Narrow Road,No,8230000,3000,Research-informed synthetic estimate
KHP101219,Kannur,Payyannur,Semi-Urban,Independent House,2626,3,3,14,2,Semi-Furnished,2,2.9,Local Road,No,10170000,3900,Research-informed synthetic estimate
KHP101220,Alappuzha,Alappuzha Beach,Semi-Urban,Independent House,1986,2,2,29,2,Unfurnished,0,7.6,Highway Access,No,10710000,6800,Research-informed synthetic estimate
KHP101221,Palakkad,Mannarkkad,Rural,Villa,4124,5,4,13,1,Unfurnished,1,2.2,Main Road,No,12530000,2800,Research-informed synthetic estimate
KHP101222,Kannur,Sreekandapuram,Rural,Apartment,2680,4,4,0,0,Semi-Furnished,5,1.2,Main Road,Yes,9450000,2900,Research-informed synthetic estimate
KHP101223,Ernakulam,Chottanikkara,Semi-Urban,Apartment,2840,3,3,28,0,Semi-Furnished,1,2.2,Local Road,Yes,9020000,4200,Research-informed synthetic estimate
KHP101224,Wayanad,Vythiri,Semi-Urban,Independent House,3504,6,5,3,2,Fully Furnished,0,4.4,Local Road,No,21230000,4700,Research-informed synthetic estimate
KHP101225,Pathanamthitta,Pathanamthitta Town,Rural,Residential Plot,715,1,1,25,1,Semi-Furnished,2,1.6,Local Road,No,1650000,3800,Research-informed synthetic estimate
KHP101226,Malappuram,Nilambur,Rural,Apartment,1627,2,2,4,2,Unfurnished,0,4.7,Main Road,Yes,4860000,3300,Research-informed synthetic estimate
KHP101227,Malappuram,Kottakkal,Semi-Urban,Apartment,3361,5,5,27,1,Fully Furnished,1,4.3,Local Road,Yes,14880000,4400,Research-informed synthetic estimate
KHP101228,Kollam,Chathannoor,Rural,Apartment,1482,2,2,16,1,Unfurnished,0,2.9,Narrow Road,No,3180000,3200,Research-informed synthetic estimate
KHP101229,Kasaragod,Hosdurg,Semi-Urban,Apartment,1127,2,1,16,1,Fully Furnished,3,0.3,Main Road,Yes,3620000,3300,Research-informed synthetic estimate
KHP101230,Pathanamthitta,Thiruvalla,Semi-Urban,Independent House,1475,3,3,13,1,Unfurnished,1,5.4,Local Road,No,5540000,4700,Research-informed synthetic estimate
KHP101231,Kozhikode,Kottooli,Semi-Urban,Residential Plot,4000,6,5,25,1,Semi-Furnished,0,4.4,Main Road,No,19330000,6500,Research-informed synthetic estimate
KHP101232,Ernakulam,Muvattupuzha,Rural,Villa,687,1,1,28,0,Unfurnished,1,3.4,Local Road,No,1650000,3700,Research-informed synthetic estimate
KHP101233,Kannur,Thalassery,Semi-Urban,Apartment,3910,5,5,25,1,Semi-Furnished,3,13.3,Narrow Road,No,13280000,4300,Research-informed synthetic estimate
KHP101234,Palakkad,Palakkad Town,Urban,Independent House,3371,6,5,0,0,Fully Furnished,2,2.7,Main Road,No,17030000,3900,Research-informed synthetic estimate
KHP101235,Ernakulam,Vennala,Semi-Urban,Villa,4111,6,5,12,2,Fully Furnished,0,3.4,Local Road,No,37170000,7200,Research-informed synthetic estimate
KHP101236,Alappuzha,Muhamma,Rural,Independent House,3686,6,5,20,3,Unfurnished,0,2.8,Local Road,No,12680000,4000,Research-informed synthetic estimate
KHP101237,Pathanamthitta,Konni,Rural,Villa,1944,4,4,0,1,Semi-Furnished,2,7.1,Local Road,Yes,5420000,2900,Research-informed synthetic estimate
KHP101238,Thiruvananthapuram,Kazhakkoottam,Semi-Urban,Independent House,827,2,2,14,3,Fully Furnished,1,2.7,Local Road,No,5040000,6800,Research-informed synthetic estimate
KHP101239,Kottayam,Kottayam Town,Urban,Residential Plot,4147,6,5,9,0,Unfurnished,1,1.6,Narrow Road,No,16130000,5200,Research-informed synthetic estimate
KHP101240,Malappuram,Kottakkal,Semi-Urban,Apartment,3795,5,5,23,1,Unfurnished,3,2.5,Highway Access,No,17500000,4400,Research-informed synthetic estimate
KHP101241,Thrissur,Ayyanthole,Semi-Urban,Villa,1566,3,3,23,1,Semi-Furnished,0,12.7,Highway Access,Yes,7180000,5000,Research-informed synthetic estimate
KHP101242,Pathanamthitta,Thiruvalla,Semi-Urban,Independent House,1803,4,4,8,2,Fully Furnished,2,2.4,Main Road,No,9890000,4700,Research-informed synthetic estimate
KHP101243,Thiruvananthapuram,Kazhakoottam,Rural,Independent House,2770,4,4,29,0,Semi-Furnished,0,2.0,Local Road,Yes,13230000,6800,Research-informed synthetic estimate
KHP101244,Ernakulam,Kadavanthra,Urban,Villa,4109,5,5,24,2,Unfurnished,0,0.6,Main Road,Yes,35030000,9000,Research-informed synthetic estimate
KHP101245,Kottayam,Kanjirappally,Rural,Independent House,803,1,1,5,2,Semi-Furnished,2,7.6,Local Road,No,1700000,3000,Research-informed synthetic estimate
KHP101246,Thiruvananthapuram,Kazhakkoottam,Semi-Urban,Residential Plot,2564,3,3,4,1,Semi-Furnished,1,3.8,Local Road,No,11860000,6800,Research-informed synthetic estimate
KHP101247,Thrissur,Chalakudy,Rural,Independent House,949,1,1,20,0,Unfurnished,1,9.2,Narrow Road,No,1900000,3900,Research-informed synthetic estimate
KHP101248,Thrissur,Thrissur Town,Urban,Independent House,1207,1,1,5,1,Unfurnished,2,10.2,Main Road,Yes,6150000,5000,Research-informed synthetic estimate
KHP101249,Kannur,Iritty,Rural,Apartment,876,2,2,1,0,Semi-Furnished,1,6.0,Main Road,No,2510000,2800,Research-informed synthetic estimate
KHP101250,Kottayam,Kottayam Town,Urban,Independent House,1405,2,2,29,3,Unfurnished,0,5.4,Narrow Road,No,5120000,5200,Research-informed synthetic estimate
KHP101251,Palakkad,Shoranur,Semi-Urban,Independent House,2094,3,3,5,1,Semi-Furnished,1,5.1,Main Road,No,7670000,3100,Research-informed synthetic estimate
KHP101252,Thrissur,Kuttanellur,Semi-Urban,Apartment,1541,2,2,2,1,Semi-Furnished,7,3.0,Local Road,No,7890000,5500,Research-informed synthetic estimate
KHP101253,Kottayam,Vaikom,Rural,Independent House,2204,3,3,11,3,Semi-Furnished,0,2.4,Highway Access,No,7430000,3500,Research-informed synthetic estimate
KHP101254,Malappuram,Kottakkal,Semi-Urban,Independent House,2642,3,2,5,0,Semi-Furnished,2,1.4,Highway Access,No,14110000,4400,Research-informed synthetic estimate
KHP101255,Palakkad,Ottapalam,Rural,Residential Plot,1483,1,1,23,0,Fully Furnished,2,2.5,Main Road,Yes,2570000,3200,Research-informed synthetic estimate
KHP101256,Kollam,Paravur,Semi-Urban,Independent House,2854,5,5,25,0,Semi-Furnished,1,7.1,Local Road,No,8010000,3600,Research-informed synthetic estimate
KHP101257,Wayanad,Kalpetta,Rural,Apartment,2477,4,4,21,1,Semi-Furnished,3,1.1,Highway Access,Yes,11070000,4300,Research-informed synthetic estimate
KHP101258,Kozhikode,Mavoor Road,Urban,Villa,3631,5,5,26,1,Fully Furnished,0,3.5,Main Road,No,26760000,6400,Research-informed synthetic estimate
KHP101259,Malappuram,Kottakkal,Rural,Independent House,1585,2,2,28,1,Fully Furnished,2,2.0,Main Road,No,5390000,4400,Research-informed synthetic estimate
KHP101260,Wayanad,Kalpetta,Rural,Apartment,3642,6,5,19,1,Semi-Furnished,5,2.7,Local Road,Yes,16830000,4300,Research-informed synthetic estimate
KHP101261,Thrissur,Mannuthy,Semi-Urban,Independent House,788,2,1,1,1,Semi-Furnished,0,6.8,Narrow Road,No,2590000,4000,Research-informed synthetic estimate
KHP101262,Thrissur,Ayyanthole,Semi-Urban,Independent House,2187,2,2,28,0,Fully Furnished,0,6.0,Local Road,No,8750000,5000,Research-informed synthetic estimate
KHP101263,Kasaragod,Manjeshwar,Semi-Urban,Independent House,3309,5,5,17,1,Semi-Furnished,0,7.8,Main Road,No,11180000,3400,Research-informed synthetic estimate
KHP101264,Idukki,Adimali,Semi-Urban,Independent House,2513,4,4,12,0,Unfurnished,1,2.5,Local Road,Yes,6950000,3000,Research-informed synthetic estimate
KHP101265,Thrissur,Ayyanthole,Semi-Urban,Independent House,1002,2,1,11,3,Semi-Furnished,2,5.7,Local Road,Yes,4570000,5000,Research-informed synthetic estimate
KHP101266,Kollam,Chathannoor,Semi-Urban,Residential Plot,1428,2,2,6,2,Semi-Furnished,0,5.9,Local Road,No,4010000,3200,Research-informed synthetic estimate
KHP101267,Kollam,Paravur,Rural,Independent House,3694,5,4,16,0,Unfurnished,0,5.6,Local Road,No,9660000,3600,Research-informed synthetic estimate
KHP101268,Kasaragod,Bekal,Rural,Independent House,3980,5,5,20,1,Unfurnished,1,10.6,Narrow Road,No,13590000,4200,Research-informed synthetic estimate
KHP101269,Kozhikode,Karaparamba,Semi-Urban,Villa,1077,1,1,27,2,Semi-Furnished,1,3.3,Local Road,Yes,3830000,4000,Research-informed synthetic estimate
KHP101270,Kollam,Punalur,Semi-Urban,Apartment,2007,3,3,1,0,Semi-Furnished,7,4.5,Main Road,No,6340000,3000,Research-informed synthetic estimate
KHP101271,Kannur,Iritty,Rural,Independent House,1722,3,3,22,0,Unfurnished,0,2.1,Main Road,No,3490000,2800,Research-informed synthetic estimate
KHP101272,Palakkad,Alathur,Rural,Independent House,1692,3,2,30,0,Unfurnished,0,0.6,Local Road,No,3190000,2900,Research-informed synthetic estimate
KHP101273,Alappuzha,Ambalappuzha,Semi-Urban,Apartment,4097,6,5,19,1,Semi-Furnished,1,5.8,Main Road,No,16910000,3400,Research-informed synthetic estimate
KHP101274,Palakkad,Mannarkkad,Rural,Villa,2804,4,4,26,1,Unfurnished,1,2.6,Main Road,No,7450000,2800,Research-informed synthetic estimate
KHP101275,Kannur,Thalassery,Semi-Urban,Independent House,2487,4,4,1,2,Semi-Furnished,1,4.5,Local Road,No,10740000,4300,Research-informed synthetic estimate
KHP101276,Pathanamthitta,Pandalam,Semi-Urban,Independent House,4110,5,5,2,1,Semi-Furnished,0,0.5,Local Road,No,16450000,3400,Research-informed synthetic estimate
KHP101277,Kollam,Kavanad,Rural,Independent House,2307,3,3,28,0,Semi-Furnished,1,3.6,Local Road,No,6960000,5000,Research-informed synthetic estimate
KHP101278,Thrissur,Koorkenchery,Semi-Urban,Independent House,3435,6,5,10,2,Semi-Furnished,2,1.8,Narrow Road,No,20660000,6500,Research-informed synthetic estimate
KHP101279,Thrissur,Ollur,Rural,Apartment,3002,4,4,15,1,Fully Furnished,5,7.2,Highway Access,No,28940000,9000,Research-informed synthetic estimate
KHP101280,Malappuram,Nilambur,Rural,Apartment,2493,3,3,13,3,Semi-Furnished,0,0.7,Main Road,No,7890000,3300,Research-informed synthetic estimate
KHP101281,Idukki,Nedumkandam,Rural,Independent House,3345,5,5,23,1,Fully Furnished,1,3.8,Narrow Road,No,7440000,2700,Research-informed synthetic estimate
KHP101282,Ernakulam,Thevakkal,Semi-Urban,Independent House,2608,3,2,19,0,Unfurnished,0,0.8,Main Road,No,12490000,5400,Research-informed synthetic estimate
KHP101283,Pathanamthitta,Thiruvalla,Semi-Urban,Villa,3699,5,5,25,2,Semi-Furnished,2,4.1,Local Road,Yes,17590000,4700,Research-informed synthetic estimate
KHP101284,Thiruvananthapuram,Kazhakoottam,Semi-Urban,Villa,2457,4,4,1,0,Semi-Furnished,0,1.8,Local Road,No,16430000,6800,Research-informed synthetic estimate
KHP101285,Kottayam,Kanjirappally,Rural,Independent House,3746,5,5,0,0,Semi-Furnished,1,0.6,Local Road,No,13700000,3000,Research-informed synthetic estimate
KHP101286,Thiruvananthapuram,Kazhakkoottam,Rural,Independent House,3966,6,5,26,0,Unfurnished,2,7.0,Local Road,No,20680000,6800,Research-informed synthetic estimate
KHP101287,Thrissur,Thrissur Town,Urban,Villa,2507,4,4,15,1,Semi-Furnished,1,2.2,Narrow Road,No,13080000,5000,Research-informed synthetic estimate
KHP101288,Ernakulam,Palarivattom,Urban,Residential Plot,2583,4,3,19,2,Semi-Furnished,2,5.3,Highway Access,No,16050000,7500,Research-informed synthetic estimate
KHP101289,Kozhikode,Malaparamba,Semi-Urban,Independent House,888,2,2,25,1,Semi-Furnished,0,14.2,Main Road,Yes,5480000,7500,Research-informed synthetic estimate
KHP101290,Kollam,Paravur,Rural,Villa,3180,5,5,22,1,Semi-Furnished,0,6.3,Local Road,No,9630000,3600,Research-informed synthetic estimate
KHP101291,Alappuzha,Chengannur,Semi-Urban,Apartment,1571,3,3,25,0,Semi-Furnished,5,16.6,Main Road,Yes,5380000,4300,Research-informed synthetic estimate
KHP101292,Alappuzha,Haripad,Semi-Urban,Residential Plot,3893,6,5,5,1,Unfurnished,1,6.0,Main Road,No,12010000,3200,Research-informed synthetic estimate
KHP101293,Palakkad,Olavakkode,Rural,Independent House,1459,3,3,27,1,Semi-Furnished,1,6.7,Highway Access,Yes,4590000,4100,Research-informed synthetic estimate
KHP101294,Ernakulam,Marine Drive,Urban,Independent House,3182,4,4,1,1,Semi-Furnished,2,4.5,Main Road,Yes,51500000,12500,Research-informed synthetic estimate
KHP101295,Thrissur,Guruvayur,Semi-Urban,Residential Plot,3056,4,3,25,2,Unfurnished,0,4.0,Main Road,No,10360000,3700,Research-informed synthetic estimate
KHP101296,Kollam,Paravur,Semi-Urban,Independent House,3229,4,4,19,0,Unfurnished,1,6.5,Main Road,Yes,10000000,3600,Research-informed synthetic estimate
KHP101297,Thiruvananthapuram,Neyyattinkara,Semi-Urban,Apartment,3890,6,5,3,0,Fully Furnished,4,3.3,Local Road,No,17970000,4200,Research-informed synthetic estimate
KHP101298,Kasaragod,Kanhangad,Rural,Villa,3193,5,5,29,3,Unfurnished,1,2.3,Local Road,No,9870000,3500,Research-informed synthetic estimate
KHP101299,Alappuzha,Muhamma,Rural,Independent House,3973,6,5,3,0,Unfurnished,0,3.3,Highway Access,No,17410000,4000,Research-informed synthetic estimate
KHP101300,Thrissur,Chalakudy,Semi-Urban,Independent House,3215,4,4,0,1,Unfurnished,0,2.9,Main Road,Yes,13710000,3900,Research-informed synthetic estimate
KHP101301,Wayanad,Ambalavayal,Rural,Villa,976,3,3,19,1,Semi-Furnished,1,1.1,Main Road,No,2930000,3200,Research-informed synthetic estimate
KHP101302,Kannur,Taliparamba,Semi-Urban,Independent House,1271,3,3,11,0,Semi-Furnished,1,5.3,Local Road,No,4000000,3500,Research-informed synthetic estimate
KHP101303,Kannur,Payyannur,Rural,Independent House,2866,4,4,10,0,Unfurnished,2,3.7,Highway Access,No,9340000,3900,Research-informed synthetic estimate
KHP101304,Kollam,Chinnakada,Urban,Independent House,2224,4,3,11,1,Unfurnished,0,1.6,Main Road,Yes,13110000,5000,Research-informed synthetic estimate
KHP101305,Kasaragod,Uppala,Semi-Urban,Residential Plot,2062,4,4,14,2,Fully Furnished,2,0.3,Highway Access,Yes,5880000,3000,Research-informed synthetic estimate
KHP101306,Kannur,Taliparamba,Semi-Urban,Villa,2575,5,5,28,2,Fully Furnished,0,1.4,Narrow Road,No,9820000,3500,Research-informed synthetic estimate
KHP101307,Pathanamthitta,Pathanamthitta Town,Semi-Urban,Independent House,2317,2,2,23,1,Unfurnished,0,8.3,Narrow Road,No,5970000,3800,Research-informed synthetic estimate
KHP101308,Idukki,Painavu,Rural,Independent House,4142,6,5,0,1,Unfurnished,1,1.8,Local Road,No,11030000,2600,Research-informed synthetic estimate
KHP101309,Pathanamthitta,Mallappally,Semi-Urban,Independent House,3335,6,5,29,2,Unfurnished,1,9.6,Local Road,No,7650000,3000,Research-informed synthetic estimate
KHP101310,Thrissur,Naikkanal,Semi-Urban,Villa,3376,6,5,22,1,Unfurnished,1,6.4,Local Road,No,18290000,5300,Research-informed synthetic estimate
KHP101311,Wayanad,Ambalavayal,Semi-Urban,Apartment,2386,2,2,11,0,Unfurnished,1,7.9,Main Road,Yes,7200000,3200,Research-informed synthetic estimate
KHP101312,Ernakulam,North Paravur,Semi-Urban,Villa,1815,3,3,18,1,Semi-Furnished,2,4.8,Local Road,No,7550000,4100,Research-informed synthetic estimate
KHP101313,Thrissur,Kodungallur,Semi-Urban,Residential Plot,2246,4,4,9,1,Semi-Furnished,0,1.0,Highway Access,No,7920000,3600,Research-informed synthetic estimate
KHP101314,Palakkad,Olavakkode,Semi-Urban,Villa,3308,5,4,18,0,Unfurnished,0,1.9,Local Road,No,12530000,4100,Research-informed synthetic estimate
KHP101315,Kasaragod,Cheruvathur,Rural,Independent House,3966,6,5,9,0,Semi-Furnished,1,1.4,Local Road,Yes,12860000,2900,Research-informed synthetic estimate
KHP101316,Idukki,Adimali,Semi-Urban,Independent House,1427,2,1,1,0,Unfurnished,0,4.7,Local Road,No,3860000,3000,Research-informed synthetic estimate
KHP101317,Kollam,Kollam Town,Urban,Apartment,2344,2,1,15,0,Unfurnished,3,4.5,Main Road,No,10140000,4800,Research-informed synthetic estimate
KHP101318,Kannur,Chala,Rural,Apartment,738,1,1,21,0,Semi-Furnished,2,9.1,Narrow Road,No,1540000,3600,Research-informed synthetic estimate
KHP101319,Kannur,Sreekandapuram,Rural,Independent House,2328,4,3,5,1,Semi-Furnished,2,4.6,Local Road,No,6850000,2900,Research-informed synthetic estimate
KHP101320,Kollam,Paravur,Rural,Independent House,1209,1,1,22,3,Fully Furnished,1,7.6,Narrow Road,Yes,2680000,3600,Research-informed synthetic estimate
KHP101321,Kannur,Iritty,Rural,Residential Plot,2277,3,3,8,1,Fully Furnished,1,13.7,Local Road,No,4240000,2800,Research-informed synthetic estimate
KHP101322,Kasaragod,Hosdurg,Semi-Urban,Villa,2320,4,4,7,1,Semi-Furnished,0,1.5,Main Road,Yes,9930000,3300,Research-informed synthetic estimate
KHP101323,Alappuzha,Chengannur,Semi-Urban,Independent House,1250,1,1,26,0,Semi-Furnished,2,1.3,Main Road,No,4070000,4300,Research-informed synthetic estimate
KHP101324,Thrissur,Guruvayur,Rural,Residential Plot,2526,4,4,18,3,Fully Furnished,2,2.7,Local Road,No,7840000,3700,Research-informed synthetic estimate
KHP101325,Kannur,Taliparamba,Semi-Urban,Independent House,2111,3,3,14,1,Semi-Furnished,2,1.4,Local Road,No,6310000,3500,Research-informed synthetic estimate
KHP101326,Wayanad,Panamaram,Rural,Independent House,2615,5,5,19,1,Semi-Furnished,0,6.1,Narrow Road,No,5030000,2900,Research-informed synthetic estimate
KHP101327,Kottayam,Kottayam Town,Urban,Apartment,895,2,2,4,0,Semi-Furnished,0,3.9,Local Road,Yes,5040000,5200,Research-informed synthetic estimate
KHP101328,Kannur,Mattannur,Rural,Independent House,706,1,1,28,2,Unfurnished,2,10.0,Narrow Road,No,1200000,3400,Research-informed synthetic estimate
KHP101329,Kottayam,Kanjirappally,Rural,Residential Plot,1361,2,1,13,0,Semi-Furnished,2,3.7,Main Road,No,2470000,3000,Research-informed synthetic estimate
KHP101330,Kottayam,Pala,Rural,Apartment,2294,3,2,24,0,Semi-Furnished,3,1.7,Main Road,Yes,7970000,4200,Research-informed synthetic estimate
KHP101331,Kollam,Kottarakkara,Semi-Urban,Villa,1338,3,3,6,2,Fully Furnished,0,2.1,Local Road,Yes,5610000,3400,Research-informed synthetic estimate
KHP101332,Idukki,Adimali,Semi-Urban,Residential Plot,4076,6,5,7,1,Unfurnished,2,7.1,Main Road,Yes,10990000,3000,Research-informed synthetic estimate
KHP101333,Thrissur,Kodungallur,Rural,Villa,763,1,1,21,1,Unfurnished,0,8.4,Local Road,No,1780000,3600,Research-informed synthetic estimate
KHP101334,Kannur,Taliparamba,Semi-Urban,Independent House,1022,2,2,17,0,Unfurnished,2,4.2,Main Road,No,2840000,3500,Research-informed synthetic estimate
KHP101335,Palakkad,Olavakkode,Rural,Independent House,3220,5,5,26,3,Unfurnished,0,0.3,Main Road,No,10140000,4100,Research-informed synthetic estimate
KHP101336,Ernakulam,Thevakkal,Semi-Urban,Independent House,3427,6,5,23,0,Semi-Furnished,2,9.1,Main Road,No,16510000,5400,Research-informed synthetic estimate
KHP101337,Thiruvananthapuram,Attingal,Semi-Urban,Apartment,3738,4,4,5,2,Semi-Furnished,1,4.5,Main Road,No,17020000,3900,Research-informed synthetic estimate
KHP101338,Kannur,Kannur Town,Urban,Independent House,1363,2,2,0,0,Fully Furnished,0,1.4,Highway Access,Yes,8230000,4500,Research-informed synthetic estimate
KHP101339,Wayanad,Sulthan Bathery,Semi-Urban,Apartment,1148,1,1,9,3,Unfurnished,3,3.2,Local Road,No,4030000,3900,Research-informed synthetic estimate
KHP101340,Kollam,Punalur,Semi-Urban,Villa,3425,5,4,21,1,Semi-Furnished,1,12.0,Local Road,Yes,9680000,3000,Research-informed synthetic estimate
KHP101341,Thrissur,Ollur,Semi-Urban,Independent House,2840,4,3,16,1,Semi-Furnished,0,5.2,Main Road,No,22300000,9000,Research-informed synthetic estimate
KHP101342,Idukki,Munnar,Semi-Urban,Independent House,2948,5,5,21,1,Fully Furnished,0,2.7,Local Road,Yes,22360000,6500,Research-informed synthetic estimate
KHP101343,Alappuzha,Alappuzha Town,Urban,Independent House,2073,3,3,20,1,Fully Furnished,2,1.6,Local Road,No,12320000,6000,Research-informed synthetic estimate
KHP101344,Thiruvananthapuram,Kowdiar,Urban,Villa,1935,3,2,25,2,Semi-Furnished,2,1.2,Narrow Road,No,15710000,9000,Research-informed synthetic estimate
KHP101345,Kollam,Kavanad,Rural,Independent House,1752,2,2,25,0,Semi-Furnished,1,5.9,Highway Access,No,6710000,5000,Research-informed synthetic estimate
KHP101346,Idukki,Nedumkandam,Rural,Apartment,4040,6,5,23,1,Semi-Furnished,5,4.9,Main Road,No,11890000,2700,Research-informed synthetic estimate
KHP101347,Malappuram,Kottakkal,Semi-Urban,Apartment,2712,4,4,12,0,Semi-Furnished,1,8.8,Main Road,No,10260000,4400,Research-informed synthetic estimate
KHP101348,Thrissur,Naikkanal,Semi-Urban,Apartment,1076,3,3,7,3,Semi-Furnished,5,2.5,Highway Access,No,6660000,5300,Research-informed synthetic estimate
KHP101349,Pathanamthitta,Thiruvalla,Semi-Urban,Independent House,1632,3,2,20,0,Fully Furnished,0,1.7,Local Road,Yes,7600000,4700,Research-informed synthetic estimate
KHP101350,Idukki,Nedumkandam,Rural,Independent House,2011,3,3,18,1,Unfurnished,2,1.1,Main Road,No,4170000,2700,Research-informed synthetic estimate
KHP101351,Idukki,Adimali,Semi-Urban,Residential Plot,3776,6,5,16,0,Semi-Furnished,1,5.9,Narrow Road,No,8290000,3000,Research-informed synthetic estimate
KHP101352,Kasaragod,Nileshwar,Rural,Villa,2768,3,3,22,1,Semi-Furnished,2,7.0,Narrow Road,No,5980000,3200,Research-informed synthetic estimate
KHP101353,Idukki,Thodupuzha,Semi-Urban,Independent House,3694,6,5,17,0,Unfurnished,1,4.0,Main Road,No,14250000,3900,Research-informed synthetic estimate
KHP101354,Kasaragod,Bekal,Semi-Urban,Apartment,4115,6,5,1,0,Fully Furnished,3,2.4,Main Road,No,26920000,4200,Research-informed synthetic estimate
KHP101355,Idukki,Nedumkandam,Rural,Villa,3835,5,5,30,1,Semi-Furnished,2,4.2,Main Road,No,10630000,2700,Research-informed synthetic estimate
KHP101356,Alappuzha,Chengannur,Semi-Urban,Villa,2440,4,4,12,1,Fully Furnished,1,1.0,Local Road,No,12620000,4300,Research-informed synthetic estimate
KHP101357,Ernakulam,Palarivattom,Urban,Residential Plot,3811,6,5,26,2,Unfurnished,2,1.6,Local Road,Yes,24290000,7500,Research-informed synthetic estimate
KHP101358,Palakkad,Palakkad Town,Urban,Villa,3962,6,5,27,2,Semi-Furnished,2,8.6,Narrow Road,Yes,14340000,3900,Research-informed synthetic estimate
KHP101359,Malappuram,Kottakkal,Semi-Urban,Villa,2698,5,5,2,2,Semi-Furnished,0,2.6,Narrow Road,Yes,14640000,4400,Research-informed synthetic estimate
KHP101360,Pathanamthitta,Ranni,Rural,Independent House,3637,6,5,10,0,Semi-Furnished,2,7.1,Main Road,No,11470000,3000,Research-informed synthetic estimate
KHP101361,Thrissur,Koorkenchery,Semi-Urban,Independent House,2400,4,4,7,0,Unfurnished,0,1.8,Highway Access,No,18430000,6500,Research-informed synthetic estimate
KHP101362,Palakkad,Pattambi,Semi-Urban,Residential Plot,3084,4,4,6,2,Semi-Furnished,1,2.5,Main Road,Yes,7410000,3000,Research-informed synthetic estimate
KHP101363,Kottayam,Changanassery,Semi-Urban,Residential Plot,3230,6,5,24,1,Unfurnished,0,5.6,Main Road,Yes,12930000,4300,Research-informed synthetic estimate
KHP101364,Wayanad,Sulthan Bathery,Semi-Urban,Independent House,2276,5,5,8,1,Unfurnished,0,3.5,Local Road,No,7560000,3900,Research-informed synthetic estimate
KHP101365,Malappuram,Manjeri,Semi-Urban,Independent House,3517,5,5,16,1,Unfurnished,2,4.9,Local Road,No,14870000,4300,Research-informed synthetic estimate
KHP101366,Thiruvananthapuram,Vazhuthacaud,Urban,Apartment,1871,4,4,23,3,Unfurnished,6,7.0,Local Road,Yes,13890000,7800,Research-informed synthetic estimate
KHP101367,Kottayam,Vaikom,Semi-Urban,Independent House,3616,5,5,9,3,Unfurnished,2,2.0,Narrow Road,No,10660000,3500,Research-informed synthetic estimate
KHP101368,Kasaragod,Hosdurg,Semi-Urban,Apartment,4011,6,5,6,0,Unfurnished,0,0.8,Highway Access,No,19090000,3300,Research-informed synthetic estimate
KHP101369,Idukki,Kattappana,Rural,Independent House,3741,6,5,29,1,Unfurnished,1,2.7,Narrow Road,Yes,7580000,3000,Research-informed synthetic estimate
KHP101370,Kannur,Thalassery,Rural,Residential Plot,1159,2,2,23,0,Unfurnished,0,3.0,Main Road,No,2260000,4300,Research-informed synthetic estimate
KHP101371,Thiruvananthapuram,Sreekaryam,Semi-Urban,Independent House,3666,6,5,28,1,Unfurnished,2,0.6,Local Road,Yes,19630000,6200,Research-informed synthetic estimate
KHP101372,Alappuzha,Cherthala,Semi-Urban,Villa,3983,6,5,19,1,Semi-Furnished,0,6.9,Highway Access,No,22230000,4700,Research-informed synthetic estimate
KHP101373,Thiruvananthapuram,Nedumangad,Semi-Urban,Independent House,3330,5,5,7,3,Fully Furnished,2,2.9,Narrow Road,Yes,15000000,3600,Research-informed synthetic estimate
KHP101374,Kasaragod,Cheruvathur,Rural,Villa,1424,2,1,30,1,Unfurnished,2,2.9,Highway Access,Yes,3070000,2900,Research-informed synthetic estimate
KHP101375,Palakkad,Shoranur,Rural,Independent House,1237,3,3,20,1,Fully Furnished,1,2.7,Main Road,No,3560000,3100,Research-informed synthetic estimate
KHP101376,Kannur,Taliparamba,Semi-Urban,Apartment,4057,6,5,26,0,Semi-Furnished,2,2.9,Local Road,Yes,13710000,3500,Research-informed synthetic estimate
KHP101377,Idukki,Munnar,Semi-Urban,Independent House,3872,6,5,18,0,Semi-Furnished,2,8.1,Main Road,No,25420000,6500,Research-informed synthetic estimate
KHP101378,Alappuzha,Haripad,Semi-Urban,Villa,1633,3,3,16,2,Unfurnished,2,3.1,Main Road,No,5810000,3200,Research-informed synthetic estimate
KHP101379,Pathanamthitta,Pathanamthitta Town,Rural,Independent House,1065,2,2,8,2,Unfurnished,2,6.7,Local Road,No,2980000,3800,Research-informed synthetic estimate
KHP101380,Kottayam,Vaikom,Semi-Urban,Independent House,4007,6,5,18,2,Semi-Furnished,2,3.1,Local Road,No,14060000,3500,Research-informed synthetic estimate
KHP101381,Kannur,Thalassery,Semi-Urban,Apartment,831,2,2,4,2,Semi-Furnished,1,2.2,Main Road,No,4190000,4300,Research-informed synthetic estimate
KHP101382,Thiruvananthapuram,Attingal,Semi-Urban,Independent House,2010,3,3,27,2,Semi-Furnished,1,2.7,Main Road,No,6680000,3900,Research-informed synthetic estimate
KHP101383,Kasaragod,Cheruvathur,Rural,Independent House,4162,6,5,10,3,Semi-Furnished,1,7.5,Narrow Road,No,12150000,2900,Research-informed synthetic estimate
KHP101384,Thrissur,Kuttanellur,Rural,Apartment,3681,6,5,16,2,Semi-Furnished,7,1.0,Main Road,No,20880000,5500,Research-informed synthetic estimate
KHP101385,Kannur,Payyannur,Semi-Urban,Independent House,3132,6,5,0,0,Unfurnished,0,7.8,Local Road,No,11600000,3900,Research-informed synthetic estimate
KHP101386,Ernakulam,Kizhakkambalam,Semi-Urban,Independent House,1200,1,1,4,1,Unfurnished,0,3.9,Main Road,No,5400000,4700,Research-informed synthetic estimate
KHP101387,Thrissur,Chalakudy,Semi-Urban,Apartment,2147,4,3,21,0,Semi-Furnished,3,3.5,Main Road,No,8260000,3900,Research-informed synthetic estimate
KHP101388,Pathanamthitta,Pathanamthitta Town,Rural,Independent House,2128,3,3,12,1,Fully Furnished,2,2.1,Local Road,No,6420000,3800,Research-informed synthetic estimate
KHP101389,Kasaragod,Bekal,Semi-Urban,Independent House,3008,4,4,21,2,Fully Furnished,1,2.4,Main Road,No,15260000,4200,Research-informed synthetic estimate
KHP101390,Kottayam,Manarcadu,Semi-Urban,Villa,1492,3,3,17,1,Semi-Furnished,0,6.2,Narrow Road,No,4300000,3600,Research-informed synthetic estimate
KHP101391,Kannur,Iritty,Rural,Apartment,3447,5,5,9,0,Unfurnished,2,6.6,Local Road,No,9070000,2800,Research-informed synthetic estimate
KHP101392,Wayanad,Vythiri,Semi-Urban,Apartment,3633,6,5,27,0,Fully Furnished,6,4.6,Local Road,No,18610000,4700,Research-informed synthetic estimate
KHP101393,Palakkad,Pattambi,Semi-Urban,Independent House,4002,6,5,11,0,Fully Furnished,1,3.7,Local Road,No,14690000,3000,Research-informed synthetic estimate
KHP101394,Alappuzha,Haripad,Semi-Urban,Independent House,4111,6,5,19,1,Semi-Furnished,1,4.3,Narrow Road,No,11580000,3200,Research-informed synthetic estimate
KHP101395,Kannur,Kannur Town,Urban,Independent House,4159,5,5,4,0,Semi-Furnished,0,1.6,Main Road,Yes,23670000,4500,Research-informed synthetic estimate
KHP101396,Wayanad,Kalpetta,Rural,Independent House,2126,3,3,28,0,Semi-Furnished,0,7.8,Main Road,No,6160000,4300,Research-informed synthetic estimate
KHP101397,Malappuram,Kottakkal,Semi-Urban,Apartment,3633,6,5,14,2,Unfurnished,1,2.0,Main Road,No,16330000,4400,Research-informed synthetic estimate
KHP101398,Wayanad,Mananthavady,Rural,Apartment,2821,4,4,25,1,Unfurnished,6,9.8,Highway Access,No,7480000,3400,Research-informed synthetic estimate
KHP101399,Alappuzha,Muhamma,Semi-Urban,Independent House,3105,5,5,30,2,Fully Furnished,1,7.9,Main Road,No,11970000,4000,Research-informed synthetic estimate
KHP101400,Kottayam,Kumarakom,Rural,Independent House,2152,3,3,11,3,Semi-Furnished,1,12.8,Main Road,Yes,13580000,6500,Research-informed synthetic estimate
KHP101401,Kottayam,Vaikom,Semi-Urban,Residential Plot,2356,4,4,1,1,Semi-Furnished,2,0.3,Narrow Road,No,6380000,3500,Research-informed synthetic estimate
KHP101402,Thrissur,Ollur,Semi-Urban,Independent House,1423,1,1,30,0,Fully Furnished,2,7.2,Main Road,Yes,9760000,9000,Research-informed synthetic estimate
KHP101403,Thiruvananthapuram,Kazhakkoottam,Rural,Residential Plot,3782,6,5,15,0,Semi-Furnished,1,6.9,Narrow Road,No,18010000,6800,Research-informed synthetic estimate
KHP101404,Kozhikode,Vadakara,Semi-Urban,Independent House,789,2,2,25,0,Semi-Furnished,1,4.0,Main Road,Yes,4380000,6800,Research-informed synthetic estimate
KHP101405,Idukki,Adimali,Rural,Independent House,1695,2,1,20,1,Semi-Furnished,1,3.6,Main Road,No,3960000,3000,Research-informed synthetic estimate
KHP101406,Idukki,Adimali,Semi-Urban,Apartment,2456,4,4,21,2,Unfurnished,3,10.0,Local Road,No,6020000,3000,Research-informed synthetic estimate
KHP101407,Kozhikode,Mukkam,Rural,Independent House,4070,6,5,21,2,Fully Furnished,1,13.5,Local Road,No,10550000,3000,Research-informed synthetic estimate
KHP101408,Thiruvananthapuram,Technopark,Semi-Urban,Independent House,2872,4,4,27,0,Unfurnished,2,8.1,Main Road,Yes,16550000,7000,Research-informed synthetic estimate
KHP101409,Thiruvananthapuram,Sreekaryam,Semi-Urban,Independent House,1153,2,2,0,2,Semi-Furnished,0,1.1,Main Road,Yes,8480000,6200,Research-informed synthetic estimate
KHP101410,Kottayam,Kottayam Town,Urban,Independent House,3735,5,5,23,2,Semi-Furnished,1,3.4,Main Road,No,19180000,5200,Research-informed synthetic estimate
KHP101411,Ernakulam,Aluva,Semi-Urban,Independent House,1093,1,1,2,2,Unfurnished,2,7.2,Highway Access,No,5140000,5000,Research-informed synthetic estimate
KHP101412,Malappuram,Tirur,Semi-Urban,Independent House,2140,3,2,27,3,Fully Furnished,1,3.3,Narrow Road,No,7540000,4200,Research-informed synthetic estimate
KHP101413,Kozhikode,Ramanattukara,Semi-Urban,Apartment,2934,4,4,27,2,Semi-Furnished,7,4.5,Local Road,Yes,9860000,3900,Research-informed synthetic estimate
KHP101414,Kozhikode,Cyberpark,Rural,Independent House,3048,4,4,10,2,Fully Furnished,2,13.6,Main Road,No,15080000,5000,Research-informed synthetic estimate
KHP101415,Malappuram,Malappuram Town,Urban,Villa,2427,4,4,17,0,Semi-Furnished,2,16.7,Main Road,No,10670000,4400,Research-informed synthetic estimate
KHP101416,Ernakulam,Marine Drive,Urban,Apartment,3543,6,5,20,1,Unfurnished,2,10.5,Main Road,No,41580000,12500,Research-informed synthetic estimate
KHP101417,Kasaragod,Kanhangad,Rural,Residential Plot,3983,6,5,1,0,Unfurnished,2,3.4,Local Road,Yes,12010000,3500,Research-informed synthetic estimate
KHP101418,Alappuzha,Chengannur,Rural,Villa,3991,6,5,3,2,Fully Furnished,1,10.2,Local Road,No,19910000,4300,Research-informed synthetic estimate
KHP101419,Idukki,Munnar,Semi-Urban,Independent House,3233,5,5,18,1,Semi-Furnished,1,1.5,Local Road,No,22310000,6500,Research-informed synthetic estimate
KHP101420,Kozhikode,Chevayur,Semi-Urban,Villa,2293,4,4,11,2,Semi-Furnished,1,4.7,Local Road,Yes,11250000,4700,Research-informed synthetic estimate
KHP101421,Idukki,Thodupuzha,Rural,Independent House,2695,4,4,16,0,Unfurnished,2,2.5,Local Road,Yes,7570000,3900,Research-informed synthetic estimate
KHP101422,Kottayam,Manarcadu,Rural,Apartment,1365,2,2,3,1,Unfurnished,5,4.9,Narrow Road,No,3670000,3600,Research-informed synthetic estimate
KHP101423,Wayanad,Panamaram,Rural,Residential Plot,3216,4,3,24,1,Unfurnished,1,6.6,Main Road,No,7180000,2900,Research-informed synthetic estimate
KHP101424,Kannur,Thottada,Semi-Urban,Apartment,2033,2,2,20,1,Semi-Furnished,1,6.6,Local Road,No,7080000,4200,Research-informed synthetic estimate
KHP101425,Ernakulam,Kizhakkambalam,Semi-Urban,Apartment,3754,6,5,17,1,Semi-Furnished,1,7.8,Main Road,No,17410000,4700,Research-informed synthetic estimate
KHP101426,Kottayam,Kumarakom,Semi-Urban,Independent House,3067,5,5,7,3,Unfurnished,0,5.8,Local Road,No,19900000,6500,Research-informed synthetic estimate
KHP101427,Palakkad,Mannarkkad,Rural,Apartment,3892,6,5,10,0,Semi-Furnished,0,1.3,Main Road,Yes,13010000,2800,Research-informed synthetic estimate
KHP101428,Alappuzha,Chengannur,Semi-Urban,Apartment,1712,3,2,27,2,Semi-Furnished,2,2.9,Narrow Road,No,5920000,4300,Research-informed synthetic estimate
KHP101429,Kasaragod,Kasaragod Town,Urban,Residential Plot,3603,6,5,10,0,Unfurnished,0,10.6,Narrow Road,Yes,7990000,3600,Research-informed synthetic estimate
KHP101430,Malappuram,Kottakkal,Rural,Apartment,1738,2,2,9,3,Unfurnished,6,1.8,Local Road,No,6130000,4400,Research-informed synthetic estimate
KHP101431,Alappuzha,Ambalappuzha,Semi-Urban,Residential Plot,897,1,1,26,1,Unfurnished,1,1.5,Main Road,No,2330000,3400,Research-informed synthetic estimate
KHP101432,Wayanad,Vythiri,Semi-Urban,Independent House,1357,1,1,17,2,Unfurnished,2,5.0,Local Road,Yes,4950000,4700,Research-informed synthetic estimate
KHP101433,Kasaragod,Kasaragod Town,Urban,Villa,1805,3,3,15,0,Unfurnished,0,2.8,Main Road,No,6460000,3600,Research-informed synthetic estimate
KHP101434,Kozhikode,Pantheerankavu,Rural,Apartment,2579,3,3,4,0,Semi-Furnished,0,11.2,Highway Access,No,22130000,8500,Research-informed synthetic estimate
KHP101435,Kasaragod,Nileshwar,Semi-Urban,Apartment,3240,6,5,26,0,Unfurnished,7,6.4,Highway Access,No,9260000,3200,Research-informed synthetic estimate
KHP101436,Palakkad,Chittur,Semi-Urban,Villa,1902,3,2,14,1,Unfurnished,0,7.8,Local Road,No,4590000,2900,Research-informed synthetic estimate
KHP101437,Alappuzha,Kayamkulam,Semi-Urban,Apartment,2162,3,3,24,0,Unfurnished,1,1.3,Narrow Road,No,5870000,3600,Research-informed synthetic estimate
KHP101438,Pathanamthitta,Thiruvalla,Semi-Urban,Villa,1208,2,2,15,1,Unfurnished,2,1.6,Narrow Road,No,4800000,4700,Research-informed synthetic estimate
KHP101439,Kottayam,Changanassery,Semi-Urban,Apartment,3805,6,5,17,0,Unfurnished,3,10.5,Highway Access,No,15860000,4300,Research-informed synthetic estimate
KHP101440,Kottayam,Kottayam Town,Urban,Independent House,1699,3,2,18,2,Semi-Furnished,1,4.0,Main Road,Yes,9920000,5200,Research-informed synthetic estimate
KHP101441,Idukki,Kumily,Semi-Urban,Villa,2442,4,4,13,2,Fully Furnished,1,5.4,Main Road,No,11570000,3400,Research-informed synthetic estimate
KHP101442,Kannur,Payyannur,Rural,Villa,779,1,1,14,3,Unfurnished,0,2.1,Main Road,Yes,3230000,3900,Research-informed synthetic estimate
KHP101443,Kannur,Sreekandapuram,Rural,Apartment,3511,6,5,13,1,Unfurnished,3,2.0,Local Road,No,10690000,2900,Research-informed synthetic estimate
KHP101444,Kannur,Payyannur,Rural,Apartment,3177,5,5,4,0,Semi-Furnished,6,4.9,Highway Access,No,14160000,3900,Research-informed synthetic estimate
KHP101445,Idukki,Thodupuzha,Rural,Independent House,3106,4,4,20,1,Unfurnished,2,7.9,Local Road,No,9490000,3900,Research-informed synthetic estimate
KHP101446,Kollam,Punalur,Semi-Urban,Independent House,2508,3,3,15,1,Semi-Furnished,0,8.8,Local Road,No,6300000,3000,Research-informed synthetic estimate
KHP101447,Pathanamthitta,Thiruvalla,Semi-Urban,Villa,3798,6,5,1,1,Unfurnished,0,2.9,Highway Access,No,25940000,4700,Research-informed synthetic estimate
KHP101448,Kozhikode,Palazhi,Rural,Independent House,2709,5,4,8,0,Unfurnished,2,5.4,Highway Access,Yes,23360000,8600,Research-informed synthetic estimate
KHP101449,Pathanamthitta,Thiruvalla,Semi-Urban,Villa,1801,4,4,14,3,Unfurnished,0,4.0,Highway Access,Yes,10600000,4700,Research-informed synthetic estimate
KHP101450,Wayanad,Kalpetta,Semi-Urban,Villa,2632,4,4,3,2,Semi-Furnished,0,13.4,Local Road,No,10990000,4300,Research-informed synthetic estimate
KHP101451,Kottayam,Kottayam Town,Urban,Apartment,2069,2,2,27,3,Unfurnished,3,1.6,Local Road,No,8630000,5200,Research-informed synthetic estimate
KHP101452,Alappuzha,Ambalappuzha,Semi-Urban,Villa,785,1,1,21,1,Unfurnished,1,7.1,Main Road,No,2080000,3400,Research-informed synthetic estimate
KHP101453,Pathanamthitta,Adoor,Semi-Urban,Villa,761,1,1,13,1,Fully Furnished,1,9.3,Main Road,No,3190000,3900,Research-informed synthetic estimate
KHP101454,Kottayam,Kanjirappally,Rural,Apartment,1525,2,2,8,3,Unfurnished,4,1.2,Main Road,Yes,4180000,3000,Research-informed synthetic estimate
KHP101455,Malappuram,Kondotty,Rural,Residential Plot,1768,3,3,29,0,Unfurnished,2,5.8,Main Road,No,3840000,4300,Research-informed synthetic estimate
KHP101456,Kasaragod,Manjeshwar,Semi-Urban,Independent House,2494,5,5,23,3,Unfurnished,1,2.4,Main Road,No,8050000,3400,Research-informed synthetic estimate
KHP101457,Kannur,Thottada,Rural,Villa,1528,3,3,5,0,Fully Furnished,2,3.1,Narrow Road,No,4900000,4200,Research-informed synthetic estimate
KHP101458,Thiruvananthapuram,Peroorkada,Rural,Apartment,1557,1,1,19,2,Unfurnished,5,7.4,Local Road,No,5200000,5900,Research-informed synthetic estimate
KHP101459,Idukki,Munnar,Semi-Urban,Independent House,1508,3,3,3,0,Unfurnished,1,6.6,Main Road,Yes,10500000,6500,Research-informed synthetic estimate
KHP101460,Kollam,Karunagappally,Semi-Urban,Independent House,3345,5,5,15,2,Unfurnished,1,4.9,Local Road,No,11480000,3800,Research-informed synthetic estimate
KHP101461,Thrissur,Kodungallur,Rural,Independent House,961,1,1,9,1,Semi-Furnished,2,11.5,Narrow Road,No,2240000,3600,Research-informed synthetic estimate
KHP101462,Alappuzha,Kayamkulam,Rural,Independent House,3133,6,5,27,1,Semi-Furnished,0,8.0,Main Road,No,9500000,3600,Research-informed synthetic estimate
KHP101463,Thrissur,Thrissur Town,Urban,Residential Plot,944,1,1,0,0,Unfurnished,0,6.4,Local Road,Yes,3780000,5000,Research-informed synthetic estimate
KHP101464,Ernakulam,Muvattupuzha,Semi-Urban,Villa,3696,6,5,20,1,Semi-Furnished,0,4.3,Main Road,Yes,16080000,3700,Research-informed synthetic estimate
KHP101465,Thrissur,Chalakudy,Semi-Urban,Independent House,1532,1,1,14,0,Fully Furnished,1,8.4,Narrow Road,Yes,4860000,3900,Research-informed synthetic estimate
KHP101466,Wayanad,Kalpetta,Rural,Villa,3650,5,5,18,2,Semi-Furnished,1,12.2,Local Road,No,14980000,4300,Research-informed synthetic estimate
KHP101467,Kasaragod,Hosdurg,Semi-Urban,Independent House,715,1,1,17,1,Semi-Furnished,0,4.8,Local Road,No,1920000,3300,Research-informed synthetic estimate
KHP101468,Idukki,Munnar,Semi-Urban,Independent House,2485,4,4,26,2,Unfurnished,1,5.5,Main Road,No,17270000,6500,Research-informed synthetic estimate
KHP101469,Palakkad,Alathur,Rural,Villa,1337,2,2,28,1,Unfurnished,2,2.8,Local Road,No,2510000,2900,Research-informed synthetic estimate
KHP101470,Wayanad,Sulthan Bathery,Semi-Urban,Independent House,762,2,2,24,1,Unfurnished,1,3.2,Narrow Road,No,1980000,3900,Research-informed synthetic estimate
KHP101471,Malappuram,Nilambur,Semi-Urban,Independent House,4175,6,5,27,0,Unfurnished,1,2.8,Main Road,Yes,13610000,3300,Research-informed synthetic estimate
KHP101472,Pathanamthitta,Mallappally,Semi-Urban,Independent House,900,3,3,8,1,Unfurnished,2,3.2,Narrow Road,Yes,2260000,3000,Research-informed synthetic estimate
KHP101473,Wayanad,Kalpetta,Semi-Urban,Residential Plot,3418,6,5,27,1,Fully Furnished,2,7.1,Main Road,No,12820000,4300,Research-informed synthetic estimate
KHP101474,Kannur,Sreekandapuram,Rural,Residential Plot,4190,6,5,18,0,Semi-Furnished,2,2.9,Highway Access,Yes,12880000,2900,Research-informed synthetic estimate
KHP101475,Kollam,Punalur,Semi-Urban,Apartment,2650,4,4,16,0,Unfurnished,1,0.3,Highway Access,No,8560000,3000,Research-informed synthetic estimate
KHP101476,Kasaragod,Bekal,Semi-Urban,Apartment,3692,5,5,1,2,Unfurnished,4,10.0,Main Road,No,19630000,4200,Research-informed synthetic estimate
KHP101477,Wayanad,Kalpetta,Semi-Urban,Independent House,3186,5,5,28,1,Semi-Furnished,2,2.3,Main Road,No,12640000,4300,Research-informed synthetic estimate
KHP101478,Ernakulam,Maradu,Rural,Independent House,1002,2,2,11,0,Semi-Furnished,2,7.7,Narrow Road,No,4670000,7300,Research-informed synthetic estimate
KHP101479,Malappuram,Malappuram Town,Urban,Independent House,3061,5,5,19,1,Unfurnished,0,3.4,Local Road,No,11900000,4400,Research-informed synthetic estimate
KHP101480,Kottayam,Changanassery,Rural,Independent House,2059,3,2,30,2,Unfurnished,1,2.6,Narrow Road,No,4820000,4300,Research-informed synthetic estimate
KHP101481,Kasaragod,Cheruvathur,Rural,Villa,3707,6,5,19,0,Semi-Furnished,2,0.6,Main Road,Yes,13070000,2900,Research-informed synthetic estimate
KHP101482,Pathanamthitta,Konni,Rural,Independent House,2244,5,5,23,1,Fully Furnished,1,1.6,Main Road,No,6090000,2900,Research-informed synthetic estimate
KHP101483,Alappuzha,Chengannur,Semi-Urban,Apartment,2298,4,4,25,1,Semi-Furnished,6,18.0,Local Road,No,7410000,4300,Research-informed synthetic estimate
KHP101484,Wayanad,Sulthan Bathery,Semi-Urban,Independent House,674,1,1,28,0,Semi-Furnished,0,6.0,Local Road,Yes,1890000,3900,Research-informed synthetic estimate
KHP101485,Palakkad,Chittur,Rural,Independent House,1104,1,1,17,0,Unfurnished,0,5.9,Local Road,No,1940000,2900,Research-informed synthetic estimate
KHP101486,Thrissur,Irinjalakuda,Semi-Urban,Independent House,1225,2,2,26,1,Fully Furnished,2,2.9,Local Road,No,3370000,3400,Research-informed synthetic estimate
KHP101487,Kottayam,Kumarakom,Semi-Urban,Residential Plot,2705,5,5,28,3,Unfurnished,2,7.3,Highway Access,Yes,16600000,6500,Research-informed synthetic estimate
KHP101488,Kollam,Chinnakada,Urban,Villa,3910,6,5,12,0,Unfurnished,0,5.7,Local Road,Yes,22240000,5000,Research-informed synthetic estimate
KHP101489,Kasaragod,Kanhangad,Rural,Residential Plot,2855,5,5,10,3,Unfurnished,0,2.6,Local Road,No,7320000,3500,Research-informed synthetic estimate
KHP101490,Ernakulam,Kakkanad,Semi-Urban,Independent House,2645,5,5,11,0,Unfurnished,0,1.7,Main Road,No,15270000,6500,Research-informed synthetic estimate
KHP101491,Kasaragod,Cheruvathur,Rural,Independent House,3647,6,5,16,1,Semi-Furnished,0,1.8,Main Road,No,11620000,2900,Research-informed synthetic estimate
KHP101492,Kasaragod,Uppala,Semi-Urban,Apartment,893,2,2,4,2,Semi-Furnished,2,2.7,Main Road,No,2950000,3000,Research-informed synthetic estimate
KHP101493,Palakkad,Alathur,Rural,Villa,1243,3,3,16,1,Unfurnished,0,0.9,Main Road,No,3460000,2900,Research-informed synthetic estimate
KHP101494,Kozhikode,Chevayur,Rural,Apartment,4066,5,5,0,1,Fully Furnished,7,2.7,Local Road,No,23380000,4700,Research-informed synthetic estimate
KHP101495,Kozhikode,Cyberpark,Semi-Urban,Independent House,1065,2,2,1,1,Unfurnished,0,5.6,Narrow Road,No,3780000,5000,Research-informed synthetic estimate
KHP101496,Kannur,Payyannur,Semi-Urban,Villa,3555,5,5,18,1,Unfurnished,2,4.1,Main Road,No,14330000,3900,Research-informed synthetic estimate
KHP101497,Kannur,Kannur Town,Urban,Independent House,3861,6,5,26,1,Fully Furnished,2,5.2,Local Road,No,18110000,4500,Research-informed synthetic estimate
KHP101498,Malappuram,Nilambur,Semi-Urban,Apartment,2567,4,3,8,0,Semi-Furnished,0,0.5,Local Road,Yes,8420000,3300,Research-informed synthetic estimate
KHP101499,Thrissur,Muthuvattoor,Semi-Urban,Independent House,1558,2,1,27,3,Fully Furnished,1,3.2,Narrow Road,No,3850000,3500,Research-informed synthetic estimate
KHP101500,Ernakulam,Perumbavoor,Semi-Urban,Independent House,3181,5,5,22,1,Semi-Furnished,0,2.4,Main Road,No,11110000,3600,Research-informed synthetic estimate
KHP101501,Kasaragod,Hosdurg,Semi-Urban,Villa,3854,5,5,12,0,Unfurnished,0,5.1,Highway Access,No,15550000,3300,Research-informed synthetic estimate
KHP101502,Palakkad,Palakkad Town,Urban,Independent House,929,1,1,9,1,Unfurnished,1,2.3,Local Road,No,3220000,3900,Research-informed synthetic estimate
KHP101503,Thiruvananthapuram,Kazhakkoottam,Semi-Urban,Apartment,1917,3,3,20,0,Semi-Furnished,6,11.4,Narrow Road,Yes,10910000,6800,Research-informed synthetic estimate
KHP101504,Kollam,Karunagappally,Semi-Urban,Apartment,2198,3,3,18,2,Semi-Furnished,5,1.9,Main Road,No,7890000,3800,Research-informed synthetic estimate
KHP101505,Thiruvananthapuram,Technopark,Rural,Villa,4191,6,5,2,0,Semi-Furnished,2,4.3,Local Road,No,33980000,7000,Research-informed synthetic estimate
KHP101506,Idukki,Adimali,Semi-Urban,Apartment,2862,3,3,6,1,Unfurnished,0,4.1,Main Road,No,8590000,3000,Research-informed synthetic estimate
KHP101507,Idukki,Thodupuzha,Semi-Urban,Apartment,2463,4,4,17,2,Semi-Furnished,3,2.6,Local Road,No,8730000,3900,Research-informed synthetic estimate
KHP101508,Thrissur,Mannuthy,Semi-Urban,Independent House,743,1,1,7,1,Unfurnished,1,8.2,Local Road,No,2360000,4000,Research-informed synthetic estimate
KHP101509,Malappuram,Tirur,Rural,Villa,3271,5,5,21,1,Semi-Furnished,2,10.0,Local Road,No,12630000,4200,Research-informed synthetic estimate
KHP101510,Ernakulam,Maradu,Semi-Urban,Independent House,2248,5,5,13,0,Semi-Furnished,1,6.9,Main Road,No,16320000,7300,Research-informed synthetic estimate
KHP101511,Ernakulam,Marine Drive,Urban,Independent House,1861,3,2,23,0,Semi-Furnished,1,6.1,Local Road,No,18310000,12500,Research-informed synthetic estimate
KHP101512,Ernakulam,Vyttila,Urban,Independent House,3278,5,5,22,0,Unfurnished,0,6.0,Local Road,No,23270000,8000,Research-informed synthetic estimate
KHP101513,Kollam,Asramam,Semi-Urban,Independent House,681,1,1,19,1,Unfurnished,1,1.4,Main Road,Yes,3140000,5200,Research-informed synthetic estimate
KHP101514,Alappuzha,Alappuzha Town,Urban,Residential Plot,4067,5,4,5,1,Semi-Furnished,1,10.0,Local Road,No,21940000,6000,Research-informed synthetic estimate
KHP101515,Kollam,Kavanad,Rural,Apartment,1747,3,2,11,2,Unfurnished,3,5.5,Main Road,No,7580000,5000,Research-informed synthetic estimate
KHP101516,Kasaragod,Nileshwar,Semi-Urban,Independent House,2155,3,3,7,0,Semi-Furnished,2,2.7,Local Road,No,6060000,3200,Research-informed synthetic estimate
KHP101517,Thrissur,Patturaikkal,Rural,Independent House,1314,2,2,17,2,Unfurnished,2,3.1,Main Road,No,5250000,5600,Research-informed synthetic estimate
KHP101518,Thrissur,Mannuthy,Rural,Apartment,3710,5,5,12,0,Unfurnished,0,6.5,Local Road,No,14540000,4000,Research-informed synthetic estimate
KHP101519,Alappuzha,Chengannur,Semi-Urban,Independent House,709,1,1,1,1,Unfurnished,0,4.4,Local Road,No,2820000,4300,Research-informed synthetic estimate
KHP101520,Ernakulam,Palarivattom,Urban,Residential Plot,1947,3,3,11,1,Unfurnished,2,1.5,Local Road,No,10510000,7500,Research-informed synthetic estimate
KHP101521,Idukki,Kumily,Semi-Urban,Independent House,2430,4,4,6,1,Semi-Furnished,2,7.3,Narrow Road,No,6920000,3400,Research-informed synthetic estimate
KHP101522,Pathanamthitta,Pandalam,Semi-Urban,Independent House,3223,4,4,10,1,Semi-Furnished,1,3.0,Main Road,No,12850000,3400,Research-informed synthetic estimate
KHP101523,Palakkad,Chittur,Semi-Urban,Apartment,3155,5,5,9,1,Semi-Furnished,0,6.7,Narrow Road,Yes,9180000,2900,Research-informed synthetic estimate
KHP101524,Palakkad,Palakkad Town,Urban,Independent House,651,2,2,12,3,Unfurnished,2,6.5,Main Road,No,2720000,3900,Research-informed synthetic estimate
KHP101525,Thiruvananthapuram,Attingal,Semi-Urban,Apartment,1808,2,2,3,0,Unfurnished,6,0.4,Local Road,No,7030000,3900,Research-informed synthetic estimate
KHP101526,Wayanad,Meppadi,Semi-Urban,Apartment,3847,5,4,6,1,Semi-Furnished,2,12.6,Main Road,Yes,15260000,3300,Research-informed synthetic estimate
KHP101527,Ernakulam,Panampilly Nagar,Urban,Apartment,1718,2,2,27,3,Unfurnished,3,2.0,Main Road,No,15830000,9500,Research-informed synthetic estimate
KHP101528,Idukki,Munnar,Rural,Apartment,2253,4,4,0,0,Semi-Furnished,5,2.4,Main Road,No,16190000,6500,Research-informed synthetic estimate
KHP101529,Malappuram,Malappuram Town,Urban,Independent House,3148,4,4,24,1,Unfurnished,0,2.9,Highway Access,Yes,15410000,4400,Research-informed synthetic estimate
KHP101530,Kottayam,Kumarakom,Semi-Urban,Villa,916,1,1,17,1,Semi-Furnished,1,8.6,Local Road,No,5590000,6500,Research-informed synthetic estimate
KHP101531,Palakkad,Alathur,Rural,Independent House,3450,5,5,11,0,Unfurnished,0,1.4,Local Road,No,9130000,2900,Research-informed synthetic estimate
KHP101532,Idukki,Painavu,Rural,Independent House,3912,5,5,0,0,Semi-Furnished,1,5.1,Local Road,No,10270000,2600,Research-informed synthetic estimate
KHP101533,Kottayam,Kanjirappally,Rural,Apartment,908,2,2,11,3,Unfurnished,3,3.9,Local Road,No,2180000,3000,Research-informed synthetic estimate
KHP101534,Pathanamthitta,Thiruvalla,Rural,Apartment,3152,6,5,22,2,Semi-Furnished,3,1.4,Main Road,No,16150000,4700,Research-informed synthetic estimate
KHP101535,Kollam,Kavanad,Rural,Independent House,1774,3,3,15,1,Fully Furnished,2,0.3,Local Road,Yes,7990000,5000,Research-informed synthetic estimate
KHP101536,Thiruvananthapuram,Nedumangad,Semi-Urban,Residential Plot,1518,3,2,26,1,Fully Furnished,1,1.2,Local Road,Yes,4300000,3600,Research-informed synthetic estimate
KHP101537,Thiruvananthapuram,Nedumangad,Semi-Urban,Villa,3332,4,4,7,2,Unfurnished,0,2.7,Highway Access,Yes,15780000,3600,Research-informed synthetic estimate
KHP101538,Idukki,Adimali,Semi-Urban,Apartment,1982,3,3,14,1,Semi-Furnished,2,0.5,Local Road,No,5730000,3000,Research-informed synthetic estimate
KHP101539,Palakkad,Olavakkode,Semi-Urban,Residential Plot,1048,2,2,30,3,Fully Furnished,2,8.3,Local Road,No,2390000,4100,Research-informed synthetic estimate
KHP101540,Kottayam,Kanjirappally,Rural,Independent House,1706,2,1,15,3,Unfurnished,0,7.2,Main Road,Yes,3710000,3000,Research-informed synthetic estimate
KHP101541,Thrissur,Punkunnam,Rural,Independent House,1683,3,3,8,0,Semi-Furnished,0,2.2,Main Road,No,7790000,5500,Research-informed synthetic estimate
KHP101542,Palakkad,Shoranur,Semi-Urban,Villa,1626,3,3,2,0,Unfurnished,2,1.7,Narrow Road,No,4940000,3100,Research-informed synthetic estimate
KHP101543,Palakkad,Chittur,Semi-Urban,Villa,2225,3,2,4,1,Semi-Furnished,0,6.1,Local Road,No,7540000,2900,Research-informed synthetic estimate
KHP101544,Alappuzha,Chengannur,Semi-Urban,Apartment,2983,6,5,28,1,Fully Furnished,6,1.8,Main Road,No,13470000,4300,Research-informed synthetic estimate
KHP101545,Kasaragod,Hosdurg,Semi-Urban,Apartment,2499,4,4,22,1,Semi-Furnished,4,9.7,Highway Access,Yes,8350000,3300,Research-informed synthetic estimate
KHP101546,Palakkad,Alathur,Rural,Independent House,695,1,1,13,0,Fully Furnished,1,5.6,Main Road,No,1910000,2900,Research-informed synthetic estimate
KHP101547,Kozhikode,West Hill,Semi-Urban,Independent House,2903,3,3,21,2,Semi-Furnished,1,4.7,Main Road,No,10860000,4200,Research-informed synthetic estimate
KHP101548,Pathanamthitta,Konni,Rural,Independent House,708,1,1,6,0,Semi-Furnished,1,6.5,Local Road,No,1370000,2900,Research-informed synthetic estimate
KHP101549,Kannur,Thalassery,Semi-Urban,Independent House,829,1,1,28,2,Semi-Furnished,1,8.3,Local Road,No,2710000,4300,Research-informed synthetic estimate
KHP101550,Thrissur,Patturaikkal,Semi-Urban,Apartment,1085,1,1,26,1,Semi-Furnished,6,1.2,Main Road,Yes,5310000,5600,Research-informed synthetic estimate
KHP101551,Kasaragod,Bekal,Semi-Urban,Independent House,3491,5,5,2,0,Semi-Furnished,0,2.3,Main Road,No,19170000,4200,Research-informed synthetic estimate
KHP101552,Pathanamthitta,Thiruvalla,Semi-Urban,Apartment,2657,3,3,16,2,Semi-Furnished,5,2.2,Main Road,No,13430000,4700,Research-informed synthetic estimate
KHP101553,Kozhikode,Chevayur,Semi-Urban,Independent House,3320,4,4,27,0,Semi-Furnished,2,10.4,Highway Access,Yes,13630000,4700,Research-informed synthetic estimate
KHP101554,Alappuzha,Chengannur,Semi-Urban,Apartment,2126,3,2,8,2,Unfurnished,5,2.6,Local Road,No,7740000,4300,Research-informed synthetic estimate
KHP101555,Wayanad,Sulthan Bathery,Semi-Urban,Independent House,2345,4,4,13,2,Unfurnished,2,5.1,Local Road,No,8560000,3900,Research-informed synthetic estimate
KHP101556,Kasaragod,Hosdurg,Semi-Urban,Independent House,2370,4,4,5,0,Unfurnished,2,3.4,Narrow Road,No,6220000,3300,Research-informed synthetic estimate
KHP101557,Thrissur,Kuttanellur,Semi-Urban,Villa,1768,3,3,27,1,Semi-Furnished,0,4.2,Main Road,No,8740000,5500,Research-informed synthetic estimate
KHP101558,Kannur,Iritty,Rural,Villa,2252,4,3,9,0,Semi-Furnished,1,4.7,Highway Access,No,6630000,2800,Research-informed synthetic estimate
KHP101559,Ernakulam,Vennala,Semi-Urban,Villa,2769,5,5,15,2,Semi-Furnished,2,0.6,Highway Access,No,25300000,7200,Research-informed synthetic estimate
KHP101560,Kasaragod,Bekal,Semi-Urban,Independent House,3380,5,5,27,1,Unfurnished,0,0.4,Main Road,No,13740000,4200,Research-informed synthetic estimate
KHP101561,Pathanamthitta,Pathanamthitta Town,Semi-Urban,Villa,2068,2,2,28,1,Fully Furnished,2,3.1,Main Road,No,7330000,3800,Research-informed synthetic estimate
KHP101562,Palakkad,Shoranur,Rural,Independent House,1282,1,1,18,2,Unfurnished,2,4.3,Main Road,No,2370000,3100,Research-informed synthetic estimate
KHP101563,Thiruvananthapuram,Pattom,Urban,Apartment,3737,6,5,11,2,Fully Furnished,2,6.0,Main Road,Yes,38040000,7200,Research-informed synthetic estimate
KHP101564,Wayanad,Ambalavayal,Semi-Urban,Independent House,2440,5,5,4,3,Unfurnished,1,6.5,Local Road,Yes,7880000,3200,Research-informed synthetic estimate
KHP101565,Idukki,Thodupuzha,Rural,Apartment,733,2,1,6,0,Semi-Furnished,5,5.4,Main Road,No,2320000,3900,Research-informed synthetic estimate
KHP101566,Kozhikode,Thondayad,Rural,Residential Plot,1551,2,2,1,2,Semi-Furnished,1,1.3,Local Road,No,5780000,5000,Research-informed synthetic estimate
KHP101567,Thrissur,Mannuthy,Semi-Urban,Independent House,1310,2,1,21,1,Semi-Furnished,0,2.0,Main Road,Yes,4870000,4000,Research-informed synthetic estimate
KHP101568,Palakkad,Chittur,Semi-Urban,Independent House,2671,4,4,15,1,Semi-Furnished,0,7.4,Main Road,No,7140000,2900,Research-informed synthetic estimate
KHP101569,Kannur,Taliparamba,Rural,Residential Plot,2758,5,4,15,1,Semi-Furnished,2,7.8,Highway Access,No,7750000,3500,Research-informed synthetic estimate
KHP101570,Palakkad,Chittur,Semi-Urban,Apartment,845,1,1,25,1,Semi-Furnished,5,3.6,Local Road,No,1780000,2900,Research-informed synthetic estimate
KHP101571,Wayanad,Sulthan Bathery,Semi-Urban,Independent House,4024,6,5,29,1,Fully Furnished,0,4.4,Main Road,Yes,16910000,3900,Research-informed synthetic estimate
KHP101572,Palakkad,Chittur,Semi-Urban,Apartment,1314,2,1,11,2,Fully Furnished,0,1.3,Local Road,No,4000000,2900,Research-informed synthetic estimate
KHP101573,Pathanamthitta,Mallappally,Semi-Urban,Residential Plot,1330,4,4,1,2,Semi-Furnished,1,1.7,Narrow Road,Yes,3420000,3000,Research-informed synthetic estimate
KHP101574,Malappuram,Perinthalmanna,Semi-Urban,Independent House,3259,5,5,25,3,Semi-Furnished,1,11.1,Main Road,No,14700000,4500,Research-informed synthetic estimate
KHP101575,Thrissur,Kodungallur,Rural,Residential Plot,727,1,1,0,0,Semi-Furnished,1,4.5,Highway Access,Yes,2060000,3600,Research-informed synthetic estimate
KHP101576,Idukki,Munnar,Semi-Urban,Villa,3486,6,5,11,0,Semi-Furnished,0,2.8,Main Road,Yes,30930000,6500,Research-informed synthetic estimate
KHP101577,Idukki,Kumily,Semi-Urban,Apartment,3608,5,5,4,0,Fully Furnished,4,8.9,Main Road,No,13920000,3400,Research-informed synthetic estimate
KHP101578,Kollam,Kollam Town,Urban,Independent House,2271,3,3,10,0,Semi-Furnished,2,5.0,Main Road,No,13200000,4800,Research-informed synthetic estimate
KHP101579,Idukki,Nedumkandam,Rural,Apartment,2544,4,4,17,1,Unfurnished,5,3.7,Narrow Road,No,5020000,2700,Research-informed synthetic estimate
KHP101580,Palakkad,Palakkad Town,Urban,Independent House,1558,3,2,14,1,Fully Furnished,0,8.8,Local Road,No,5590000,3900,Research-informed synthetic estimate
KHP101581,Ernakulam,Kaloor,Urban,Independent House,3870,6,5,10,0,Semi-Furnished,0,1.0,Local Road,Yes,36250000,8200,Research-informed synthetic estimate
KHP101582,Ernakulam,Marine Drive,Urban,Independent House,3737,6,5,4,1,Semi-Furnished,2,6.8,Local Road,No,55870000,12500,Research-informed synthetic estimate
KHP101583,Idukki,Kattappana,Semi-Urban,Villa,2547,4,4,23,1,Semi-Furnished,2,7.6,Main Road,Yes,8330000,3000,Research-informed synthetic estimate
KHP101584,Malappuram,Perinthalmanna,Semi-Urban,Villa,803,1,1,2,2,Semi-Furnished,2,5.1,Highway Access,Yes,4380000,4500,Research-informed synthetic estimate
KHP101585,Palakkad,Olavakkode,Rural,Villa,2416,4,4,22,0,Semi-Furnished,2,8.2,Highway Access,Yes,8920000,4100,Research-informed synthetic estimate
KHP101586,Idukki,Kattappana,Semi-Urban,Independent House,4020,6,5,23,0,Semi-Furnished,2,2.5,Local Road,No,9730000,3000,Research-informed synthetic estimate
KHP101587,Thiruvananthapuram,Technopark,Rural,Independent House,3530,6,5,1,0,Semi-Furnished,1,4.1,Main Road,No,25170000,7000,Research-informed synthetic estimate
KHP101588,Malappuram,Perinthalmanna,Rural,Independent House,2639,5,5,25,2,Fully Furnished,1,11.6,Narrow Road,No,7650000,4500,Research-informed synthetic estimate
KHP101589,Kannur,Sreekandapuram,Rural,Villa,1944,3,3,26,1,Semi-Furnished,2,11.1,Local Road,No,3970000,2900,Research-informed synthetic estimate
KHP101590,Kasaragod,Uppala,Semi-Urban,Independent House,1568,3,3,25,2,Unfurnished,2,9.9,Main Road,Yes,3980000,3000,Research-informed synthetic estimate
KHP101591,Pathanamthitta,Mallappally,Semi-Urban,Apartment,1101,1,1,18,0,Semi-Furnished,0,4.7,Local Road,Yes,3140000,3000,Research-informed synthetic estimate
KHP101592,Kottayam,Kanjirappally,Rural,Residential Plot,1386,2,1,6,3,Unfurnished,0,1.4,Main Road,No,3080000,3000,Research-informed synthetic estimate
KHP101593,Idukki,Thodupuzha,Rural,Independent House,3532,6,5,21,0,Semi-Furnished,0,1.9,Local Road,No,10750000,3900,Research-informed synthetic estimate
KHP101594,Idukki,Adimali,Semi-Urban,Independent House,1136,2,2,20,0,Semi-Furnished,1,2.6,Main Road,No,3220000,3000,Research-informed synthetic estimate
KHP101595,Kannur,Kannur Town,Urban,Apartment,927,1,1,2,2,Semi-Furnished,5,1.4,Narrow Road,Yes,4180000,4500,Research-informed synthetic estimate
KHP101596,Ernakulam,Palarivattom,Urban,Independent House,2570,4,4,5,0,Fully Furnished,1,5.8,Local Road,Yes,23140000,7500,Research-informed synthetic estimate
KHP101597,Kasaragod,Cheruvathur,Rural,Residential Plot,2779,4,4,28,1,Unfurnished,1,3.6,Local Road,No,3910000,2900,Research-informed synthetic estimate
KHP101598,Malappuram,Kondotty,Semi-Urban,Apartment,2231,4,4,24,2,Unfurnished,3,3.2,Narrow Road,No,7220000,4300,Research-informed synthetic estimate
KHP101599,Wayanad,Ambalavayal,Semi-Urban,Independent House,2277,4,4,15,0,Unfurnished,0,2.8,Local Road,No,5900000,3200,Research-informed synthetic estimate
KHP101600,Kozhikode,Thondayad,Semi-Urban,Independent House,2804,4,3,15,1,Unfurnished,1,5.3,Local Road,No,12060000,5000,Research-informed synthetic estimate
KHP101601,Palakkad,Mannarkkad,Rural,Independent House,2257,3,3,9,2,Fully Furnished,0,4.1,Main Road,No,6600000,2800,Research-informed synthetic estimate
KHP101602,Kollam,Kavanad,Semi-Urban,Independent House,1138,1,1,2,0,Unfurnished,0,3.7,Main Road,No,5390000,5000,Research-informed synthetic estimate
KHP101603,Alappuzha,Kayamkulam,Rural,Independent House,730,1,1,29,1,Semi-Furnished,1,6.9,Main Road,Yes,1900000,3600,Research-informed synthetic estimate
KHP101604,Pathanamthitta,Mallappally,Rural,Apartment,3903,6,5,26,0,Unfurnished,0,0.6,Main Road,No,9930000,3000,Research-informed synthetic estimate
KHP101605,Kasaragod,Hosdurg,Rural,Residential Plot,3445,4,4,30,0,Unfurnished,1,4.6,Highway Access,No,6250000,3300,Research-informed synthetic estimate
KHP101606,Idukki,Nedumkandam,Rural,Villa,2794,5,5,21,2,Unfurnished,2,4.8,Highway Access,No,8020000,2700,Research-informed synthetic estimate
KHP101607,Pathanamthitta,Pathanamthitta Town,Semi-Urban,Independent House,3273,5,4,26,1,Unfurnished,2,3.3,Main Road,Yes,10800000,3800,Research-informed synthetic estimate
KHP101608,Alappuzha,Cherthala,Semi-Urban,Apartment,1839,4,4,30,1,Semi-Furnished,6,7.7,Narrow Road,No,6500000,4700,Research-informed synthetic estimate
KHP101609,Kannur,Iritty,Rural,Apartment,4058,6,5,18,0,Semi-Furnished,0,6.9,Highway Access,No,12600000,2800,Research-informed synthetic estimate
KHP101610,Kollam,Punalur,Semi-Urban,Apartment,3874,6,5,27,1,Unfurnished,7,2.5,Local Road,Yes,9970000,3000,Research-informed synthetic estimate
KHP101611,Idukki,Thodupuzha,Rural,Apartment,1033,1,1,5,1,Semi-Furnished,0,3.2,Narrow Road,No,2970000,3900,Research-informed synthetic estimate
KHP101612,Kannur,Mattannur,Semi-Urban,Villa,952,1,1,0,2,Unfurnished,0,7.4,Narrow Road,No,2790000,3400,Research-informed synthetic estimate
KHP101613,Wayanad,Ambalavayal,Rural,Apartment,2646,5,5,2,2,Unfurnished,1,0.5,Narrow Road,No,6580000,3200,Research-informed synthetic estimate
KHP101614,Palakkad,Alathur,Rural,Residential Plot,973,1,1,30,3,Unfurnished,1,5.2,Narrow Road,No,1520000,2900,Research-informed synthetic estimate
KHP101615,Kottayam,Ettumanoor,Semi-Urban,Independent House,1805,3,3,11,2,Semi-Furnished,2,3.1,Main Road,Yes,6920000,3900,Research-informed synthetic estimate
KHP101616,Ernakulam,Perumbavoor,Semi-Urban,Independent House,2947,4,4,17,0,Fully Furnished,0,2.9,Narrow Road,No,8150000,3600,Research-informed synthetic estimate
KHP101617,Kozhikode,Malaparamba,Semi-Urban,Villa,1996,4,4,3,0,Unfurnished,2,9.3,Narrow Road,No,13360000,7500,Research-informed synthetic estimate
KHP101618,Kozhikode,Vadakara,Semi-Urban,Apartment,3158,5,4,7,1,Fully Furnished,4,2.3,Narrow Road,No,23870000,6800,Research-informed synthetic estimate
KHP101619,Kozhikode,Pantheerankavu,Rural,Independent House,651,2,2,27,3,Unfurnished,0,2.5,Narrow Road,No,3160000,8500,Research-informed synthetic estimate
KHP101620,Ernakulam,Panampilly Nagar,Urban,Residential Plot,2325,4,4,3,0,Semi-Furnished,1,2.1,Local Road,No,18760000,9500,Research-informed synthetic estimate
KHP101621,Alappuzha,Ambalappuzha,Rural,Independent House,3750,6,5,27,1,Semi-Furnished,1,1.5,Local Road,No,9810000,3400,Research-informed synthetic estimate
KHP101622,Kannur,Sreekandapuram,Rural,Independent House,2890,4,4,10,2,Fully Furnished,0,1.3,Local Road,Yes,6780000,2900,Research-informed synthetic estimate
KHP101623,Kottayam,Pala,Rural,Independent House,1338,2,2,6,0,Semi-Furnished,1,0.8,Local Road,No,4110000,4200,Research-informed synthetic estimate
KHP101624,Thrissur,Ollur,Semi-Urban,Independent House,2098,2,2,11,1,Fully Furnished,1,5.1,Main Road,No,17230000,9000,Research-informed synthetic estimate
KHP101625,Palakkad,Shoranur,Semi-Urban,Residential Plot,1681,3,3,13,0,Semi-Furnished,0,0.9,Main Road,No,4550000,3100,Research-informed synthetic estimate
KHP101626,Malappuram,Malappuram Town,Urban,Independent House,3270,6,5,16,1,Semi-Furnished,0,2.2,Narrow Road,No,14000000,4400,Research-informed synthetic estimate
KHP101627,Kannur,Chala,Rural,Independent House,3860,6,5,4,2,Fully Furnished,1,5.3,Local Road,No,14980000,3600,Research-informed synthetic estimate
KHP101628,Kollam,Kollam Town,Urban,Independent House,2632,4,4,25,1,Semi-Furnished,0,4.5,Main Road,Yes,13490000,4800,Research-informed synthetic estimate
KHP101629,Pathanamthitta,Adoor,Semi-Urban,Residential Plot,2831,5,5,24,1,Semi-Furnished,2,3.6,Main Road,No,9530000,3900,Research-informed synthetic estimate
KHP101630,Alappuzha,Kayamkulam,Semi-Urban,Independent House,3211,5,5,29,3,Semi-Furnished,2,10.1,Main Road,No,10930000,3600,Research-informed synthetic estimate
KHP101631,Ernakulam,Thevakkal,Semi-Urban,Independent House,4033,6,5,10,1,Unfurnished,1,8.3,Main Road,Yes,22280000,5400,Research-informed synthetic estimate
KHP101632,Ernakulam,Chottanikkara,Semi-Urban,Independent House,1015,2,1,6,1,Unfurnished,1,4.5,Main Road,No,3940000,4200,Research-informed synthetic estimate
KHP101633,Kollam,Kollam Town,Urban,Villa,3078,4,4,23,1,Semi-Furnished,1,1.1,Main Road,No,15220000,4800,Research-informed synthetic estimate
KHP101634,Alappuzha,Ambalappuzha,Semi-Urban,Independent House,948,2,1,15,0,Semi-Furnished,0,3.4,Main Road,No,3040000,3400,Research-informed synthetic estimate
KHP101635,Thiruvananthapuram,Sreekaryam,Semi-Urban,Residential Plot,805,1,1,11,0,Unfurnished,2,1.3,Highway Access,No,3990000,6200,Research-informed synthetic estimate
KHP101636,Palakkad,Alathur,Rural,Independent House,4108,6,5,23,2,Fully Furnished,2,2.8,Main Road,Yes,12670000,2900,Research-informed synthetic estimate
KHP101637,Kannur,Chala,Semi-Urban,Residential Plot,4180,6,5,26,2,Semi-Furnished,1,4.3,Main Road,No,14600000,3600,Research-informed synthetic estimate
KHP101638,Kozhikode,Karaparamba,Semi-Urban,Independent House,4086,6,5,15,2,Semi-Furnished,2,11.8,Main Road,No,15230000,4000,Research-informed synthetic estimate
KHP101639,Wayanad,Sulthan Bathery,Semi-Urban,Residential Plot,2715,4,4,12,2,Fully Furnished,0,11.1,Main Road,Yes,10170000,3900,Research-informed synthetic estimate
KHP101640,Alappuzha,Muhamma,Rural,Independent House,947,2,2,27,1,Unfurnished,0,3.5,Main Road,No,2620000,4000,Research-informed synthetic estimate
KHP101641,Thrissur,Thrissur Town,Urban,Independent House,3588,5,5,12,0,Semi-Furnished,1,4.0,Main Road,No,19670000,5000,Research-informed synthetic estimate
KHP101642,Thiruvananthapuram,Pattom,Urban,Independent House,3123,5,4,13,2,Fully Furnished,0,1.4,Main Road,No,28840000,7200,Research-informed synthetic estimate
KHP101643,Kasaragod,Cheruvathur,Rural,Apartment,1955,2,2,1,0,Fully Furnished,3,12.1,Narrow Road,No,4670000,2900,Research-informed synthetic estimate
KHP101644,Thiruvananthapuram,Pattom,Urban,Villa,3291,6,5,11,2,Fully Furnished,1,1.4,Main Road,No,32770000,7200,Research-informed synthetic estimate
KHP101645,Kollam,Karunagappally,Rural,Villa,4065,6,5,13,0,Semi-Furnished,2,2.1,Narrow Road,No,15360000,3800,Research-informed synthetic estimate
KHP101646,Palakkad,Chittur,Rural,Independent House,1692,2,2,5,1,Fully Furnished,1,14.2,Main Road,No,4110000,2900,Research-informed synthetic estimate
KHP101647,Kannur,Iritty,Rural,Apartment,757,1,1,11,1,Semi-Furnished,3,3.4,Highway Access,No,1940000,2800,Research-informed synthetic estimate
KHP101648,Kasaragod,Kasaragod Town,Urban,Residential Plot,2154,3,3,4,2,Fully Furnished,0,1.5,Local Road,No,7890000,3600,Research-informed synthetic estimate
KHP101649,Kollam,Karunagappally,Semi-Urban,Apartment,1454,3,3,2,1,Semi-Furnished,2,3.6,Local Road,No,5740000,3800,Research-informed synthetic estimate
KHP101650,Palakkad,Palakkad Town,Urban,Independent House,2155,4,3,7,0,Semi-Furnished,2,8.0,Local Road,No,7970000,3900,Research-informed synthetic estimate
KHP101651,Thrissur,Guruvayur,Semi-Urban,Villa,1101,1,1,29,3,Unfurnished,2,0.9,Local Road,No,3630000,3700,Research-informed synthetic estimate
KHP101652,Wayanad,Mananthavady,Semi-Urban,Apartment,838,1,1,1,1,Unfurnished,0,5.5,Local Road,No,2450000,3400,Research-informed synthetic estimate
KHP101653,Kozhikode,Kottooli,Semi-Urban,Apartment,1380,1,1,25,0,Semi-Furnished,6,0.9,Local Road,Yes,7060000,6500,Research-informed synthetic estimate
KHP101654,Idukki,Kumily,Semi-Urban,Villa,2809,5,5,26,2,Semi-Furnished,2,10.0,Main Road,No,9330000,3400,Research-informed synthetic estimate
KHP101655,Thiruvananthapuram,Pattom,Urban,Independent House,1999,4,3,20,0,Semi-Furnished,0,3.0,Main Road,No,14390000,7200,Research-informed synthetic estimate
KHP101656,Kannur,Sreekandapuram,Rural,Independent House,2594,5,5,24,1,Fully Furnished,0,2.5,Main Road,No,6890000,2900,Research-informed synthetic estimate
KHP101657,Alappuzha,Ambalappuzha,Semi-Urban,Independent House,1868,3,3,8,1,Unfurnished,2,10.7,Local Road,No,5120000,3400,Research-informed synthetic estimate
KHP101658,Thiruvananthapuram,Kazhakoottam,Semi-Urban,Independent House,2773,4,4,22,1,Semi-Furnished,2,2.0,Local Road,No,15830000,6800,Research-informed synthetic estimate
KHP101659,Palakkad,Mannarkkad,Rural,Independent House,3002,5,5,21,0,Semi-Furnished,0,15.2,Main Road,No,6440000,2800,Research-informed synthetic estimate
KHP101660,Pathanamthitta,Pandalam,Rural,Independent House,4183,6,5,20,1,Fully Furnished,0,4.0,Highway Access,No,17980000,3400,Research-informed synthetic estimate
KHP101661,Pathanamthitta,Pathanamthitta Town,Semi-Urban,Apartment,3698,6,5,13,1,Semi-Furnished,2,3.0,Main Road,Yes,17000000,3800,Research-informed synthetic estimate
KHP101662,Kasaragod,Uppala,Rural,Independent House,2129,4,4,11,0,Semi-Furnished,2,3.9,Local Road,No,5140000,3000,Research-informed synthetic estimate
KHP101663,Ernakulam,Vyttila,Urban,Villa,2060,4,4,21,2,Semi-Furnished,0,6.9,Main Road,Yes,19680000,8000,Research-informed synthetic estimate
KHP101664,Kasaragod,Kasaragod Town,Urban,Residential Plot,1409,3,3,29,1,Semi-Furnished,1,7.1,Main Road,No,3630000,3600,Research-informed synthetic estimate
KHP101665,Palakkad,Chittur,Rural,Villa,2464,4,4,6,1,Unfurnished,1,4.7,Local Road,No,6290000,2900,Research-informed synthetic estimate
KHP101666,Wayanad,Meppadi,Semi-Urban,Independent House,3282,5,5,22,0,Unfurnished,0,3.3,Local Road,No,9850000,3300,Research-informed synthetic estimate
KHP101667,Wayanad,Sulthan Bathery,Semi-Urban,Independent House,3427,5,5,17,2,Semi-Furnished,0,7.0,Local Road,No,13080000,3900,Research-informed synthetic estimate
KHP101668,Kannur,Thottada,Rural,Apartment,2492,4,4,18,1,Semi-Furnished,3,5.7,Local Road,Yes,9280000,4200,Research-informed synthetic estimate
KHP101669,Kozhikode,Mukkam,Rural,Independent House,3754,5,5,9,0,Fully Furnished,2,1.2,Main Road,No,13480000,3000,Research-informed synthetic estimate
KHP101670,Ernakulam,Marine Drive,Urban,Residential Plot,3132,4,3,8,2,Unfurnished,1,0.5,Main Road,Yes,42920000,12500,Research-informed synthetic estimate
KHP101671,Pathanamthitta,Mallappally,Rural,Apartment,2052,2,1,4,2,Unfurnished,0,9.0,Local Road,No,4730000,3000,Research-informed synthetic estimate
KHP101672,Pathanamthitta,Pathanamthitta Town,Semi-Urban,Residential Plot,3920,6,5,12,0,Semi-Furnished,2,4.1,Main Road,Yes,11570000,3800,Research-informed synthetic estimate
KHP101673,Alappuzha,Alappuzha Town,Urban,Apartment,1664,2,2,13,1,Fully Furnished,1,9.2,Main Road,No,11450000,6000,Research-informed synthetic estimate
KHP101674,Malappuram,Kondotty,Semi-Urban,Villa,2220,3,3,13,1,Semi-Furnished,2,16.6,Local Road,No,8480000,4300,Research-informed synthetic estimate
KHP101675,Malappuram,Ponnani,Semi-Urban,Residential Plot,3959,6,5,28,0,Semi-Furnished,2,7.5,Local Road,Yes,10240000,3500,Research-informed synthetic estimate
KHP101676,Kozhikode,Chevarambalam,Rural,Villa,2621,4,3,21,0,Semi-Furnished,1,1.4,Local Road,No,13730000,6300,Research-informed synthetic estimate
KHP101677,Thrissur,Chalakudy,Rural,Independent House,676,1,1,8,0,Fully Furnished,1,2.8,Highway Access,No,2550000,3900,Research-informed synthetic estimate
KHP101678,Idukki,Munnar,Semi-Urban,Independent House,1041,2,1,0,0,Semi-Furnished,1,1.9,Main Road,Yes,8650000,6500,Research-informed synthetic estimate
KHP101679,Kasaragod,Uppala,Semi-Urban,Independent House,1612,2,2,23,1,Semi-Furnished,0,3.9,Narrow Road,No,3470000,3000,Research-informed synthetic estimate
KHP101680,Palakkad,Alathur,Rural,Independent House,2196,4,4,19,1,Unfurnished,0,1.1,Narrow Road,No,4220000,2900,Research-informed synthetic estimate
KHP101681,Thrissur,Guruvayur,Semi-Urban,Apartment,3160,5,5,23,0,Semi-Furnished,7,9.8,Local Road,No,9980000,3700,Research-informed synthetic estimate
KHP101682,Thiruvananthapuram,Neyyattinkara,Semi-Urban,Residential Plot,2397,3,3,14,0,Fully Furnished,1,1.5,Local Road,Yes,8960000,4200,Research-informed synthetic estimate
KHP101683,Thrissur,Irinjalakuda,Rural,Apartment,3034,5,5,27,1,Unfurnished,0,1.8,Main Road,No,9200000,3400,Research-informed synthetic estimate
KHP101684,Kottayam,Kanjirappally,Rural,Apartment,2003,3,3,27,1,Semi-Furnished,5,2.8,Main Road,Yes,5460000,3000,Research-informed synthetic estimate
KHP101685,Pathanamthitta,Konni,Rural,Residential Plot,3367,6,5,6,3,Semi-Furnished,2,5.4,Narrow Road,No,8810000,2900,Research-informed synthetic estimate
KHP101686,Kozhikode,Karaparamba,Rural,Residential Plot,3256,5,5,22,1,Unfurnished,2,7.7,Local Road,No,9650000,4000,Research-informed synthetic estimate
KHP101687,Malappuram,Tirur,Semi-Urban,Independent House,2302,2,1,28,3,Semi-Furnished,1,11.5,Local Road,Yes,7280000,4200,Research-informed synthetic estimate
KHP101688,Ernakulam,Maradu,Semi-Urban,Independent House,4048,5,5,5,0,Semi-Furnished,1,6.0,Local Road,No,31220000,7300,Research-informed synthetic estimate
KHP101689,Ernakulam,Kalamassery,Semi-Urban,Independent House,2743,4,4,8,1,Unfurnished,1,8.7,Main Road,Yes,17440000,6000,Research-informed synthetic estimate
KHP101690,Kannur,Payyannur,Semi-Urban,Apartment,3786,6,5,7,0,Unfurnished,5,13.6,Narrow Road,Yes,13700000,3900,Research-informed synthetic estimate
KHP101691,Idukki,Kattappana,Semi-Urban,Independent House,1715,2,2,11,1,Semi-Furnished,2,5.5,Main Road,No,4490000,3000,Research-informed synthetic estimate
KHP101692,Thrissur,Muthuvattoor,Rural,Villa,1746,2,1,4,0,Semi-Furnished,0,4.8,Narrow Road,No,4420000,3500,Research-informed synthetic estimate
KHP101693,Idukki,Adimali,Semi-Urban,Villa,3445,5,5,17,0,Unfurnished,1,2.5,Local Road,No,9090000,3000,Research-informed synthetic estimate
KHP101694,Kozhikode,Nellikode,Semi-Urban,Independent House,831,1,1,18,0,Unfurnished,1,9.7,Local Road,Yes,2630000,4500,Research-informed synthetic estimate
KHP101695,Kasaragod,Hosdurg,Semi-Urban,Independent House,2496,4,4,11,1,Semi-Furnished,1,11.2,Local Road,No,7250000,3300,Research-informed synthetic estimate
KHP101696,Kasaragod,Manjeshwar,Semi-Urban,Residential Plot,1488,3,3,7,2,Fully Furnished,2,1.0,Local Road,No,5370000,3400,Research-informed synthetic estimate
KHP101697,Malappuram,Malappuram Town,Urban,Residential Plot,1145,1,1,9,1,Unfurnished,2,2.6,Local Road,No,3350000,4400,Research-informed synthetic estimate
KHP101698,Palakkad,Shoranur,Semi-Urban,Apartment,2117,3,3,18,1,Semi-Furnished,2,15.0,Main Road,Yes,6450000,3100,Research-informed synthetic estimate
KHP101699,Kozhikode,Kottooli,Semi-Urban,Independent House,2352,4,4,4,3,Unfurnished,0,1.6,Narrow Road,Yes,14710000,6500,Research-informed synthetic estimate
KHP101700,Alappuzha,Haripad,Semi-Urban,Independent House,2657,4,4,13,0,Unfurnished,2,4.2,Main Road,Yes,8330000,3200,Research-informed synthetic estimate
KHP101701,Idukki,Munnar,Semi-Urban,Apartment,1502,2,2,28,2,Unfurnished,0,3.6,Narrow Road,Yes,6510000,6500,Research-informed synthetic estimate
KHP101702,Malappuram,Nilambur,Rural,Independent House,3113,5,5,22,0,Unfurnished,0,1.5,Local Road,No,8310000,3300,Research-informed synthetic estimate
KHP101703,Thrissur,Thrissur Town,Urban,Independent House,2646,4,4,21,1,Fully Furnished,2,2.3,Local Road,No,12950000,5000,Research-informed synthetic estimate
KHP101704,Kannur,Iritty,Rural,Independent House,2089,2,2,3,1,Semi-Furnished,2,3.2,Local Road,No,4900000,2800,Research-informed synthetic estimate
KHP101705,Thiruvananthapuram,Kowdiar,Urban,Apartment,2877,4,4,21,2,Semi-Furnished,5,2.5,Local Road,No,25590000,9000,Research-informed synthetic estimate
KHP101706,Idukki,Kattappana,Semi-Urban,Apartment,2344,4,4,4,1,Unfurnished,3,2.3,Main Road,No,7960000,3000,Research-informed synthetic estimate
KHP101707,Thrissur,Kunnamkulam,Semi-Urban,Independent House,1127,1,1,22,1,Unfurnished,2,3.2,Main Road,Yes,3530000,3500,Research-informed synthetic estimate
KHP101708,Wayanad,Mananthavady,Semi-Urban,Apartment,1265,4,4,29,1,Semi-Furnished,4,1.8,Main Road,No,3690000,3400,Research-informed synthetic estimate
KHP101709,Idukki,Painavu,Rural,Villa,2580,4,4,12,1,Unfurnished,1,7.4,Local Road,Yes,6730000,2600,Research-informed synthetic estimate
KHP101710,Thiruvananthapuram,Kazhakkoottam,Semi-Urban,Apartment,1426,2,1,22,0,Semi-Furnished,6,5.0,Local Road,Yes,7610000,6800,Research-informed synthetic estimate
KHP101711,Alappuzha,Alappuzha Town,Urban,Apartment,3531,6,5,5,2,Semi-Furnished,6,1.8,Local Road,No,22230000,6000,Research-informed synthetic estimate
KHP101712,Idukki,Nedumkandam,Rural,Independent House,2892,4,4,11,0,Semi-Furnished,2,2.7,Local Road,No,6280000,2700,Research-informed synthetic estimate
KHP101713,Idukki,Nedumkandam,Rural,Apartment,1638,2,2,30,3,Unfurnished,7,5.0,Narrow Road,No,2770000,2700,Research-informed synthetic estimate
KHP101714,Malappuram,Kondotty,Semi-Urban,Apartment,2564,4,4,15,0,Semi-Furnished,3,0.8,Narrow Road,No,9220000,4300,Research-informed synthetic estimate
KHP101715,Alappuzha,Alappuzha Town,Urban,Independent House,4130,6,5,22,2,Unfurnished,1,4.8,Main Road,Yes,25710000,6000,Research-informed synthetic estimate
KHP101716,Malappuram,Perinthalmanna,Rural,Apartment,1362,2,2,6,2,Fully Furnished,3,1.2,Local Road,Yes,5910000,4500,Research-informed synthetic estimate
KHP101717,Ernakulam,Vyttila,Urban,Independent House,2852,4,4,29,0,Fully Furnished,0,5.0,Main Road,Yes,22010000,8000,Research-informed synthetic estimate
KHP101718,Palakkad,Pattambi,Rural,Independent House,1859,4,4,7,0,Semi-Furnished,1,8.4,Local Road,No,3980000,3000,Research-informed synthetic estimate
KHP101719,Ernakulam,Pukkattupady,Semi-Urban,Residential Plot,1011,1,1,8,1,Unfurnished,2,5.8,Main Road,No,3610000,4700,Research-informed synthetic estimate
KHP101720,Ernakulam,Kalamassery,Semi-Urban,Apartment,4033,5,5,24,0,Unfurnished,7,0.5,Main Road,No,23870000,6000,Research-informed synthetic estimate
KHP101721,Kozhikode,Chevarambalam,Semi-Urban,Independent House,2086,3,3,28,2,Unfurnished,2,2.7,Narrow Road,No,8580000,6300,Research-informed synthetic estimate
KHP101722,Thiruvananthapuram,Peroorkada,Semi-Urban,Independent House,694,1,1,9,0,Fully Furnished,0,4.7,Main Road,Yes,4510000,5900,Research-informed synthetic estimate
KHP101723,Kottayam,Vaikom,Semi-Urban,Residential Plot,2956,5,5,9,0,Unfurnished,1,0.7,Narrow Road,No,9470000,3500,Research-informed synthetic estimate
KHP101724,Kottayam,Pala,Rural,Apartment,3126,4,4,6,1,Semi-Furnished,7,5.4,Narrow Road,No,10550000,4200,Research-informed synthetic estimate
KHP101725,Malappuram,Kondotty,Semi-Urban,Apartment,1374,1,1,4,2,Unfurnished,1,3.1,Narrow Road,Yes,5220000,4300,Research-informed synthetic estimate
KHP101726,Idukki,Kumily,Semi-Urban,Independent House,2182,3,3,18,1,Semi-Furnished,2,0.9,Local Road,Yes,6440000,3400,Research-informed synthetic estimate
KHP101727,Ernakulam,Kakkanad,Rural,Independent House,2644,4,4,17,3,Unfurnished,1,3.9,Narrow Road,Yes,12200000,6500,Research-informed synthetic estimate
KHP101728,Idukki,Kumily,Rural,Villa,3009,4,4,11,0,Semi-Furnished,0,2.7,Local Road,No,10650000,3400,Research-informed synthetic estimate
KHP101729,Pathanamthitta,Pathanamthitta Town,Semi-Urban,Independent House,3247,6,5,8,1,Semi-Furnished,2,12.9,Local Road,Yes,11550000,3800,Research-informed synthetic estimate
KHP101730,Kottayam,Kanjirappally,Rural,Independent House,2434,4,4,30,0,Unfurnished,2,6.9,Narrow Road,No,4270000,3000,Research-informed synthetic estimate
KHP101731,Kozhikode,Government Medical College,Urban,Independent House,2979,4,4,25,1,Semi-Furnished,2,6.8,Local Road,No,24290000,9300,Research-informed synthetic estimate
KHP101732,Ernakulam,Pallikkara,Semi-Urban,Independent House,2461,4,3,30,0,Unfurnished,1,11.8,Main Road,No,6990000,4600,Research-informed synthetic estimate
KHP101733,Malappuram,Tirur,Semi-Urban,Independent House,1619,2,2,12,1,Unfurnished,2,5.5,Narrow Road,No,5010000,4200,Research-informed synthetic estimate
KHP101734,Thrissur,Koorkenchery,Semi-Urban,Independent House,3122,4,3,25,1,Semi-Furnished,1,3.9,Main Road,No,20190000,6500,Research-informed synthetic estimate
KHP101735,Ernakulam,Pallikkara,Semi-Urban,Apartment,2233,4,4,23,2,Unfurnished,0,9.2,Narrow Road,No,8150000,4600,Research-informed synthetic estimate
KHP101736,Idukki,Kumily,Semi-Urban,Independent House,4041,6,5,9,0,Unfurnished,2,1.3,Highway Access,No,13500000,3400,Research-informed synthetic estimate
KHP101737,Kottayam,Vaikom,Rural,Apartment,2129,2,2,4,0,Fully Furnished,0,3.8,Highway Access,Yes,7110000,3500,Research-informed synthetic estimate
KHP101738,Thrissur,Irinjalakuda,Rural,Villa,2690,4,4,25,2,Semi-Furnished,1,8.0,Narrow Road,No,6940000,3400,Research-informed synthetic estimate
KHP101739,Thiruvananthapuram,Attingal,Semi-Urban,Villa,1125,2,2,23,0,Semi-Furnished,2,1.8,Local Road,Yes,4300000,3900,Research-informed synthetic estimate
KHP101740,Kollam,Kollam Town,Urban,Apartment,2041,3,2,13,1,Fully Furnished,4,8.3,Local Road,No,9530000,4800,Research-informed synthetic estimate
KHP101741,Kozhikode,Karaparamba,Semi-Urban,Independent House,1159,2,2,11,1,Semi-Furnished,2,1.9,Local Road,No,3980000,4000,Research-informed synthetic estimate
KHP101742,Thrissur,Patturaikkal,Semi-Urban,Apartment,3194,5,5,27,1,Semi-Furnished,6,9.2,Local Road,Yes,15420000,5600,Research-informed synthetic estimate
KHP101743,Wayanad,Sulthan Bathery,Semi-Urban,Residential Plot,3231,4,4,3,0,Semi-Furnished,1,1.4,Main Road,No,10860000,3900,Research-informed synthetic estimate
KHP101744,Ernakulam,Edappally,Urban,Apartment,2431,4,3,21,3,Fully Furnished,2,3.6,Local Road,No,17870000,7600,Research-informed synthetic estimate
KHP101745,Thiruvananthapuram,Nedumangad,Semi-Urban,Apartment,3430,4,4,1,2,Fully Furnished,1,1.3,Main Road,No,14500000,3600,Research-informed synthetic estimate
KHP101746,Wayanad,Vythiri,Rural,Independent House,2925,6,5,21,2,Semi-Furnished,0,3.8,Main Road,No,13120000,4700,Research-informed synthetic estimate
KHP101747,Kottayam,Kanjirappally,Rural,Independent House,3560,5,5,0,1,Unfurnished,2,1.9,Local Road,Yes,11940000,3000,Research-informed synthetic estimate
KHP101748,Kollam,Kollam Town,Urban,Apartment,3246,4,4,25,1,Unfurnished,0,4.0,Narrow Road,Yes,11250000,4800,Research-informed synthetic estimate
KHP101749,Idukki,Thodupuzha,Semi-Urban,Apartment,3912,6,5,16,0,Fully Furnished,6,1.9,Local Road,Yes,17450000,3900,Research-informed synthetic estimate
KHP101750,Thiruvananthapuram,Kazhakoottam,Semi-Urban,Independent House,2113,3,3,2,0,Unfurnished,1,0.8,Main Road,Yes,15460000,6800,Research-informed synthetic estimate
KHP101751,Kottayam,Kottayam Town,Urban,Villa,2204,3,3,7,0,Unfurnished,0,7.8,Local Road,No,11540000,5200,Research-informed synthetic estimate
KHP101752,Palakkad,Alathur,Rural,Independent House,1415,2,2,18,0,Unfurnished,1,3.9,Main Road,Yes,3490000,2900,Research-informed synthetic estimate
KHP101753,Thiruvananthapuram,Technopark,Semi-Urban,Apartment,1159,3,2,9,1,Fully Furnished,4,5.1,Main Road,Yes,9270000,7000,Research-informed synthetic estimate
KHP101754,Kannur,Taliparamba,Semi-Urban,Apartment,740,2,2,6,0,Unfurnished,1,4.6,Local Road,No,2500000,3500,Research-informed synthetic estimate
KHP101755,Alappuzha,Cherthala,Semi-Urban,Apartment,1581,1,1,12,2,Unfurnished,5,5.8,Local Road,No,6070000,4700,Research-informed synthetic estimate
KHP101756,Kannur,Thalassery,Semi-Urban,Independent House,3994,5,5,10,0,Unfurnished,0,16.2,Main Road,No,16310000,4300,Research-informed synthetic estimate
KHP101757,Ernakulam,Pukkattupady,Semi-Urban,Independent House,4009,5,5,3,3,Semi-Furnished,1,0.9,Main Road,No,25590000,4700,Research-informed synthetic estimate
KHP101758,Wayanad,Panamaram,Rural,Villa,1067,1,1,15,0,Semi-Furnished,2,9.2,Local Road,Yes,2620000,2900,Research-informed synthetic estimate
KHP101759,Kasaragod,Nileshwar,Semi-Urban,Independent House,3600,5,5,9,2,Fully Furnished,2,4.9,Local Road,No,11540000,3200,Research-informed synthetic estimate
KHP101760,Malappuram,Nilambur,Semi-Urban,Independent House,662,2,2,25,1,Fully Furnished,1,6.3,Narrow Road,No,1710000,3300,Research-informed synthetic estimate
KHP101761,Palakkad,Pattambi,Semi-Urban,Residential Plot,1935,3,3,26,0,Fully Furnished,2,1.2,Main Road,No,4150000,3000,Research-informed synthetic estimate
KHP101762,Pathanamthitta,Ranni,Rural,Villa,2610,4,4,1,0,Unfurnished,1,3.0,Local Road,Yes,7120000,3000,Research-informed synthetic estimate
KHP101763,Ernakulam,Vennala,Semi-Urban,Independent House,843,1,1,30,0,Fully Furnished,2,3.5,Main Road,No,4790000,7200,Research-informed synthetic estimate
KHP101764,Kottayam,Manarcadu,Semi-Urban,Villa,3490,6,5,16,3,Semi-Furnished,2,4.0,Local Road,No,13080000,3600,Research-informed synthetic estimate
KHP101765,Kannur,Sreekandapuram,Rural,Villa,3874,6,5,17,0,Fully Furnished,2,5.6,Local Road,No,14430000,2900,Research-informed synthetic estimate
KHP101766,Kannur,Payyannur,Semi-Urban,Villa,4168,5,5,28,1,Semi-Furnished,0,3.2,Main Road,No,14040000,3900,Research-informed synthetic estimate
KHP101767,Ernakulam,Perumbavoor,Semi-Urban,Independent House,1697,3,3,5,0,Semi-Furnished,2,8.0,Local Road,No,5760000,3600,Research-informed synthetic estimate
KHP101768,Alappuzha,Kayamkulam,Rural,Apartment,1981,3,3,27,1,Fully Furnished,3,5.6,Narrow Road,No,5150000,3600,Research-informed synthetic estimate
KHP101769,Alappuzha,Cherthala,Rural,Apartment,1710,2,2,1,0,Unfurnished,7,4.0,Main Road,No,6720000,4700,Research-informed synthetic estimate
KHP101770,Kannur,Thottada,Semi-Urban,Villa,3025,4,4,28,0,Semi-Furnished,1,7.4,Local Road,No,10710000,4200,Research-informed synthetic estimate
KHP101771,Kannur,Kannur Town,Urban,Independent House,2837,5,5,24,0,Unfurnished,1,3.5,Narrow Road,No,9760000,4500,Research-informed synthetic estimate
KHP101772,Pathanamthitta,Ranni,Rural,Residential Plot,3104,5,5,4,2,Unfurnished,1,1.5,Main Road,No,7360000,3000,Research-informed synthetic estimate
KHP101773,Palakkad,Ottapalam,Rural,Villa,1461,3,3,2,1,Semi-Furnished,2,4.0,Local Road,Yes,4540000,3200,Research-informed synthetic estimate
KHP101774,Kasaragod,Kasaragod Town,Urban,Residential Plot,1591,2,2,25,1,Fully Furnished,1,3.8,Local Road,Yes,4550000,3600,Research-informed synthetic estimate
KHP101775,Kollam,Kollam Town,Urban,Independent House,3772,5,5,23,2,Unfurnished,2,4.9,Main Road,No,17810000,4800,Research-informed synthetic estimate
KHP101776,Wayanad,Mananthavady,Semi-Urban,Residential Plot,2809,4,4,16,2,Semi-Furnished,0,7.0,Main Road,Yes,8560000,3400,Research-informed synthetic estimate
KHP101777,Thrissur,Guruvayur,Rural,Independent House,3290,4,4,4,0,Unfurnished,1,2.5,Local Road,Yes,12790000,3700,Research-informed synthetic estimate
KHP101778,Kasaragod,Bekal,Semi-Urban,Residential Plot,3019,5,5,28,0,Fully Furnished,2,2.8,Narrow Road,No,10700000,4200,Research-informed synthetic estimate
KHP101779,Pathanamthitta,Ranni,Rural,Independent House,2428,3,3,1,1,Semi-Furnished,1,2.0,Main Road,No,7620000,3000,Research-informed synthetic estimate
KHP101780,Alappuzha,Haripad,Semi-Urban,Villa,2115,3,3,0,0,Unfurnished,2,4.3,Main Road,No,6930000,3200,Research-informed synthetic estimate
KHP101781,Kozhikode,Mavoor Road,Urban,Independent House,2881,5,5,28,2,Unfurnished,0,10.0,Highway Access,No,16430000,6400,Research-informed synthetic estimate
KHP101782,Idukki,Thodupuzha,Semi-Urban,Apartment,1266,2,2,18,2,Unfurnished,3,2.2,Highway Access,No,4980000,3900,Research-informed synthetic estimate
KHP101783,Idukki,Kattappana,Rural,Residential Plot,1763,3,3,29,0,Fully Furnished,2,1.5,Main Road,Yes,3140000,3000,Research-informed synthetic estimate
KHP101784,Ernakulam,Panampilly Nagar,Urban,Independent House,3754,6,5,25,0,Semi-Furnished,1,3.2,Local Road,No,34060000,9500,Research-informed synthetic estimate
KHP101785,Malappuram,Kondotty,Rural,Independent House,3649,6,5,25,1,Unfurnished,1,1.3,Main Road,No,13450000,4300,Research-informed synthetic estimate
KHP101786,Wayanad,Sulthan Bathery,Semi-Urban,Independent House,3083,4,4,12,0,Fully Furnished,2,5.8,Local Road,Yes,12360000,3900,Research-informed synthetic estimate
KHP101787,Kasaragod,Uppala,Rural,Villa,803,1,1,7,1,Semi-Furnished,1,0.9,Highway Access,No,2370000,3000,Research-informed synthetic estimate
KHP101788,Idukki,Painavu,Rural,Independent House,2983,5,5,17,1,Fully Furnished,2,4.8,Main Road,Yes,7890000,2600,Research-informed synthetic estimate
KHP101789,Kottayam,Kumarakom,Semi-Urban,Apartment,2684,5,4,2,0,Semi-Furnished,6,0.8,Narrow Road,No,19840000,6500,Research-informed synthetic estimate
KHP101790,Thiruvananthapuram,Pattom,Urban,Independent House,1239,2,2,5,0,Semi-Furnished,0,5.9,Local Road,Yes,9140000,7200,Research-informed synthetic estimate
KHP101791,Pathanamthitta,Konni,Rural,Independent House,797,1,1,21,1,Semi-Furnished,1,5.2,Narrow Road,Yes,1520000,2900,Research-informed synthetic estimate
KHP101792,Kannur,Kannur Town,Urban,Villa,1584,3,3,22,0,Semi-Furnished,1,5.4,Highway Access,No,7350000,4500,Research-informed synthetic estimate
KHP101793,Alappuzha,Chengannur,Semi-Urban,Apartment,1394,3,3,4,1,Semi-Furnished,3,7.1,Main Road,No,6220000,4300,Research-informed synthetic estimate
KHP101794,Kozhikode,Mukkam,Rural,Independent House,3810,6,5,8,0,Fully Furnished,1,5.9,Local Road,No,9980000,3000,Research-informed synthetic estimate
KHP101795,Wayanad,Mananthavady,Rural,Apartment,3607,6,5,24,2,Fully Furnished,0,16.3,Local Road,No,9880000,3400,Research-informed synthetic estimate
KHP101796,Kottayam,Kumarakom,Semi-Urban,Apartment,2799,5,5,19,0,Unfurnished,1,7.5,Local Road,No,17710000,6500,Research-informed synthetic estimate
KHP101797,Wayanad,Kalpetta,Semi-Urban,Independent House,2485,4,3,25,2,Semi-Furnished,0,7.6,Main Road,No,10200000,4300,Research-informed synthetic estimate
KHP101798,Ernakulam,Panampilly Nagar,Urban,Apartment,3273,5,5,23,0,Unfurnished,2,5.1,Main Road,No,27200000,9500,Research-informed synthetic estimate
KHP101799,Thrissur,Kodungallur,Semi-Urban,Apartment,2805,3,3,14,3,Semi-Furnished,2,10.9,Local Road,No,9350000,3600,Research-informed synthetic estimate
KHP101800,Malappuram,Kottakkal,Semi-Urban,Villa,1999,3,3,26,1,Unfurnished,2,5.9,Local Road,Yes,7840000,4400,Research-informed synthetic estimate
KHP101801,Idukki,Adimali,Semi-Urban,Independent House,3787,5,5,2,1,Semi-Furnished,0,12.3,Local Road,No,11060000,3000,Research-informed synthetic estimate
KHP101802,Malappuram,Tirur,Rural,Apartment,728,1,1,18,1,Unfurnished,1,4.2,Narrow Road,No,1790000,4200,Research-informed synthetic estimate
KHP101803,Kottayam,Kumarakom,Rural,Independent House,1349,2,2,27,2,Fully Furnished,1,10.2,Main Road,Yes,7220000,6500,Research-informed synthetic estimate
KHP101804,Kozhikode,Nellikode,Semi-Urban,Villa,4057,6,5,19,1,Semi-Furnished,1,2.5,Main Road,Yes,22870000,4500,Research-informed synthetic estimate
KHP101805,Kannur,Iritty,Rural,Apartment,1125,1,1,5,2,Semi-Furnished,6,3.4,Main Road,No,3270000,2800,Research-informed synthetic estimate
KHP101806,Palakkad,Alathur,Rural,Independent House,3790,6,5,22,2,Semi-Furnished,0,3.2,Local Road,No,9920000,2900,Research-informed synthetic estimate
KHP101807,Wayanad,Kalpetta,Rural,Independent House,3058,2,2,22,1,Semi-Furnished,1,4.2,Local Road,No,10620000,4300,Research-informed synthetic estimate
KHP101808,Kasaragod,Bekal,Rural,Independent House,1796,4,4,25,0,Unfurnished,2,4.2,Narrow Road,No,4770000,4200,Research-informed synthetic estimate
KHP101809,Alappuzha,Alappuzha Beach,Rural,Independent House,2307,4,4,24,0,Unfurnished,0,5.1,Main Road,No,12550000,6800,Research-informed synthetic estimate
KHP101810,Kannur,Thalassery,Semi-Urban,Residential Plot,4159,6,5,28,1,Semi-Furnished,1,3.1,Local Road,No,12090000,4300,Research-informed synthetic estimate
KHP101811,Idukki,Nedumkandam,Rural,Independent House,854,2,2,16,1,Unfurnished,0,4.9,Local Road,No,1590000,2700,Research-informed synthetic estimate
KHP101812,Pathanamthitta,Thiruvalla,Semi-Urban,Independent House,3518,4,4,19,2,Fully Furnished,0,1.9,Main Road,No,16460000,4700,Research-informed synthetic estimate
KHP101813,Thrissur,Ayyanthole,Rural,Apartment,1280,2,2,13,0,Semi-Furnished,4,2.7,Main Road,No,4830000,5000,Research-informed synthetic estimate
KHP101814,Wayanad,Meppadi,Rural,Independent House,4189,6,5,9,3,Unfurnished,2,4.4,Local Road,No,13570000,3300,Research-informed synthetic estimate
KHP101815,Thiruvananthapuram,Pattom,Urban,Independent House,3981,6,5,27,2,Fully Furnished,2,1.5,Main Road,No,35640000,7200,Research-informed synthetic estimate
KHP101816,Wayanad,Vythiri,Rural,Apartment,1318,2,2,12,1,Unfurnished,1,5.6,Main Road,No,5410000,4700,Research-informed synthetic estimate
KHP101817,Palakkad,Olavakkode,Semi-Urban,Independent House,1172,2,1,6,1,Semi-Furnished,0,2.9,Local Road,No,3660000,4100,Research-informed synthetic estimate
KHP101818,Kannur,Sreekandapuram,Rural,Apartment,914,2,1,22,0,Unfurnished,5,2.0,Highway Access,No,2220000,2900,Research-informed synthetic estimate
KHP101819,Palakkad,Ottapalam,Semi-Urban,Residential Plot,2759,4,4,1,3,Unfurnished,0,0.5,Highway Access,Yes,11100000,3200,Research-informed synthetic estimate
KHP101820,Thrissur,Kuttanellur,Semi-Urban,Apartment,1033,1,1,20,0,Unfurnished,6,6.3,Main Road,No,4690000,5500,Research-informed synthetic estimate
KHP101821,Alappuzha,Ambalappuzha,Semi-Urban,Apartment,1713,3,3,28,0,Semi-Furnished,1,3.0,Main Road,Yes,5130000,3400,Research-informed synthetic estimate
KHP101822,Thrissur,Guruvayur,Semi-Urban,Independent House,3328,5,4,29,1,Semi-Furnished,1,2.2,Local Road,No,11300000,3700,Research-informed synthetic estimate
KHP101823,Kollam,Kottarakkara,Semi-Urban,Residential Plot,1870,3,3,2,0,Fully Furnished,1,11.6,Main Road,Yes,6210000,3400,Research-informed synthetic estimate
KHP101824,Malappuram,Kondotty,Semi-Urban,Apartment,3758,5,5,21,3,Semi-Furnished,2,4.2,Narrow Road,No,14240000,4300,Research-informed synthetic estimate
KHP101825,Kottayam,Manarcadu,Semi-Urban,Residential Plot,1922,3,3,22,2,Semi-Furnished,1,4.7,Main Road,Yes,6110000,3600,Research-informed synthetic estimate
KHP101826,Kannur,Taliparamba,Semi-Urban,Apartment,3487,5,4,10,2,Fully Furnished,1,5.0,Local Road,No,13100000,3500,Research-informed synthetic estimate
KHP101827,Palakkad,Palakkad Town,Urban,Villa,1815,2,2,19,3,Unfurnished,1,3.5,Main Road,No,7310000,3900,Research-informed synthetic estimate
KHP101828,Kozhikode,Vellayil,Semi-Urban,Independent House,1449,2,1,18,0,Semi-Furnished,0,4.3,Narrow Road,No,8180000,7100,Research-informed synthetic estimate
KHP101829,Wayanad,Sulthan Bathery,Semi-Urban,Apartment,3618,5,5,5,2,Unfurnished,4,5.8,Narrow Road,No,13140000,3900,Research-informed synthetic estimate
KHP101830,Alappuzha,Alappuzha Beach,Semi-Urban,Independent House,2890,3,3,5,2,Fully Furnished,1,2.8,Local Road,No,21280000,6800,Research-informed synthetic estimate
KHP101831,Thiruvananthapuram,Kowdiar,Urban,Apartment,915,1,1,6,3,Semi-Furnished,4,2.8,Local Road,Yes,9020000,9000,Research-informed synthetic estimate
KHP101832,Thrissur,Irinjalakuda,Semi-Urban,Villa,4045,6,5,1,0,Semi-Furnished,2,1.6,Main Road,No,17570000,3400,Research-informed synthetic estimate
KHP101833,Thrissur,Patturaikkal,Semi-Urban,Apartment,3030,4,3,8,1,Semi-Furnished,0,9.0,Local Road,No,14020000,5600,Research-informed synthetic estimate
KHP101834,Kasaragod,Cheruvathur,Rural,Villa,3692,6,5,1,0,Unfurnished,2,1.8,Main Road,No,13710000,2900,Research-informed synthetic estimate
KHP101835,Pathanamthitta,Mallappally,Semi-Urban,Independent House,1846,2,2,4,1,Semi-Furnished,2,2.3,Main Road,No,6480000,3000,Research-informed synthetic estimate
KHP101836,Kasaragod,Bekal,Semi-Urban,Villa,961,2,2,12,0,Semi-Furnished,0,4.2,Highway Access,Yes,5270000,4200,Research-informed synthetic estimate
KHP101837,Kannur,Mattannur,Semi-Urban,Apartment,3349,6,5,3,1,Fully Furnished,0,5.4,Local Road,Yes,15440000,3400,Research-informed synthetic estimate
KHP101838,Alappuzha,Haripad,Semi-Urban,Villa,2185,2,2,10,0,Semi-Furnished,0,1.9,Narrow Road,Yes,6640000,3200,Research-informed synthetic estimate
KHP101839,Pathanamthitta,Thiruvalla,Semi-Urban,Apartment,4174,6,5,4,2,Unfurnished,0,4.0,Local Road,Yes,22070000,4700,Research-informed synthetic estimate
KHP101840,Kottayam,Changanassery,Semi-Urban,Villa,3364,5,5,27,1,Unfurnished,0,3.1,Narrow Road,No,12110000,4300,Research-informed synthetic estimate
KHP101841,Kollam,Kollam Town,Urban,Independent House,3185,5,5,23,2,Semi-Furnished,2,9.2,Main Road,Yes,14890000,4800,Research-informed synthetic estimate
KHP101842,Idukki,Painavu,Rural,Apartment,1934,3,2,25,1,Unfurnished,7,6.1,Local Road,No,3180000,2600,Research-informed synthetic estimate
KHP101843,Malappuram,Nilambur,Rural,Apartment,2310,4,3,28,0,Semi-Furnished,4,1.6,Main Road,No,6150000,3300,Research-informed synthetic estimate
KHP101844,Kozhikode,Mukkam,Rural,Independent House,3878,6,5,18,1,Semi-Furnished,1,5.4,Local Road,Yes,10740000,3000,Research-informed synthetic estimate
KHP101845,Kannur,Sreekandapuram,Rural,Apartment,1086,2,2,10,3,Semi-Furnished,7,6.3,Main Road,Yes,3090000,2900,Research-informed synthetic estimate
KHP101846,Kottayam,Vaikom,Rural,Independent House,1599,2,2,17,2,Unfurnished,0,3.2,Local Road,No,3850000,3500,Research-informed synthetic estimate
KHP101847,Kottayam,Kumarakom,Semi-Urban,Independent House,1197,2,1,24,0,Semi-Furnished,1,2.1,Local Road,No,6340000,6500,Research-informed synthetic estimate
KHP101848,Kozhikode,Nellikode,Semi-Urban,Villa,2909,4,4,19,0,Semi-Furnished,0,6.4,Local Road,Yes,12710000,4500,Research-informed synthetic estimate
KHP101849,Ernakulam,Vyttila,Urban,Apartment,1788,2,2,13,1,Semi-Furnished,0,3.9,Local Road,No,13220000,8000,Research-informed synthetic estimate
KHP101850,Kasaragod,Cheruvathur,Rural,Residential Plot,2902,5,5,24,2,Semi-Furnished,2,4.0,Local Road,Yes,5380000,2900,Research-informed synthetic estimate
KHP101851,Wayanad,Meppadi,Rural,Independent House,741,2,2,26,3,Unfurnished,1,7.4,Highway Access,Yes,1990000,3300,Research-informed synthetic estimate
KHP101852,Ernakulam,Chottanikkara,Rural,Apartment,4093,6,5,9,2,Semi-Furnished,6,3.9,Narrow Road,No,16370000,4200,Research-informed synthetic estimate
KHP101853,Thrissur,Irinjalakuda,Rural,Independent House,837,2,2,6,2,Unfurnished,1,3.6,Local Road,No,1970000,3400,Research-informed synthetic estimate
KHP101854,Ernakulam,Thrippunithura,Semi-Urban,Independent House,3892,5,5,18,0,Fully Furnished,1,3.0,Local Road,Yes,21520000,6000,Research-informed synthetic estimate
KHP101855,Wayanad,Mananthavady,Semi-Urban,Apartment,3167,5,4,19,2,Semi-Furnished,2,3.9,Local Road,No,10720000,3400,Research-informed synthetic estimate
KHP101856,Kollam,Kavanad,Rural,Independent House,2051,3,3,23,1,Semi-Furnished,0,7.4,Local Road,Yes,7260000,5000,Research-informed synthetic estimate
KHP101857,Thiruvananthapuram,Kesavadasapuram,Semi-Urban,Villa,2296,3,3,20,1,Unfurnished,1,1.2,Local Road,No,13090000,7000,Research-informed synthetic estimate
KHP101858,Thrissur,Kodungallur,Semi-Urban,Independent House,4145,5,5,3,0,Fully Furnished,2,2.3,Main Road,No,18060000,3600,Research-informed synthetic estimate
KHP101859,Kannur,Taliparamba,Semi-Urban,Independent House,2386,3,2,17,1,Semi-Furnished,1,1.9,Main Road,No,8470000,3500,Research-informed synthetic estimate
KHP101860,Palakkad,Alathur,Rural,Residential Plot,1152,1,1,28,2,Semi-Furnished,2,2.6,Highway Access,No,2370000,2900,Research-informed synthetic estimate
KHP101861,Thiruvananthapuram,Sreekaryam,Semi-Urban,Independent House,1034,2,2,7,0,Semi-Furnished,0,7.1,Main Road,No,6390000,6200,Research-informed synthetic estimate
KHP101862,Wayanad,Sulthan Bathery,Rural,Independent House,2214,2,1,4,0,Semi-Furnished,1,10.4,Main Road,No,6720000,3900,Research-informed synthetic estimate
KHP101863,Kasaragod,Bekal,Semi-Urban,Apartment,1693,2,2,23,2,Unfurnished,1,2.3,Local Road,Yes,6240000,4200,Research-informed synthetic estimate
KHP101864,Idukki,Painavu,Rural,Villa,3858,6,5,2,0,Semi-Furnished,2,8.7,Narrow Road,No,9960000,2600,Research-informed synthetic estimate
KHP101865,Palakkad,Pattambi,Rural,Independent House,1548,3,3,6,1,Unfurnished,2,1.7,Main Road,No,3890000,3000,Research-informed synthetic estimate
KHP101866,Malappuram,Malappuram Town,Urban,Independent House,3979,6,5,25,3,Semi-Furnished,0,0.8,Main Road,Yes,18170000,4400,Research-informed synthetic estimate
KHP101867,Thrissur,Guruvayur,Rural,Villa,2748,5,5,27,0,Fully Furnished,2,4.8,Narrow Road,No,7700000,3700,Research-informed synthetic estimate
KHP101868,Kasaragod,Cheruvathur,Rural,Apartment,3017,4,4,26,3,Semi-Furnished,0,14.9,Highway Access,No,8160000,2900,Research-informed synthetic estimate
KHP101869,Palakkad,Chittur,Semi-Urban,Independent House,3953,6,5,19,2,Semi-Furnished,0,10.4,Main Road,Yes,12050000,2900,Research-informed synthetic estimate
KHP101870,Kannur,Payyannur,Semi-Urban,Independent House,2305,3,3,14,1,Unfurnished,2,3.3,Local Road,Yes,8230000,3900,Research-informed synthetic estimate
KHP101871,Kannur,Kannur Town,Urban,Independent House,2229,2,2,28,0,Fully Furnished,0,1.3,Main Road,No,10920000,4500,Research-informed synthetic estimate
KHP101872,Wayanad,Meppadi,Semi-Urban,Independent House,2674,5,5,24,2,Unfurnished,0,4.6,Highway Access,No,9830000,3300,Research-informed synthetic estimate
KHP101873,Kottayam,Kottayam Town,Urban,Independent House,2223,4,4,23,3,Fully Furnished,2,9.8,Main Road,Yes,12510000,5200,Research-informed synthetic estimate
KHP101874,Ernakulam,Vyttila,Urban,Villa,1110,1,1,21,0,Semi-Furnished,0,2.4,Narrow Road,No,7370000,8000,Research-informed synthetic estimate
KHP101875,Thiruvananthapuram,Pattom,Urban,Independent House,1190,2,1,30,0,Unfurnished,1,2.0,Main Road,No,6470000,7200,Research-informed synthetic estimate
KHP101876,Malappuram,Nilambur,Semi-Urban,Independent House,3279,5,5,16,2,Semi-Furnished,2,3.5,Local Road,No,9990000,3300,Research-informed synthetic estimate
KHP101877,Idukki,Nedumkandam,Rural,Apartment,903,2,2,2,0,Unfurnished,4,2.9,Highway Access,No,2580000,2700,Research-informed synthetic estimate
KHP101878,Ernakulam,Kizhakkambalam,Semi-Urban,Apartment,1631,3,3,25,0,Semi-Furnished,2,3.6,Local Road,No,6400000,4700,Research-informed synthetic estimate
KHP101879,Pathanamthitta,Adoor,Semi-Urban,Independent House,3582,5,5,8,0,Unfurnished,2,2.2,Local Road,No,12220000,3900,Research-informed synthetic estimate
KHP101880,Thiruvananthapuram,Pattom,Urban,Independent House,4118,6,5,16,2,Semi-Furnished,2,2.5,Main Road,No,34730000,7200,Research-informed synthetic estimate
KHP101881,Kollam,Kavanad,Semi-Urban,Independent House,3617,5,5,12,3,Fully Furnished,2,1.4,Main Road,Yes,21680000,5000,Research-informed synthetic estimate
KHP101882,Pathanamthitta,Mallappally,Semi-Urban,Apartment,2829,4,4,20,0,Unfurnished,5,2.0,Main Road,Yes,8730000,3000,Research-informed synthetic estimate
KHP101883,Wayanad,Panamaram,Rural,Residential Plot,4103,6,5,22,1,Semi-Furnished,0,2.2,Highway Access,No,10650000,2900,Research-informed synthetic estimate
KHP101884,Palakkad,Ottapalam,Semi-Urban,Independent House,3607,6,5,15,1,Semi-Furnished,2,4.5,Highway Access,No,13700000,3200,Research-informed synthetic estimate
KHP101885,Kozhikode,Vadakara,Rural,Independent House,3468,6,5,0,0,Semi-Furnished,1,4.4,Local Road,No,24620000,6800,Research-informed synthetic estimate
KHP101886,Kollam,Paravur,Rural,Independent House,3375,6,5,18,0,Unfurnished,0,4.4,Main Road,Yes,9390000,3600,Research-informed synthetic estimate
KHP101887,Kasaragod,Manjeshwar,Semi-Urban,Independent House,745,1,1,18,1,Semi-Furnished,1,5.7,Narrow Road,No,1790000,3400,Research-informed synthetic estimate
KHP101888,Kollam,Kottarakkara,Rural,Independent House,1979,3,2,19,1,Unfurnished,1,8.2,Local Road,No,4630000,3400,Research-informed synthetic estimate
KHP101889,Kottayam,Kumarakom,Semi-Urban,Independent House,3191,5,5,1,1,Unfurnished,1,2.0,Highway Access,No,27590000,6500,Research-informed synthetic estimate
KHP101890,Alappuzha,Muhamma,Semi-Urban,Residential Plot,1459,3,3,12,0,Fully Furnished,0,6.6,Narrow Road,No,4410000,4000,Research-informed synthetic estimate
KHP101891,Malappuram,Kottakkal,Semi-Urban,Independent House,2146,4,4,21,0,Semi-Furnished,0,5.3,Main Road,Yes,8630000,4400,Research-informed synthetic estimate
KHP101892,Kozhikode,Mavoor Road,Urban,Villa,1871,2,2,16,0,Unfurnished,1,4.1,Local Road,Yes,12490000,6400,Research-informed synthetic estimate
KHP101893,Malappuram,Kottakkal,Rural,Villa,1747,3,2,14,1,Semi-Furnished,0,7.4,Local Road,No,6220000,4400,Research-informed synthetic estimate
KHP101894,Malappuram,Nilambur,Semi-Urban,Apartment,1644,3,3,0,2,Fully Furnished,0,1.8,Local Road,No,6700000,3300,Research-informed synthetic estimate
KHP101895,Palakkad,Chittur,Rural,Apartment,3531,6,5,26,1,Semi-Furnished,3,5.7,Local Road,No,9720000,2900,Research-informed synthetic estimate
KHP101896,Kannur,Mattannur,Rural,Apartment,792,1,1,26,2,Fully Furnished,2,5.3,Narrow Road,No,1520000,3400,Research-informed synthetic estimate
KHP101897,Alappuzha,Ambalappuzha,Rural,Apartment,2197,4,4,11,0,Semi-Furnished,0,6.8,Narrow Road,No,5750000,3400,Research-informed synthetic estimate
KHP101898,Kozhikode,Chevarambalam,Semi-Urban,Independent House,4109,6,5,7,1,Unfurnished,2,0.9,Main Road,No,27800000,6300,Research-informed synthetic estimate
KHP101899,Wayanad,Vythiri,Semi-Urban,Villa,1269,2,2,5,0,Unfurnished,2,4.6,Local Road,Yes,5710000,4700,Research-informed synthetic estimate
KHP101900,Palakkad,Olavakkode,Rural,Independent House,2655,4,4,15,1,Semi-Furnished,2,1.6,Narrow Road,No,7810000,4100,Research-informed synthetic estimate
KHP101901,Wayanad,Mananthavady,Rural,Independent House,3512,5,5,8,1,Semi-Furnished,1,3.1,Narrow Road,Yes,11000000,3400,Research-informed synthetic estimate
KHP101902,Wayanad,Mananthavady,Semi-Urban,Independent House,3137,5,5,13,1,Fully Furnished,2,8.8,Narrow Road,No,9830000,3400,Research-informed synthetic estimate
KHP101903,Palakkad,Chittur,Semi-Urban,Apartment,2230,3,3,21,2,Fully Furnished,0,9.1,Local Road,No,6510000,2900,Research-informed synthetic estimate
KHP101904,Alappuzha,Chengannur,Semi-Urban,Independent House,1154,1,1,11,1,Semi-Furnished,1,9.0,Local Road,No,4030000,4300,Research-informed synthetic estimate
KHP101905,Kasaragod,Hosdurg,Semi-Urban,Residential Plot,3189,6,5,16,1,Unfurnished,2,2.9,Local Road,No,10220000,3300,Research-informed synthetic estimate
KHP101906,Kasaragod,Bekal,Semi-Urban,Independent House,3229,5,5,5,2,Semi-Furnished,2,3.9,Narrow Road,Yes,15520000,4200,Research-informed synthetic estimate
KHP101907,Malappuram,Nilambur,Rural,Independent House,1786,3,3,20,1,Semi-Furnished,2,1.1,Main Road,No,5180000,3300,Research-informed synthetic estimate
KHP101908,Palakkad,Mannarkkad,Rural,Apartment,3073,4,4,25,3,Unfurnished,2,3.7,Main Road,No,7330000,2800,Research-informed synthetic estimate
KHP101909,Thiruvananthapuram,Nedumangad,Rural,Residential Plot,2003,2,2,9,1,Semi-Furnished,1,4.9,Narrow Road,Yes,4100000,3600,Research-informed synthetic estimate
KHP101910,Kasaragod,Kasaragod Town,Urban,Independent House,3651,6,5,2,3,Semi-Furnished,2,0.4,Main Road,No,17190000,3600,Research-informed synthetic estimate
KHP101911,Malappuram,Parappanangadi,Rural,Independent House,3534,6,5,7,3,Unfurnished,1,8.0,Main Road,No,12820000,3600,Research-informed synthetic estimate
KHP101912,Kannur,Thalassery,Rural,Independent House,1969,3,3,17,3,Unfurnished,2,5.3,Local Road,No,5390000,4300,Research-informed synthetic estimate
KHP101913,Alappuzha,Kayamkulam,Semi-Urban,Residential Plot,2658,5,5,8,0,Semi-Furnished,1,4.0,Narrow Road,No,7480000,3600,Research-informed synthetic estimate
KHP101914,Thiruvananthapuram,Technopark,Semi-Urban,Independent House,821,1,1,3,1,Fully Furnished,1,7.5,Main Road,No,6050000,7000,Research-informed synthetic estimate
KHP101915,Pathanamthitta,Pandalam,Rural,Independent House,1473,2,1,29,0,Unfurnished,0,3.0,Main Road,No,3120000,3400,Research-informed synthetic estimate
KHP101916,Pathanamthitta,Thiruvalla,Semi-Urban,Apartment,1179,2,1,29,3,Unfurnished,2,9.0,Local Road,No,3760000,4700,Research-informed synthetic estimate
KHP101917,Kozhikode,Thondayad,Semi-Urban,Independent House,1803,2,2,20,1,Unfurnished,0,1.9,Local Road,No,7220000,5000,Research-informed synthetic estimate
KHP101918,Idukki,Kumily,Semi-Urban,Villa,3299,6,5,25,1,Semi-Furnished,1,0.4,Local Road,No,12490000,3400,Research-informed synthetic estimate
KHP101919,Malappuram,Kondotty,Rural,Apartment,4125,4,4,30,0,Fully Furnished,0,12.6,Local Road,No,13770000,4300,Research-informed synthetic estimate
KHP101920,Wayanad,Sulthan Bathery,Semi-Urban,Independent House,2859,4,4,22,1,Unfurnished,0,1.6,Narrow Road,Yes,8560000,3900,Research-informed synthetic estimate
KHP101921,Kottayam,Kottayam Town,Urban,Independent House,4198,5,5,26,1,Semi-Furnished,2,2.9,Main Road,No,20280000,5200,Research-informed synthetic estimate
KHP101922,Kozhikode,Kottooli,Semi-Urban,Villa,1205,2,2,24,1,Semi-Furnished,2,2.7,Narrow Road,No,5180000,6500,Research-informed synthetic estimate
KHP101923,Thrissur,Ayyanthole,Rural,Independent House,2319,4,4,9,3,Semi-Furnished,2,1.7,Local Road,Yes,10690000,5000,Research-informed synthetic estimate
KHP101924,Kannur,Mattannur,Semi-Urban,Independent House,1251,1,1,27,0,Semi-Furnished,2,2.9,Local Road,No,3260000,3400,Research-informed synthetic estimate
KHP101925,Ernakulam,Edappally,Urban,Apartment,1943,4,4,16,1,Semi-Furnished,5,5.7,Main Road,Yes,15140000,7600,Research-informed synthetic estimate
KHP101926,Pathanamthitta,Mallappally,Rural,Apartment,1183,2,2,16,0,Semi-Furnished,6,1.9,Local Road,No,2650000,3000,Research-informed synthetic estimate
KHP101927,Wayanad,Kalpetta,Semi-Urban,Independent House,2312,3,3,10,0,Semi-Furnished,2,1.1,Local Road,No,9560000,4300,Research-informed synthetic estimate
KHP101928,Palakkad,Shoranur,Semi-Urban,Villa,2965,3,3,12,1,Fully Furnished,2,5.8,Local Road,No,9600000,3100,Research-informed synthetic estimate
KHP101929,Malappuram,Kondotty,Semi-Urban,Villa,2008,2,2,24,1,Semi-Furnished,2,2.1,Main Road,Yes,8270000,4300,Research-informed synthetic estimate
KHP101930,Thrissur,Punkunnam,Semi-Urban,Independent House,2582,5,5,12,1,Unfurnished,1,7.3,Main Road,No,14610000,5500,Research-informed synthetic estimate
KHP101931,Kozhikode,Koyilandy,Semi-Urban,Independent House,2224,4,4,19,2,Semi-Furnished,0,4.0,Local Road,No,7780000,4100,Research-informed synthetic estimate
KHP101932,Kollam,Karunagappally,Semi-Urban,Independent House,785,1,1,16,1,Fully Furnished,1,5.5,Main Road,No,2630000,3800,Research-informed synthetic estimate
KHP101933,Wayanad,Sulthan Bathery,Semi-Urban,Apartment,973,2,2,14,0,Unfurnished,2,6.6,Highway Access,No,3750000,3900,Research-informed synthetic estimate
KHP101934,Palakkad,Shoranur,Semi-Urban,Apartment,1104,2,2,10,0,Fully Furnished,1,12.7,Narrow Road,Yes,2720000,3100,Research-informed synthetic estimate
KHP101935,Kozhikode,Government Medical College,Urban,Independent House,2943,3,3,8,0,Semi-Furnished,1,5.2,Highway Access,Yes,30680000,9300,Research-informed synthetic estimate
KHP101936,Thrissur,Ayyanthole,Semi-Urban,Independent House,3266,5,4,14,0,Unfurnished,2,3.3,Local Road,No,14730000,5000,Research-informed synthetic estimate
KHP101937,Ernakulam,Kizhakkambalam,Semi-Urban,Independent House,3114,5,5,14,0,Semi-Furnished,2,3.5,Main Road,No,15110000,4700,Research-informed synthetic estimate
KHP101938,Palakkad,Chittur,Semi-Urban,Independent House,1734,3,3,23,0,Semi-Furnished,1,1.7,Narrow Road,No,3590000,2900,Research-informed synthetic estimate
KHP101939,Thrissur,Mannuthy,Semi-Urban,Residential Plot,819,1,1,7,2,Semi-Furnished,0,4.3,Highway Access,No,2630000,4000,Research-informed synthetic estimate
KHP101940,Palakkad,Shoranur,Rural,Independent House,2956,5,5,23,2,Fully Furnished,2,0.6,Local Road,Yes,8810000,3100,Research-informed synthetic estimate
KHP101941,Kollam,Punalur,Semi-Urban,Apartment,3556,6,5,16,2,Semi-Furnished,7,6.1,Narrow Road,No,9310000,3000,Research-informed synthetic estimate
KHP101942,Pathanamthitta,Ranni,Rural,Independent House,1644,2,2,8,0,Unfurnished,0,5.9,Main Road,No,3570000,3000,Research-informed synthetic estimate
KHP101943,Wayanad,Vythiri,Semi-Urban,Independent House,889,1,1,20,1,Unfurnished,1,2.4,Main Road,No,3950000,4700,Research-informed synthetic estimate
KHP101944,Kasaragod,Kanhangad,Rural,Apartment,2672,5,5,19,3,Semi-Furnished,6,2.0,Main Road,No,8890000,3500,Research-informed synthetic estimate
KHP101945,Alappuzha,Ambalappuzha,Rural,Independent House,3729,6,5,12,1,Fully Furnished,0,7.3,Main Road,No,14800000,3400,Research-informed synthetic estimate
KHP101946,Kannur,Mattannur,Semi-Urban,Villa,4071,6,5,28,2,Semi-Furnished,0,8.6,Local Road,Yes,12410000,3400,Research-informed synthetic estimate
KHP101947,Thrissur,Kodungallur,Semi-Urban,Villa,3647,6,5,19,0,Unfurnished,2,2.3,Local Road,No,11390000,3600,Research-informed synthetic estimate
KHP101948,Wayanad,Panamaram,Rural,Independent House,2360,3,3,20,0,Fully Furnished,0,1.0,Local Road,Yes,5810000,2900,Research-informed synthetic estimate
KHP101949,Malappuram,Perinthalmanna,Rural,Independent House,3196,6,5,11,1,Unfurnished,0,5.8,Main Road,Yes,15050000,4500,Research-informed synthetic estimate
KHP101950,Idukki,Adimali,Semi-Urban,Independent House,2657,5,5,2,1,Fully Furnished,1,4.6,Main Road,No,10390000,3000,Research-informed synthetic estimate
KHP101951,Thrissur,Kuttanellur,Semi-Urban,Residential Plot,2411,3,3,2,1,Semi-Furnished,1,3.0,Main Road,No,11740000,5500,Research-informed synthetic estimate
KHP101952,Ernakulam,Thevakkal,Semi-Urban,Apartment,1434,3,3,13,2,Semi-Furnished,7,5.6,Main Road,Yes,8900000,5400,Research-informed synthetic estimate
KHP101953,Ernakulam,Kadavanthra,Urban,Independent House,1596,2,2,15,2,Unfurnished,1,0.8,Local Road,Yes,13560000,9000,Research-informed synthetic estimate
KHP101954,Malappuram,Nilambur,Rural,Independent House,1395,1,1,9,0,Fully Furnished,2,5.6,Narrow Road,No,3390000,3300,Research-informed synthetic estimate
KHP101955,Idukki,Thodupuzha,Rural,Independent House,1667,2,2,18,1,Unfurnished,0,4.8,Main Road,No,4830000,3900,Research-informed synthetic estimate
KHP101956,Alappuzha,Alappuzha Town,Urban,Apartment,1964,3,2,26,0,Semi-Furnished,3,8.0,Main Road,No,9650000,6000,Research-informed synthetic estimate
KHP101957,Alappuzha,Muhamma,Rural,Residential Plot,3491,6,5,5,2,Unfurnished,0,3.6,Narrow Road,Yes,11610000,4000,Research-informed synthetic estimate
KHP101958,Wayanad,Mananthavady,Rural,Independent House,3787,6,5,14,0,Semi-Furnished,2,2.3,Local Road,No,12290000,3400,Research-informed synthetic estimate
KHP101959,Kottayam,Kottayam Town,Urban,Independent House,1168,1,1,29,0,Unfurnished,0,8.3,Local Road,Yes,4050000,5200,Research-informed synthetic estimate
KHP101960,Ernakulam,North Paravur,Semi-Urban,Independent House,3174,4,4,29,1,Semi-Furnished,2,5.6,Narrow Road,No,8690000,4100,Research-informed synthetic estimate
KHP101961,Thrissur,Naikkanal,Semi-Urban,Apartment,1006,2,2,12,2,Unfurnished,3,1.5,Local Road,No,4590000,5300,Research-informed synthetic estimate
KHP101962,Kasaragod,Manjeshwar,Semi-Urban,Apartment,1243,2,2,29,0,Unfurnished,2,1.0,Narrow Road,No,2800000,3400,Research-informed synthetic estimate
KHP101963,Malappuram,Ponnani,Semi-Urban,Villa,2887,5,5,29,2,Unfurnished,2,1.0,Main Road,No,10170000,3500,Research-informed synthetic estimate
KHP101964,Thiruvananthapuram,Peroorkada,Semi-Urban,Apartment,3082,5,4,21,1,Semi-Furnished,6,17.9,Narrow Road,Yes,14780000,5900,Research-informed synthetic estimate
KHP101965,Kottayam,Manarcadu,Rural,Independent House,1696,3,3,3,0,Semi-Furnished,2,3.2,Local Road,No,5240000,3600,Research-informed synthetic estimate
KHP101966,Thrissur,Mannuthy,Semi-Urban,Independent House,3977,6,5,24,0,Unfurnished,1,1.3,Narrow Road,No,11950000,4000,Research-informed synthetic estimate
KHP101967,Idukki,Adimali,Semi-Urban,Villa,664,1,1,5,2,Semi-Furnished,0,4.3,Main Road,No,2010000,3000,Research-informed synthetic estimate
KHP101968,Wayanad,Meppadi,Rural,Independent House,2279,3,3,1,1,Unfurnished,0,1.8,Narrow Road,No,5520000,3300,Research-informed synthetic estimate
KHP101969,Thrissur,Mannuthy,Semi-Urban,Independent House,3640,6,5,30,1,Unfurnished,0,9.6,Narrow Road,Yes,10500000,4000,Research-informed synthetic estimate
KHP101970,Kozhikode,Chevayur,Semi-Urban,Independent House,1565,2,1,24,3,Semi-Furnished,2,11.4,Main Road,Yes,6420000,4700,Research-informed synthetic estimate
KHP101971,Kollam,Punalur,Semi-Urban,Apartment,3282,5,5,24,2,Unfurnished,1,2.0,Local Road,Yes,8720000,3000,Research-informed synthetic estimate
KHP101972,Kasaragod,Manjeshwar,Semi-Urban,Villa,1865,3,3,30,1,Semi-Furnished,0,1.6,Local Road,No,5290000,3400,Research-informed synthetic estimate
KHP101973,Malappuram,Manjeri,Semi-Urban,Apartment,890,2,2,21,1,Fully Furnished,2,9.3,Local Road,No,3420000,4300,Research-informed synthetic estimate
KHP101974,Alappuzha,Cherthala,Semi-Urban,Villa,3129,5,5,20,2,Unfurnished,1,1.9,Main Road,No,15560000,4700,Research-informed synthetic estimate
KHP101975,Palakkad,Chittur,Rural,Independent House,1779,2,2,14,0,Fully Furnished,1,8.2,Main Road,Yes,4170000,2900,Research-informed synthetic estimate
KHP101976,Thrissur,Ollur,Semi-Urban,Residential Plot,3232,5,5,1,2,Unfurnished,1,4.3,Highway Access,No,25570000,9000,Research-informed synthetic estimate
KHP101977,Pathanamthitta,Adoor,Semi-Urban,Apartment,3802,6,5,15,1,Unfurnished,3,4.4,Main Road,No,14930000,3900,Research-informed synthetic estimate
KHP101978,Palakkad,Ottapalam,Rural,Independent House,2536,4,4,14,0,Unfurnished,2,2.0,Narrow Road,Yes,5600000,3200,Research-informed synthetic estimate
KHP101979,Idukki,Kattappana,Semi-Urban,Residential Plot,1129,2,2,11,1,Fully Furnished,0,2.0,Main Road,No,3050000,3000,Research-informed synthetic estimate
KHP101980,Malappuram,Malappuram Town,Urban,Independent House,1113,1,1,7,1,Semi-Furnished,0,3.6,Narrow Road,No,4220000,4400,Research-informed synthetic estimate
KHP101981,Thiruvananthapuram,Kowdiar,Urban,Apartment,972,1,1,15,2,Semi-Furnished,4,6.0,Local Road,No,7530000,9000,Research-informed synthetic estimate
KHP101982,Kasaragod,Nileshwar,Semi-Urban,Independent House,1813,2,2,0,1,Semi-Furnished,0,7.9,Highway Access,No,7030000,3200,Research-informed synthetic estimate
KHP101983,Ernakulam,Palarivattom,Urban,Apartment,3408,5,5,2,2,Semi-Furnished,1,2.8,Local Road,Yes,32370000,7500,Research-informed synthetic estimate
KHP101984,Kottayam,Ettumanoor,Semi-Urban,Independent House,1903,4,4,9,2,Unfurnished,0,2.9,Main Road,No,7620000,3900,Research-informed synthetic estimate
KHP101985,Kozhikode,West Hill,Semi-Urban,Villa,1183,1,1,8,0,Semi-Furnished,1,3.8,Narrow Road,Yes,4500000,4200,Research-informed synthetic estimate
KHP101986,Kozhikode,Vadakara,Semi-Urban,Apartment,1052,2,2,6,2,Fully Furnished,4,2.2,Main Road,Yes,8750000,6800,Research-informed synthetic estimate
KHP101987,Thrissur,Mannuthy,Semi-Urban,Apartment,3587,5,4,17,2,Fully Furnished,1,1.3,Main Road,Yes,16940000,4000,Research-informed synthetic estimate
KHP101988,Ernakulam,Thevakkal,Semi-Urban,Independent House,1303,2,2,0,2,Semi-Furnished,1,2.7,Narrow Road,Yes,6850000,5400,Research-informed synthetic estimate
KHP101989,Idukki,Painavu,Rural,Independent House,899,2,2,7,0,Unfurnished,1,5.8,Main Road,Yes,1910000,2600,Research-informed synthetic estimate
KHP101990,Palakkad,Shoranur,Semi-Urban,Independent House,1192,1,1,18,1,Unfurnished,0,7.1,Highway Access,No,3080000,3100,Research-informed synthetic estimate
KHP101991,Kannur,Chala,Semi-Urban,Independent House,2892,4,4,12,1,Unfurnished,0,2.2,Local Road,Yes,10290000,3600,Research-informed synthetic estimate
KHP101992,Kottayam,Changanassery,Semi-Urban,Residential Plot,1514,2,2,8,0,Fully Furnished,0,5.5,Main Road,No,5600000,4300,Research-informed synthetic estimate
KHP101993,Ernakulam,Kaloor,Urban,Independent House,2772,4,4,26,0,Fully Furnished,1,4.5,Local Road,Yes,19510000,8200,Research-informed synthetic estimate
KHP101994,Thiruvananthapuram,Pattom,Urban,Independent House,1950,3,3,27,1,Fully Furnished,2,3.6,Main Road,Yes,14670000,7200,Research-informed synthetic estimate
KHP101995,Palakkad,Ottapalam,Semi-Urban,Independent House,2341,4,3,17,2,Semi-Furnished,2,11.0,Local Road,No,6270000,3200,Research-informed synthetic estimate
KHP101996,Kasaragod,Hosdurg,Semi-Urban,Residential Plot,657,1,1,24,1,Semi-Furnished,0,2.9,Local Road,No,1610000,3300,Research-informed synthetic estimate
KHP101997,Alappuzha,Ambalappuzha,Rural,Apartment,1497,3,2,11,0,Fully Furnished,2,1.2,Main Road,No,4520000,3400,Research-informed synthetic estimate
KHP101998,Kasaragod,Kasaragod Town,Urban,Independent House,709,1,1,30,0,Fully Furnished,2,1.4,Main Road,No,2140000,3600,Research-informed synthetic estimate
KHP101999,Pathanamthitta,Mallappally,Semi-Urban,Apartment,2517,4,4,23,3,Semi-Furnished,4,5.2,Main Road,Yes,7380000,3000,Research-informed synthetic estimate
KHP102000,Idukki,Munnar,Rural,Residential Plot,3823,6,5,12,1,Semi-Furnished,1,11.5,Local Road,No,20280000,6500,Research-informed synthetic estimate
KHP102001,Ernakulam,Thevakkal,Rural,Villa,3681,6,5,16,1,Unfurnished,0,4.8,Main Road,No,20930000,5400,Research-informed synthetic estimate
KHP102002,Malappuram,Manjeri,Rural,Apartment,1923,3,2,30,2,Fully Furnished,7,4.9,Highway Access,Yes,7310000,4300,Research-informed synthetic estimate
KHP102003,Pathanamthitta,Mallappally,Semi-Urban,Apartment,2602,3,3,23,2,Unfurnished,0,6.9,Local Road,No,6450000,3000,Research-informed synthetic estimate
KHP102004,Pathanamthitta,Mallappally,Rural,Independent House,948,1,1,28,1,Semi-Furnished,0,0.5,Main Road,Yes,2080000,3000,Research-informed synthetic estimate
KHP102005,Thiruvananthapuram,Kesavadasapuram,Rural,Villa,2063,3,3,11,1,Unfurnished,0,2.7,Local Road,No,12300000,7000,Research-informed synthetic estimate
KHP102006,Kollam,Kottarakkara,Semi-Urban,Independent House,4001,6,5,3,0,Semi-Furnished,2,4.9,Main Road,No,16860000,3400,Research-informed synthetic estimate
KHP102007,Pathanamthitta,Thiruvalla,Semi-Urban,Apartment,2308,3,3,10,0,Semi-Furnished,0,3.7,Local Road,Yes,10590000,4700,Research-informed synthetic estimate
KHP102008,Pathanamthitta,Thiruvalla,Semi-Urban,Villa,2073,2,2,30,0,Fully Furnished,0,1.8,Main Road,Yes,10660000,4700,Research-informed synthetic estimate
KHP102009,Kasaragod,Hosdurg,Semi-Urban,Residential Plot,1020,3,3,26,1,Semi-Furnished,1,6.2,Main Road,No,2360000,3300,Research-informed synthetic estimate
KHP102010,Thiruvananthapuram,Kazhakoottam,Rural,Apartment,3950,6,5,19,1,Unfurnished,7,0.3,Narrow Road,Yes,22350000,6800,Research-informed synthetic estimate
KHP102011,Kannur,Taliparamba,Semi-Urban,Apartment,1054,2,2,24,1,Unfurnished,4,1.0,Narrow Road,Yes,2930000,3500,Research-informed synthetic estimate
KHP102012,Malappuram,Ponnani,Semi-Urban,Independent House,3934,6,5,0,1,Unfurnished,1,3.4,Local Road,Yes,15500000,3500,Research-informed synthetic estimate
KHP102013,Alappuzha,Cherthala,Rural,Independent House,3652,6,5,2,1,Semi-Furnished,2,6.2,Local Road,No,19540000,4700,Research-informed synthetic estimate
KHP102014,Kollam,Paravur,Semi-Urban,Apartment,3558,5,5,12,2,Unfurnished,3,6.9,Narrow Road,Yes,12210000,3600,Research-informed synthetic estimate
KHP102015,Kasaragod,Kanhangad,Semi-Urban,Villa,4190,6,5,3,1,Unfurnished,1,5.2,Main Road,No,18020000,3500,Research-informed synthetic estimate
KHP102016,Kasaragod,Nileshwar,Rural,Apartment,2849,3,3,9,0,Semi-Furnished,0,8.2,Highway Access,No,8490000,3200,Research-informed synthetic estimate
KHP102017,Pathanamthitta,Ranni,Rural,Residential Plot,3034,4,4,18,1,Fully Furnished,0,2.9,Main Road,No,7980000,3000,Research-informed synthetic estimate
KHP102018,Alappuzha,Alappuzha Town,Urban,Apartment,3759,5,5,21,1,Semi-Furnished,2,5.2,Main Road,No,24090000,6000,Research-informed synthetic estimate
KHP102019,Wayanad,Mananthavady,Rural,Villa,4141,6,5,18,2,Semi-Furnished,2,5.1,Narrow Road,Yes,14000000,3400,Research-informed synthetic estimate
KHP102020,Kannur,Iritty,Rural,Apartment,2904,4,4,15,1,Unfurnished,5,1.1,Highway Access,No,6700000,2800,Research-informed synthetic estimate
KHP102021,Palakkad,Olavakkode,Semi-Urban,Villa,664,1,1,23,1,Unfurnished,2,5.1,Narrow Road,No,2190000,4100,Research-informed synthetic estimate
KHP102022,Wayanad,Sulthan Bathery,Semi-Urban,Residential Plot,3578,5,5,12,0,Fully Furnished,2,2.0,Main Road,No,15430000,3900,Research-informed synthetic estimate
KHP102023,Wayanad,Ambalavayal,Semi-Urban,Independent House,2300,4,4,13,1,Semi-Furnished,2,4.6,Local Road,No,6720000,3200,Research-informed synthetic estimate
KHP102024,Thiruvananthapuram,Kesavadasapuram,Semi-Urban,Villa,4134,6,5,26,1,Unfurnished,1,3.9,Main Road,No,29130000,7000,Research-informed synthetic estimate
KHP102025,Malappuram,Kottakkal,Rural,Apartment,2125,3,2,7,0,Fully Furnished,2,2.6,Narrow Road,No,7270000,4400,Research-informed synthetic estimate
KHP102026,Kollam,Chinnakada,Urban,Independent House,1752,3,3,9,1,Semi-Furnished,1,5.1,Local Road,No,8210000,5000,Research-informed synthetic estimate
KHP102027,Kollam,Kollam Town,Urban,Villa,2847,3,3,30,0,Fully Furnished,1,5.3,Local Road,No,13210000,4800,Research-informed synthetic estimate
KHP102028,Thrissur,Irinjalakuda,Semi-Urban,Villa,2941,5,5,8,1,Unfurnished,0,1.0,Narrow Road,No,10510000,3400,Research-informed synthetic estimate
KHP102029,Kannur,Chala,Semi-Urban,Villa,1555,4,4,14,1,Fully Furnished,0,5.5,Narrow Road,Yes,6500000,3600,Research-informed synthetic estimate
KHP102030,Malappuram,Malappuram Town,Urban,Independent House,2611,5,5,2,2,Unfurnished,2,1.5,Local Road,No,12370000,4400,Research-informed synthetic estimate
KHP102031,Pathanamthitta,Adoor,Semi-Urban,Villa,3460,5,4,10,1,Semi-Furnished,2,6.0,Main Road,No,14380000,3900,Research-informed synthetic estimate
KHP102032,Alappuzha,Alappuzha Town,Urban,Independent House,1993,3,3,19,2,Unfurnished,2,1.6,Narrow Road,Yes,9380000,6000,Research-informed synthetic estimate
KHP102033,Pathanamthitta,Pathanamthitta Town,Semi-Urban,Apartment,3626,4,4,18,0,Unfurnished,7,11.3,Highway Access,No,13940000,3800,Research-informed synthetic estimate
KHP102034,Thiruvananthapuram,Peroorkada,Semi-Urban,Villa,3584,6,5,5,0,Unfurnished,2,8.9,Narrow Road,No,19390000,5900,Research-informed synthetic estimate
KHP102035,Kannur,Taliparamba,Semi-Urban,Independent House,2661,4,4,26,0,Unfurnished,0,2.0,Narrow Road,No,6700000,3500,Research-informed synthetic estimate
KHP102036,Ernakulam,North Paravur,Rural,Independent House,1680,3,3,29,0,Unfurnished,0,3.1,Main Road,No,4770000,4100,Research-informed synthetic estimate
KHP102037,Kottayam,Manarcadu,Semi-Urban,Apartment,2668,4,3,15,0,Unfurnished,6,3.7,Main Road,No,8270000,3600,Research-informed synthetic estimate
KHP102038,Kollam,Punalur,Semi-Urban,Independent House,2669,4,4,26,1,Fully Furnished,0,6.7,Local Road,Yes,7890000,3000,Research-informed synthetic estimate
KHP102039,Kottayam,Kanjirappally,Rural,Independent House,2329,3,2,28,1,Unfurnished,1,2.8,Main Road,No,5210000,3000,Research-informed synthetic estimate
KHP102040,Thrissur,Ollur,Semi-Urban,Residential Plot,3537,6,5,5,2,Semi-Furnished,1,0.5,Narrow Road,No,28240000,9000,Research-informed synthetic estimate
KHP102041,Kasaragod,Kanhangad,Semi-Urban,Apartment,842,1,1,21,2,Unfurnished,6,14.9,Highway Access,Yes,2570000,3500,Research-informed synthetic estimate
KHP102042,Kasaragod,Uppala,Rural,Independent House,1154,2,2,19,2,Unfurnished,0,2.0,Narrow Road,No,1890000,3000,Research-informed synthetic estimate
KHP102043,Kasaragod,Cheruvathur,Rural,Villa,3102,6,5,22,0,Semi-Furnished,2,1.7,Main Road,No,10100000,2900,Research-informed synthetic estimate
KHP102044,Kasaragod,Uppala,Semi-Urban,Independent House,2818,4,4,29,2,Semi-Furnished,0,8.1,Local Road,Yes,6580000,3000,Research-informed synthetic estimate
KHP102045,Wayanad,Mananthavady,Semi-Urban,Residential Plot,4071,6,5,28,0,Semi-Furnished,2,4.9,Highway Access,Yes,10710000,3400,Research-informed synthetic estimate
KHP102046,Malappuram,Nilambur,Semi-Urban,Independent House,3562,6,5,30,3,Unfurnished,0,0.9,Main Road,No,10460000,3300,Research-informed synthetic estimate
KHP102047,Kannur,Sreekandapuram,Rural,Independent House,2951,4,4,14,3,Semi-Furnished,2,1.4,Narrow Road,Yes,7680000,2900,Research-informed synthetic estimate
KHP102048,Idukki,Munnar,Semi-Urban,Apartment,3894,6,5,16,1,Semi-Furnished,2,3.8,Local Road,No,28560000,6500,Research-informed synthetic estimate
KHP102049,Kottayam,Changanassery,Semi-Urban,Villa,2315,2,2,14,2,Unfurnished,2,0.7,Main Road,No,9180000,4300,Research-informed synthetic estimate
KHP102050,Kozhikode,Chevayur,Semi-Urban,Independent House,2298,3,3,14,1,Unfurnished,2,7.2,Narrow Road,Yes,8720000,4700,Research-informed synthetic estimate
KHP102051,Kottayam,Kanjirappally,Rural,Independent House,1235,2,2,14,1,Unfurnished,0,4.4,Main Road,Yes,3000000,3000,Research-informed synthetic estimate
KHP102052,Palakkad,Mannarkkad,Rural,Independent House,712,1,1,10,0,Semi-Furnished,0,5.4,Narrow Road,No,1330000,2800,Research-informed synthetic estimate
KHP102053,Kollam,Kottarakkara,Rural,Independent House,1073,2,2,9,1,Semi-Furnished,2,1.9,Main Road,Yes,3200000,3400,Research-informed synthetic estimate
KHP102054,Kasaragod,Uppala,Rural,Independent House,3807,5,5,16,3,Unfurnished,2,14.1,Local Road,Yes,9470000,3000,Research-informed synthetic estimate
KHP102055,Ernakulam,Aluva,Rural,Apartment,907,1,1,9,1,Semi-Furnished,6,2.7,Main Road,No,3670000,5000,Research-informed synthetic estimate
KHP102056,Malappuram,Tirur,Semi-Urban,Independent House,1756,2,1,29,3,Unfurnished,1,6.5,Main Road,Yes,6490000,4200,Research-informed synthetic estimate
KHP102057,Thrissur,Kunnamkulam,Rural,Apartment,1437,2,2,29,2,Fully Furnished,1,1.8,Main Road,No,3810000,3500,Research-informed synthetic estimate
KHP102058,Alappuzha,Kayamkulam,Semi-Urban,Independent House,1846,4,4,26,0,Unfurnished,0,1.9,Narrow Road,No,4870000,3600,Research-informed synthetic estimate
KHP102059,Thrissur,Koorkenchery,Semi-Urban,Apartment,3219,5,5,14,1,Semi-Furnished,6,5.8,Main Road,No,20230000,6500,Research-informed synthetic estimate
KHP102060,Thrissur,Guruvayur,Rural,Independent House,893,1,1,6,0,Semi-Furnished,1,3.0,Narrow Road,No,2610000,3700,Research-informed synthetic estimate
KHP102061,Palakkad,Pattambi,Semi-Urban,Independent House,2028,4,4,9,0,Semi-Furnished,1,1.4,Local Road,No,6290000,3000,Research-informed synthetic estimate
KHP102062,Thiruvananthapuram,Attingal,Rural,Apartment,1110,1,1,25,1,Semi-Furnished,5,2.5,Narrow Road,No,2820000,3900,Research-informed synthetic estimate
KHP102063,Alappuzha,Alappuzha Town,Urban,Apartment,2057,3,3,11,1,Semi-Furnished,2,10.0,Local Road,Yes,12520000,6000,Research-informed synthetic estimate
KHP102064,Kollam,Chathannoor,Semi-Urban,Apartment,3939,6,5,15,0,Unfurnished,2,11.2,Highway Access,No,13000000,3200,Research-informed synthetic estimate
KHP102065,Palakkad,Palakkad Town,Urban,Independent House,1426,2,2,3,1,Unfurnished,2,1.1,Local Road,No,5030000,3900,Research-informed synthetic estimate
KHP102066,Idukki,Adimali,Semi-Urban,Residential Plot,2913,5,5,14,1,Semi-Furnished,2,7.6,Local Road,No,5910000,3000,Research-informed synthetic estimate
KHP102067,Ernakulam,Pukkattupady,Semi-Urban,Apartment,881,1,1,20,0,Unfurnished,6,2.3,Narrow Road,No,2780000,4700,Research-informed synthetic estimate
KHP102068,Ernakulam,Kaloor,Urban,Independent House,2721,5,5,3,0,Unfurnished,1,2.1,Narrow Road,Yes,23670000,8200,Research-informed synthetic estimate
KHP102069,Alappuzha,Cherthala,Semi-Urban,Independent House,2065,3,3,12,1,Fully Furnished,0,8.3,Local Road,No,10210000,4700,Research-informed synthetic estimate
KHP102070,Alappuzha,Alappuzha Beach,Semi-Urban,Residential Plot,1598,4,4,29,2,Unfurnished,1,0.9,Main Road,Yes,8430000,6800,Research-informed synthetic estimate
KHP102071,Wayanad,Panamaram,Rural,Residential Plot,1946,2,2,21,2,Unfurnished,0,2.4,Local Road,No,2740000,2900,Research-informed synthetic estimate
KHP102072,Malappuram,Manjeri,Rural,Villa,1517,2,2,18,1,Semi-Furnished,1,7.2,Main Road,No,5630000,4300,Research-informed synthetic estimate
KHP102073,Alappuzha,Ambalappuzha,Semi-Urban,Apartment,1007,1,1,7,3,Semi-Furnished,6,4.4,Local Road,No,3580000,3400,Research-informed synthetic estimate
KHP102074,Thiruvananthapuram,Kazhakkoottam,Semi-Urban,Apartment,972,1,1,10,0,Unfurnished,5,7.6,Local Road,Yes,5100000,6800,Research-informed synthetic estimate
KHP102075,Kottayam,Kumarakom,Semi-Urban,Independent House,1287,3,2,8,0,Semi-Furnished,0,9.9,Main Road,No,8090000,6500,Research-informed synthetic estimate
KHP102076,Kottayam,Manarcadu,Semi-Urban,Independent House,2421,5,5,8,2,Semi-Furnished,0,4.7,Main Road,No,9860000,3600,Research-informed synthetic estimate
KHP102077,Kannur,Kannur Town,Urban,Apartment,3949,6,5,25,1,Fully Furnished,7,5.0,Narrow Road,Yes,17320000,4500,Research-informed synthetic estimate
KHP102078,Ernakulam,Perumbavoor,Semi-Urban,Residential Plot,2810,5,4,13,0,Unfurnished,1,4.5,Local Road,No,6860000,3600,Research-informed synthetic estimate
KHP102079,Kannur,Sreekandapuram,Rural,Independent House,3638,5,5,24,1,Semi-Furnished,1,3.7,Local Road,No,9110000,2900,Research-informed synthetic estimate
KHP102080,Kottayam,Kanjirappally,Rural,Residential Plot,2947,5,5,12,0,Semi-Furnished,2,6.6,Main Road,No,7020000,3000,Research-informed synthetic estimate
KHP102081,Kottayam,Kottayam Town,Urban,Residential Plot,2575,4,4,15,2,Semi-Furnished,0,14.8,Narrow Road,No,9570000,5200,Research-informed synthetic estimate
KHP102082,Pathanamthitta,Konni,Rural,Independent House,3362,6,5,15,1,Unfurnished,2,2.3,Main Road,Yes,10420000,2900,Research-informed synthetic estimate
KHP102083,Kasaragod,Hosdurg,Rural,Apartment,869,2,2,22,0,Fully Furnished,4,2.4,Narrow Road,No,1910000,3300,Research-informed synthetic estimate
KHP102084,Palakkad,Shoranur,Rural,Independent House,3446,6,5,20,0,Semi-Furnished,2,0.8,Main Road,Yes,9430000,3100,Research-informed synthetic estimate
KHP102085,Alappuzha,Cherthala,Semi-Urban,Residential Plot,3157,4,4,3,2,Semi-Furnished,1,6.0,Main Road,Yes,14080000,4700,Research-informed synthetic estimate
KHP102086,Kozhikode,Cyberpark,Semi-Urban,Independent House,2549,4,4,30,0,Semi-Furnished,1,5.9,Main Road,Yes,10160000,5000,Research-informed synthetic estimate
KHP102087,Kannur,Taliparamba,Semi-Urban,Residential Plot,2944,4,3,26,1,Semi-Furnished,1,6.7,Main Road,No,6640000,3500,Research-informed synthetic estimate
KHP102088,Ernakulam,Maradu,Rural,Independent House,3469,5,5,16,0,Semi-Furnished,1,7.8,Local Road,Yes,21890000,7300,Research-informed synthetic estimate
KHP102089,Kottayam,Kottayam Town,Urban,Independent House,1474,2,2,30,0,Fully Furnished,2,7.4,Main Road,Yes,6530000,5200,Research-informed synthetic estimate
KHP102090,Wayanad,Panamaram,Rural,Independent House,3848,6,5,29,3,Fully Furnished,2,2.4,Narrow Road,No,9560000,2900,Research-informed synthetic estimate
KHP102091,Kottayam,Changanassery,Semi-Urban,Independent House,2360,3,3,16,1,Unfurnished,1,3.6,Main Road,Yes,9600000,4300,Research-informed synthetic estimate
KHP102092,Kollam,Kavanad,Semi-Urban,Residential Plot,772,1,1,28,1,Semi-Furnished,2,4.0,Main Road,Yes,2710000,5000,Research-informed synthetic estimate
KHP102093,Malappuram,Kottakkal,Semi-Urban,Villa,3958,5,4,26,0,Fully Furnished,1,5.1,Narrow Road,Yes,15030000,4400,Research-informed synthetic estimate
KHP102094,Malappuram,Nilambur,Semi-Urban,Independent House,1558,3,2,29,0,Semi-Furnished,2,4.7,Narrow Road,No,2990000,3300,Research-informed synthetic estimate
KHP102095,Idukki,Thodupuzha,Semi-Urban,Independent House,2203,3,3,25,1,Semi-Furnished,1,4.7,Local Road,Yes,7470000,3900,Research-informed synthetic estimate
KHP102096,Kottayam,Kanjirappally,Rural,Independent House,2925,4,3,18,2,Semi-Furnished,1,8.9,Local Road,No,6640000,3000,Research-informed synthetic estimate
KHP102097,Kottayam,Kumarakom,Semi-Urban,Independent House,1829,4,4,13,1,Fully Furnished,1,9.5,Main Road,No,14600000,6500,Research-informed synthetic estimate
KHP102098,Thrissur,Thrissur Town,Urban,Residential Plot,1776,4,4,23,0,Semi-Furnished,1,0.5,Highway Access,No,7540000,5000,Research-informed synthetic estimate
KHP102099,Malappuram,Nilambur,Semi-Urban,Villa,3780,5,4,5,1,Semi-Furnished,2,7.1,Narrow Road,No,12260000,3300,Research-informed synthetic estimate
KHP102100,Thrissur,Ayyanthole,Rural,Independent House,2189,4,3,17,2,Semi-Furnished,1,4.3,Local Road,Yes,8620000,5000,Research-informed synthetic estimate
KHP102101,Thrissur,Ayyanthole,Rural,Apartment,3994,6,5,1,3,Unfurnished,1,2.8,Local Road,No,19880000,5000,Research-informed synthetic estimate
KHP102102,Ernakulam,Aluva,Semi-Urban,Residential Plot,2338,4,4,1,2,Unfurnished,2,3.3,Main Road,Yes,12070000,5000,Research-informed synthetic estimate
KHP102103,Malappuram,Tirur,Semi-Urban,Villa,2897,5,5,23,0,Unfurnished,0,1.8,Main Road,No,13010000,4200,Research-informed synthetic estimate
KHP102104,Kollam,Kollam Town,Urban,Villa,3528,6,5,25,0,Unfurnished,1,4.6,Main Road,No,16960000,4800,Research-informed synthetic estimate
KHP102105,Alappuzha,Alappuzha Town,Urban,Apartment,2111,5,4,17,1,Semi-Furnished,2,1.9,Narrow Road,No,11200000,6000,Research-informed synthetic estimate
KHP102106,Kannur,Taliparamba,Semi-Urban,Apartment,692,1,1,11,1,Semi-Furnished,4,1.5,Local Road,No,2190000,3500,Research-informed synthetic estimate
KHP102107,Alappuzha,Kayamkulam,Semi-Urban,Apartment,2286,4,4,20,0,Unfurnished,2,7.0,Main Road,No,7620000,3600,Research-informed synthetic estimate
KHP102108,Thrissur,Kodungallur,Semi-Urban,Independent House,3055,5,5,27,2,Unfurnished,1,6.6,Highway Access,No,10160000,3600,Research-informed synthetic estimate
KHP102109,Pathanamthitta,Thiruvalla,Semi-Urban,Villa,3879,5,5,30,1,Unfurnished,2,2.0,Narrow Road,No,11770000,4700,Research-informed synthetic estimate
KHP102110,Kannur,Payyannur,Semi-Urban,Independent House,736,1,1,20,1,Semi-Furnished,1,3.0,Local Road,Yes,2570000,3900,Research-informed synthetic estimate
KHP102111,Idukki,Nedumkandam,Rural,Residential Plot,1668,3,3,0,1,Semi-Furnished,1,2.6,Main Road,No,3820000,2700,Research-informed synthetic estimate
KHP102112,Kollam,Paravur,Semi-Urban,Independent House,862,1,1,23,0,Unfurnished,2,1.2,Main Road,Yes,2680000,3600,Research-informed synthetic estimate
KHP102113,Kollam,Asramam,Semi-Urban,Villa,3164,5,5,6,1,Unfurnished,2,6.2,Main Road,No,14690000,5200,Research-informed synthetic estimate
KHP102114,Kottayam,Kanjirappally,Rural,Independent House,3821,5,5,20,1,Unfurnished,1,6.5,Local Road,Yes,8770000,3000,Research-informed synthetic estimate
KHP102115,Thrissur,Chalakudy,Semi-Urban,Independent House,985,1,1,27,2,Fully Furnished,0,6.2,Highway Access,No,3970000,3900,Research-informed synthetic estimate
KHP102116,Wayanad,Mananthavady,Semi-Urban,Apartment,757,1,1,4,0,Semi-Furnished,2,1.9,Main Road,No,2350000,3400,Research-informed synthetic estimate
KHP102117,Kasaragod,Manjeshwar,Rural,Independent House,1515,3,3,5,0,Fully Furnished,1,5.9,Local Road,Yes,4980000,3400,Research-informed synthetic estimate
KHP102118,Thrissur,Punkunnam,Semi-Urban,Apartment,1161,3,3,9,0,Fully Furnished,1,9.4,Main Road,No,6780000,5500,Research-informed synthetic estimate
KHP102119,Idukki,Thodupuzha,Semi-Urban,Apartment,3737,6,5,7,0,Unfurnished,6,0.4,Local Road,No,12350000,3900,Research-informed synthetic estimate
KHP102120,Ernakulam,Palarivattom,Urban,Apartment,2587,4,4,19,1,Semi-Furnished,7,5.4,Main Road,Yes,22070000,7500,Research-informed synthetic estimate
KHP102121,Kottayam,Kanjirappally,Rural,Independent House,2487,4,4,25,0,Fully Furnished,0,0.9,Narrow Road,No,5400000,3000,Research-informed synthetic estimate
KHP102122,Pathanamthitta,Ranni,Rural,Villa,1310,2,1,9,1,Semi-Furnished,1,3.6,Main Road,No,3930000,3000,Research-informed synthetic estimate
KHP102123,Kottayam,Ettumanoor,Semi-Urban,Apartment,2350,3,3,15,1,Fully Furnished,5,11.6,Main Road,Yes,10710000,3900,Research-informed synthetic estimate
KHP102124,Palakkad,Alathur,Rural,Independent House,813,1,1,2,0,Semi-Furnished,1,4.7,Local Road,No,1960000,2900,Research-informed synthetic estimate
KHP102125,Kollam,Kollam Town,Urban,Independent House,2950,5,5,19,2,Fully Furnished,2,0.4,Local Road,Yes,17000000,4800,Research-informed synthetic estimate
KHP102126,Wayanad,Vythiri,Semi-Urban,Residential Plot,3951,6,5,29,1,Semi-Furnished,0,0.7,Local Road,Yes,14770000,4700,Research-informed synthetic estimate
KHP102127,Ernakulam,Thrippunithura,Semi-Urban,Apartment,4157,6,5,21,1,Unfurnished,7,1.7,Main Road,No,23480000,6000,Research-informed synthetic estimate
KHP102128,Alappuzha,Cherthala,Semi-Urban,Independent House,1830,4,3,10,1,Fully Furnished,1,11.6,Main Road,No,8770000,4700,Research-informed synthetic estimate
KHP102129,Palakkad,Olavakkode,Semi-Urban,Independent House,2983,4,3,10,1,Unfurnished,1,0.5,Local Road,No,11740000,4100,Research-informed synthetic estimate
KHP102130,Kannur,Taliparamba,Rural,Apartment,859,1,1,19,0,Unfurnished,7,8.2,Narrow Road,No,1730000,3500,Research-informed synthetic estimate
KHP102131,Kozhikode,Chevayur,Rural,Apartment,2894,5,4,14,1,Semi-Furnished,7,5.9,Local Road,No,11140000,4700,Research-informed synthetic estimate
KHP102132,Alappuzha,Haripad,Semi-Urban,Independent House,2492,4,4,8,0,Unfurnished,0,2.4,Narrow Road,No,6660000,3200,Research-informed synthetic estimate
KHP102133,Malappuram,Kottakkal,Semi-Urban,Independent House,2820,4,4,26,0,Unfurnished,1,6.6,Highway Access,Yes,11200000,4400,Research-informed synthetic estimate
KHP102134,Ernakulam,Kadavanthra,Urban,Apartment,1285,2,2,24,1,Unfurnished,2,2.4,Main Road,No,9550000,9000,Research-informed synthetic estimate
KHP102135,Kasaragod,Uppala,Semi-Urban,Apartment,1383,1,1,19,2,Unfurnished,1,2.3,Local Road,No,3130000,3000,Research-informed synthetic estimate
KHP102136,Palakkad,Pattambi,Semi-Urban,Independent House,3090,5,4,22,1,Fully Furnished,1,9.0,Main Road,No,8660000,3000,Research-informed synthetic estimate
KHP102137,Malappuram,Nilambur,Semi-Urban,Apartment,1622,2,2,25,1,Semi-Furnished,3,4.3,Narrow Road,No,3860000,3300,Research-informed synthetic estimate
KHP102138,Alappuzha,Alappuzha Town,Urban,Residential Plot,2748,4,4,1,1,Semi-Furnished,2,2.9,Local Road,No,16880000,6000,Research-informed synthetic estimate
KHP102139,Thiruvananthapuram,Kazhakkoottam,Semi-Urban,Independent House,1517,3,3,23,2,Unfurnished,1,14.3,Local Road,No,7500000,6800,Research-informed synthetic estimate
KHP102140,Kasaragod,Hosdurg,Semi-Urban,Apartment,2998,4,4,13,0,Semi-Furnished,5,1.2,Local Road,No,10080000,3300,Research-informed synthetic estimate
KHP102141,Alappuzha,Chengannur,Semi-Urban,Apartment,3222,4,3,11,0,Semi-Furnished,1,6.3,Narrow Road,Yes,12460000,4300,Research-informed synthetic estimate
KHP102142,Palakkad,Ottapalam,Semi-Urban,Independent House,811,1,1,24,1,Unfurnished,2,8.5,Highway Access,No,2300000,3200,Research-informed synthetic estimate
KHP102143,Thrissur,Patturaikkal,Semi-Urban,Villa,3015,5,5,29,3,Unfurnished,0,4.0,Local Road,No,13980000,5600,Research-informed synthetic estimate
KHP102144,Pathanamthitta,Konni,Rural,Independent House,2503,5,5,5,3,Unfurnished,1,1.9,Main Road,No,7970000,2900,Research-informed synthetic estimate
KHP102145,Wayanad,Kalpetta,Rural,Independent House,2261,3,2,9,0,Semi-Furnished,1,1.0,Highway Access,No,8530000,4300,Research-informed synthetic estimate
KHP102146,Kannur,Chala,Rural,Independent House,2481,3,3,24,0,Unfurnished,0,5.1,Main Road,No,6250000,3600,Research-informed synthetic estimate
KHP102147,Malappuram,Parappanangadi,Semi-Urban,Independent House,1817,3,3,1,1,Unfurnished,0,2.5,Main Road,Yes,6970000,3600,Research-informed synthetic estimate
KHP102148,Pathanamthitta,Mallappally,Rural,Independent House,2395,2,2,5,1,Unfurnished,2,8.0,Main Road,Yes,6340000,3000,Research-informed synthetic estimate
KHP102149,Kasaragod,Nileshwar,Semi-Urban,Apartment,2870,3,3,30,1,Semi-Furnished,7,11.6,Local Road,No,7130000,3200,Research-informed synthetic estimate
KHP102150,Kottayam,Manarcadu,Rural,Apartment,3250,3,3,2,0,Semi-Furnished,5,1.7,Main Road,Yes,15390000,3600,Research-informed synthetic estimate
KHP102151,Pathanamthitta,Thiruvalla,Rural,Independent House,1500,2,2,24,1,Fully Furnished,2,12.2,Narrow Road,No,4370000,4700,Research-informed synthetic estimate
KHP102152,Kottayam,Ettumanoor,Rural,Independent House,2953,5,4,2,1,Unfurnished,1,7.2,Main Road,No,10170000,3900,Research-informed synthetic estimate
KHP102153,Kottayam,Kanjirappally,Rural,Residential Plot,749,2,2,11,2,Fully Furnished,2,4.8,Main Road,No,1650000,3000,Research-informed synthetic estimate
KHP102154,Kasaragod,Manjeshwar,Semi-Urban,Independent House,1794,3,3,24,0,Unfurnished,1,10.7,Local Road,No,4370000,3400,Research-informed synthetic estimate
KHP102155,Kottayam,Kanjirappally,Rural,Independent House,992,2,2,29,2,Semi-Furnished,2,3.2,Local Road,No,2240000,3000,Research-informed synthetic estimate
KHP102156,Kasaragod,Manjeshwar,Semi-Urban,Independent House,2547,4,4,30,2,Semi-Furnished,1,5.6,Highway Access,No,8530000,3400,Research-informed synthetic estimate
KHP102157,Kollam,Karunagappally,Semi-Urban,Apartment,3105,4,4,6,2,Semi-Furnished,5,2.7,Main Road,No,13990000,3800,Research-informed synthetic estimate
KHP102158,Ernakulam,Chottanikkara,Semi-Urban,Independent House,3645,6,5,1,1,Fully Furnished,0,3.1,Local Road,Yes,16780000,4200,Research-informed synthetic estimate
KHP102159,Pathanamthitta,Thiruvalla,Semi-Urban,Villa,2500,5,4,21,2,Fully Furnished,0,3.3,Main Road,Yes,13460000,4700,Research-informed synthetic estimate
KHP102160,Alappuzha,Haripad,Semi-Urban,Independent House,1965,3,3,22,1,Semi-Furnished,2,2.6,Local Road,No,6000000,3200,Research-informed synthetic estimate
KHP102161,Ernakulam,Aluva,Semi-Urban,Apartment,3950,6,5,9,1,Unfurnished,1,6.1,Narrow Road,No,19210000,5000,Research-informed synthetic estimate
KHP102162,Kollam,Chinnakada,Urban,Apartment,2550,4,4,0,0,Fully Furnished,0,6.3,Local Road,No,14980000,5000,Research-informed synthetic estimate
KHP102163,Kasaragod,Uppala,Semi-Urban,Residential Plot,2947,4,3,11,1,Unfurnished,1,10.1,Local Road,No,6640000,3000,Research-informed synthetic estimate
KHP102164,Thrissur,Kuttanellur,Semi-Urban,Independent House,3463,4,4,27,1,Unfurnished,0,4.5,Main Road,No,16970000,5500,Research-informed synthetic estimate
KHP102165,Kottayam,Kottayam Town,Urban,Apartment,3530,6,5,26,3,Unfurnished,5,1.0,Local Road,No,16450000,5200,Research-informed synthetic estimate
KHP102166,Kozhikode,Chevayur,Rural,Villa,2174,4,4,27,1,Fully Furnished,0,7.6,Local Road,No,8550000,4700,Research-informed synthetic estimate
KHP102167,Kannur,Thalassery,Rural,Independent House,1395,2,2,29,1,Semi-Furnished,1,3.5,Main Road,Yes,4210000,4300,Research-informed synthetic estimate
KHP102168,Ernakulam,Kakkanad,Semi-Urban,Independent House,765,1,1,25,0,Semi-Furnished,2,1.9,Highway Access,Yes,4840000,6500,Research-informed synthetic estimate
KHP102169,Kannur,Iritty,Rural,Independent House,1909,3,3,1,0,Unfurnished,0,5.9,Local Road,No,4640000,2800,Research-informed synthetic estimate
KHP102170,Palakkad,Alathur,Rural,Independent House,1557,4,4,20,3,Unfurnished,2,11.6,Narrow Road,No,3030000,2900,Research-informed synthetic estimate
KHP102171,Ernakulam,Pukkattupady,Rural,Independent House,1251,3,3,16,0,Unfurnished,2,5.2,Main Road,No,4970000,4700,Research-informed synthetic estimate
KHP102172,Alappuzha,Ambalappuzha,Semi-Urban,Residential Plot,1253,2,2,9,1,Fully Furnished,1,5.6,Main Road,Yes,3910000,3400,Research-informed synthetic estimate
KHP102173,Thrissur,Naikkanal,Rural,Residential Plot,3438,5,5,6,1,Unfurnished,2,2.7,Main Road,No,18570000,5300,Research-informed synthetic estimate
KHP102174,Kasaragod,Hosdurg,Rural,Independent House,3873,6,5,24,1,Semi-Furnished,1,4.2,Narrow Road,No,10640000,3300,Research-informed synthetic estimate
KHP102175,Kottayam,Pala,Semi-Urban,Apartment,2274,3,3,20,0,Unfurnished,5,2.7,Main Road,No,8810000,4200,Research-informed synthetic estimate
KHP102176,Kollam,Punalur,Semi-Urban,Residential Plot,4094,6,5,27,0,Fully Furnished,0,2.2,Local Road,Yes,10350000,3000,Research-informed synthetic estimate
KHP102177,Pathanamthitta,Konni,Rural,Apartment,1968,3,3,23,0,Unfurnished,3,5.9,Main Road,No,4420000,2900,Research-informed synthetic estimate
KHP102178,Wayanad,Ambalavayal,Semi-Urban,Villa,2136,4,4,0,0,Semi-Furnished,2,1.7,Main Road,Yes,8760000,3200,Research-informed synthetic estimate
KHP102179,Kannur,Chala,Semi-Urban,Apartment,2434,3,3,20,0,Unfurnished,3,1.8,Main Road,Yes,8070000,3600,Research-informed synthetic estimate
KHP102180,Kozhikode,Nellikode,Semi-Urban,Villa,2986,4,4,16,1,Semi-Furnished,2,5.7,Local Road,No,13720000,4500,Research-informed synthetic estimate
KHP102181,Wayanad,Panamaram,Rural,Apartment,1513,3,3,14,1,Semi-Furnished,0,3.7,Main Road,Yes,3970000,2900,Research-informed synthetic estimate
KHP102182,Palakkad,Chittur,Rural,Independent House,3045,3,3,10,1,Unfurnished,0,3.5,Main Road,No,8540000,2900,Research-informed synthetic estimate
KHP102183,Thrissur,Punkunnam,Semi-Urban,Independent House,2749,4,4,11,1,Unfurnished,1,1.7,Narrow Road,Yes,12980000,5500,Research-informed synthetic estimate
KHP102184,Alappuzha,Ambalappuzha,Rural,Independent House,2617,3,3,24,0,Unfurnished,0,1.4,Main Road,No,6600000,3400,Research-informed synthetic estimate
KHP102185,Thiruvananthapuram,Attingal,Semi-Urban,Villa,743,1,1,14,2,Fully Furnished,1,3.6,Narrow Road,No,2810000,3900,Research-informed synthetic estimate
KHP102186,Wayanad,Panamaram,Rural,Villa,3959,5,5,19,1,Fully Furnished,2,0.8,Main Road,No,13690000,2900,Research-informed synthetic estimate
KHP102187,Thiruvananthapuram,Attingal,Semi-Urban,Independent House,2164,3,3,22,3,Fully Furnished,2,2.5,Local Road,No,7830000,3900,Research-informed synthetic estimate
KHP102188,Kasaragod,Uppala,Semi-Urban,Villa,938,1,1,5,0,Fully Furnished,1,1.6,Highway Access,Yes,3820000,3000,Research-informed synthetic estimate
KHP102189,Kozhikode,Palazhi,Rural,Apartment,2873,4,4,30,3,Unfurnished,6,4.1,Local Road,No,17980000,8600,Research-informed synthetic estimate
KHP102190,Palakkad,Shoranur,Semi-Urban,Independent House,3914,6,5,23,2,Unfurnished,1,4.6,Narrow Road,No,10000000,3100,Research-informed synthetic estimate
KHP102191,Alappuzha,Ambalappuzha,Rural,Residential Plot,2601,4,4,13,3,Unfurnished,1,0.8,Main Road,No,5310000,3400,Research-informed synthetic estimate
KHP102192,Kannur,Thottada,Semi-Urban,Independent House,3837,6,5,27,0,Semi-Furnished,2,11.7,Local Road,No,12590000,4200,Research-informed synthetic estimate
KHP102193,Kollam,Chinnakada,Urban,Villa,3395,4,4,18,2,Semi-Furnished,0,3.3,Local Road,No,19790000,5000,Research-informed synthetic estimate
KHP102194,Thiruvananthapuram,Vazhuthacaud,Urban,Villa,2719,5,5,3,2,Semi-Furnished,0,2.2,Main Road,No,30170000,7800,Research-informed synthetic estimate
KHP102195,Thrissur,Punkunnam,Semi-Urban,Independent House,1085,2,2,8,0,Semi-Furnished,0,1.7,Narrow Road,No,4990000,5500,Research-informed synthetic estimate
KHP102196,Idukki,Kumily,Semi-Urban,Villa,1760,3,3,11,0,Unfurnished,0,2.3,Highway Access,No,7000000,3400,Research-informed synthetic estimate
KHP102197,Alappuzha,Alappuzha Beach,Semi-Urban,Apartment,3072,5,5,2,3,Unfurnished,3,6.4,Main Road,No,26690000,6800,Research-informed synthetic estimate
KHP102198,Pathanamthitta,Adoor,Semi-Urban,Independent House,4045,6,5,9,0,Semi-Furnished,2,1.0,Narrow Road,No,15080000,3900,Research-informed synthetic estimate
KHP102199,Palakkad,Ottapalam,Semi-Urban,Independent House,2264,4,4,11,1,Unfurnished,1,4.3,Local Road,No,7250000,3200,Research-informed synthetic estimate
KHP102200,Kollam,Paravur,Semi-Urban,Villa,861,2,1,6,0,Fully Furnished,1,5.5,Main Road,Yes,4070000,3600,Research-informed synthetic estimate
KHP102201,Thrissur,Irinjalakuda,Semi-Urban,Villa,3793,6,5,26,0,Semi-Furnished,2,3.0,Local Road,No,11620000,3400,Research-informed synthetic estimate
KHP102202,Kottayam,Pala,Semi-Urban,Apartment,2522,4,4,2,0,Semi-Furnished,7,2.4,Narrow Road,No,11410000,4200,Research-informed synthetic estimate
KHP102203,Pathanamthitta,Konni,Rural,Independent House,985,3,3,14,2,Semi-Furnished,1,2.1,Local Road,No,2610000,2900,Research-informed synthetic estimate
KHP102204,Kozhikode,Vellayil,Rural,Villa,3038,4,3,11,2,Semi-Furnished,0,0.3,Local Road,No,22550000,7100,Research-informed synthetic estimate
KHP102205,Thiruvananthapuram,Pattom,Urban,Independent House,1616,2,2,14,1,Semi-Furnished,0,3.2,Local Road,Yes,10920000,7200,Research-informed synthetic estimate
KHP102206,Kozhikode,Ramanattukara,Rural,Villa,2281,5,5,17,1,Fully Furnished,2,8.2,Narrow Road,No,7180000,3900,Research-informed synthetic estimate
KHP102207,Palakkad,Chittur,Semi-Urban,Villa,1287,1,1,2,1,Semi-Furnished,1,1.9,Local Road,No,4000000,2900,Research-informed synthetic estimate
KHP102208,Kasaragod,Bekal,Rural,Residential Plot,2422,3,3,19,0,Semi-Furnished,1,5.0,Main Road,Yes,6810000,4200,Research-informed synthetic estimate
KHP102209,Idukki,Nedumkandam,Rural,Villa,3510,5,5,13,2,Semi-Furnished,2,5.6,Main Road,No,10510000,2700,Research-informed synthetic estimate
KHP102210,Kannur,Thottada,Rural,Independent House,3993,6,5,19,0,Unfurnished,0,8.1,Local Road,No,13360000,4200,Research-informed synthetic estimate
KHP102211,Kasaragod,Kasaragod Town,Urban,Independent House,3015,5,5,22,0,Semi-Furnished,1,8.1,Local Road,No,10500000,3600,Research-informed synthetic estimate
KHP102212,Thiruvananthapuram,Kazhakoottam,Semi-Urban,Independent House,3862,5,5,2,2,Semi-Furnished,1,3.3,Local Road,Yes,27180000,6800,Research-informed synthetic estimate
KHP102213,Kollam,Kollam Town,Urban,Apartment,743,2,2,27,0,Semi-Furnished,4,5.3,Main Road,Yes,3750000,4800,Research-informed synthetic estimate
KHP102214,Pathanamthitta,Pathanamthitta Town,Semi-Urban,Villa,3627,5,4,3,1,Fully Furnished,2,4.8,Main Road,No,17620000,3800,Research-informed synthetic estimate
KHP102215,Kasaragod,Uppala,Rural,Independent House,858,2,2,12,0,Semi-Furnished,0,5.0,Local Road,No,1800000,3000,Research-informed synthetic estimate
KHP102216,Malappuram,Kottakkal,Semi-Urban,Apartment,2643,4,4,11,1,Semi-Furnished,7,3.4,Highway Access,No,13710000,4400,Research-informed synthetic estimate
KHP102217,Kottayam,Vaikom,Semi-Urban,Independent House,1260,2,1,11,0,Fully Furnished,0,2.2,Highway Access,No,4900000,3500,Research-informed synthetic estimate
KHP102218,Kannur,Thalassery,Semi-Urban,Apartment,4049,6,5,12,1,Fully Furnished,4,5.7,Local Road,No,19390000,4300,Research-informed synthetic estimate
KHP102219,Kollam,Kollam Town,Urban,Villa,1095,1,1,8,0,Unfurnished,1,2.2,Local Road,No,4430000,4800,Research-informed synthetic estimate
KHP102220,Malappuram,Parappanangadi,Semi-Urban,Independent House,3533,6,5,9,1,Semi-Furnished,0,3.2,Main Road,Yes,16800000,3600,Research-informed synthetic estimate
KHP102221,Thiruvananthapuram,Kazhakkoottam,Semi-Urban,Villa,2469,4,4,22,0,Semi-Furnished,0,4.9,Narrow Road,Yes,17070000,6800,Research-informed synthetic estimate
KHP102222,Ernakulam,Perumbavoor,Semi-Urban,Villa,3218,5,5,3,0,Fully Furnished,2,5.1,Local Road,No,13610000,3600,Research-informed synthetic estimate
KHP102223,Alappuzha,Alappuzha Town,Urban,Independent House,2620,3,3,26,3,Semi-Furnished,0,13.0,Main Road,Yes,14600000,6000,Research-informed synthetic estimate
KHP102224,Thiruvananthapuram,Neyyattinkara,Semi-Urban,Independent House,3905,6,5,21,1,Semi-Furnished,2,1.9,Highway Access,Yes,19810000,4200,Research-informed synthetic estimate
KHP102225,Wayanad,Ambalavayal,Rural,Independent House,2943,4,4,2,2,Semi-Furnished,1,6.7,Local Road,No,8170000,3200,Research-informed synthetic estimate
KHP102226,Alappuzha,Haripad,Semi-Urban,Apartment,948,2,2,15,0,Semi-Furnished,4,2.6,Local Road,No,2890000,3200,Research-informed synthetic estimate
KHP102227,Malappuram,Nilambur,Semi-Urban,Residential Plot,1968,4,4,28,1,Semi-Furnished,0,2.8,Main Road,Yes,4830000,3300,Research-informed synthetic estimate
KHP102228,Thiruvananthapuram,Kesavadasapuram,Rural,Independent House,2906,3,3,15,2,Unfurnished,1,3.6,Narrow Road,Yes,14580000,7000,Research-informed synthetic estimate
KHP102229,Thiruvananthapuram,Vazhuthacaud,Urban,Independent House,1870,3,3,1,1,Unfurnished,2,8.9,Local Road,Yes,15370000,7800,Research-informed synthetic estimate
KHP102230,Kollam,Punalur,Semi-Urban,Apartment,1704,2,2,5,0,Semi-Furnished,3,4.2,Main Road,Yes,5790000,3000,Research-informed synthetic estimate
KHP102231,Kollam,Kavanad,Rural,Villa,1551,3,3,16,2,Semi-Furnished,0,2.2,Highway Access,Yes,8050000,5000,Research-informed synthetic estimate
KHP102232,Kannur,Thottada,Rural,Independent House,3445,4,4,4,3,Semi-Furnished,0,4.6,Highway Access,Yes,18090000,4200,Research-informed synthetic estimate
KHP102233,Pathanamthitta,Mallappally,Semi-Urban,Independent House,1274,2,1,11,1,Unfurnished,2,6.3,Local Road,No,2950000,3000,Research-informed synthetic estimate
KHP102234,Kasaragod,Hosdurg,Rural,Apartment,953,2,2,14,1,Unfurnished,0,4.1,Local Road,No,2110000,3300,Research-informed synthetic estimate
KHP102235,Kozhikode,Cyberpark,Rural,Apartment,1928,4,4,17,2,Semi-Furnished,5,8.9,Local Road,No,7650000,5000,Research-informed synthetic estimate
KHP102236,Kottayam,Ettumanoor,Rural,Apartment,2632,4,3,26,2,Unfurnished,3,2.8,Highway Access,No,9080000,3900,Research-informed synthetic estimate
KHP102237,Palakkad,Alathur,Rural,Apartment,3068,5,5,21,0,Semi-Furnished,0,1.3,Main Road,Yes,9980000,2900,Research-informed synthetic estimate
KHP102238,Kollam,Punalur,Semi-Urban,Apartment,3315,5,5,16,1,Semi-Furnished,6,6.0,Main Road,Yes,11760000,3000,Research-informed synthetic estimate
KHP102239,Palakkad,Mannarkkad,Rural,Residential Plot,1316,2,2,9,0,Semi-Furnished,2,4.6,Main Road,Yes,2710000,2800,Research-informed synthetic estimate
KHP102240,Kannur,Thottada,Semi-Urban,Independent House,753,1,1,0,0,Unfurnished,1,3.8,Main Road,Yes,2930000,4200,Research-informed synthetic estimate
KHP102241,Kollam,Kavanad,Semi-Urban,Independent House,2362,4,4,12,1,Unfurnished,2,0.9,Main Road,No,12440000,5000,Research-informed synthetic estimate
KHP102242,Wayanad,Ambalavayal,Rural,Villa,2789,5,5,26,1,Fully Furnished,0,18.0,Local Road,No,7130000,3200,Research-informed synthetic estimate
KHP102243,Idukki,Adimali,Semi-Urban,Independent House,2008,3,2,25,1,Semi-Furnished,0,2.3,Narrow Road,No,4130000,3000,Research-informed synthetic estimate
KHP102244,Ernakulam,Kalamassery,Semi-Urban,Independent House,3558,6,5,19,2,Unfurnished,1,0.7,Main Road,Yes,23860000,6000,Research-informed synthetic estimate
KHP102245,Kollam,Chathannoor,Rural,Apartment,3242,5,5,25,1,Semi-Furnished,7,1.1,Main Road,No,9900000,3200,Research-informed synthetic estimate
KHP102246,Kannur,Mattannur,Semi-Urban,Independent House,1692,3,3,13,1,Semi-Furnished,1,1.5,Local Road,Yes,5300000,3400,Research-informed synthetic estimate
KHP102247,Thrissur,Thrissur Town,Urban,Apartment,888,1,1,1,1,Fully Furnished,6,7.2,Local Road,No,4670000,5000,Research-informed synthetic estimate
KHP102248,Malappuram,Nilambur,Semi-Urban,Apartment,4165,6,5,27,2,Fully Furnished,0,3.5,Main Road,Yes,14720000,3300,Research-informed synthetic estimate
KHP102249,Thrissur,Patturaikkal,Semi-Urban,Residential Plot,3102,5,4,12,0,Unfurnished,1,1.0,Main Road,No,14870000,5600,Research-informed synthetic estimate
KHP102250,Kottayam,Kumarakom,Semi-Urban,Residential Plot,1838,1,1,14,0,Semi-Furnished,0,5.2,Narrow Road,Yes,8770000,6500,Research-informed synthetic estimate
KHP102251,Kottayam,Vaikom,Semi-Urban,Villa,1077,2,2,6,1,Unfurnished,2,6.6,Local Road,No,3290000,3500,Research-informed synthetic estimate
KHP102252,Pathanamthitta,Adoor,Semi-Urban,Independent House,3134,5,5,9,0,Unfurnished,0,3.4,Main Road,Yes,12430000,3900,Research-informed synthetic estimate
KHP102253,Ernakulam,Marine Drive,Urban,Residential Plot,1919,3,3,19,1,Unfurnished,1,2.1,Main Road,No,19080000,12500,Research-informed synthetic estimate
KHP102254,Ernakulam,Vennala,Semi-Urban,Independent House,4122,5,5,27,3,Unfurnished,0,9.3,Highway Access,No,30380000,7200,Research-informed synthetic estimate
KHP102255,Palakkad,Ottapalam,Rural,Apartment,2884,5,5,25,0,Fully Furnished,4,5.5,Main Road,No,8000000,3200,Research-informed synthetic estimate
KHP102256,Alappuzha,Kayamkulam,Rural,Independent House,1024,1,1,11,0,Semi-Furnished,1,0.9,Narrow Road,No,2610000,3600,Research-informed synthetic estimate
KHP102257,Idukki,Painavu,Rural,Residential Plot,1169,2,1,20,0,Unfurnished,0,15.8,Main Road,Yes,2030000,2600,Research-informed synthetic estimate
KHP102258,Idukki,Kumily,Rural,Independent House,4055,5,5,29,2,Semi-Furnished,0,2.4,Highway Access,No,12560000,3400,Research-informed synthetic estimate
KHP102259,Pathanamthitta,Mallappally,Semi-Urban,Independent House,3737,5,5,4,0,Semi-Furnished,1,2.6,Local Road,No,11900000,3000,Research-informed synthetic estimate
KHP102260,Pathanamthitta,Ranni,Rural,Villa,653,1,1,22,1,Unfurnished,1,1.5,Main Road,No,1840000,3000,Research-informed synthetic estimate
KHP102261,Idukki,Painavu,Rural,Villa,2018,3,3,29,0,Fully Furnished,0,8.2,Highway Access,No,4790000,2600,Research-informed synthetic estimate
KHP102262,Kozhikode,Thondayad,Semi-Urban,Independent House,841,1,1,27,1,Semi-Furnished,0,5.3,Local Road,No,3140000,5000,Research-informed synthetic estimate
KHP102263,Kannur,Chala,Semi-Urban,Independent House,3616,5,4,5,0,Unfurnished,0,5.9,Local Road,No,12340000,3600,Research-informed synthetic estimate
KHP102264,Palakkad,Ottapalam,Semi-Urban,Apartment,1262,2,2,11,2,Fully Furnished,5,3.4,Local Road,No,4460000,3200,Research-informed synthetic estimate
KHP102265,Alappuzha,Muhamma,Semi-Urban,Independent House,3890,4,4,2,0,Unfurnished,1,2.1,Local Road,No,14980000,4000,Research-informed synthetic estimate
KHP102266,Palakkad,Ottapalam,Semi-Urban,Residential Plot,3847,6,5,28,1,Semi-Furnished,0,2.5,Local Road,No,9380000,3200,Research-informed synthetic estimate
KHP102267,Thrissur,Patturaikkal,Semi-Urban,Independent House,3524,6,5,6,1,Unfurnished,0,4.0,Highway Access,No,21350000,5600,Research-informed synthetic estimate
KHP102268,Malappuram,Nilambur,Semi-Urban,Independent House,1557,1,1,4,3,Fully Furnished,0,0.9,Local Road,Yes,5820000,3300,Research-informed synthetic estimate
KHP102269,Kollam,Kollam Town,Urban,Villa,1993,3,2,7,0,Semi-Furnished,1,1.5,Local Road,Yes,10990000,4800,Research-informed synthetic estimate
KHP102270,Wayanad,Sulthan Bathery,Semi-Urban,Independent House,2775,5,4,19,0,Semi-Furnished,1,1.6,Local Road,No,10190000,3900,Research-informed synthetic estimate
KHP102271,Thrissur,Ayyanthole,Rural,Villa,2997,5,4,8,3,Unfurnished,0,1.2,Local Road,Yes,13350000,5000,Research-informed synthetic estimate
KHP102272,Pathanamthitta,Konni,Rural,Villa,3437,4,4,29,0,Semi-Furnished,0,8.1,Main Road,Yes,9660000,2900,Research-informed synthetic estimate
KHP102273,Kollam,Chathannoor,Semi-Urban,Apartment,1657,3,3,28,2,Unfurnished,1,3.3,Main Road,No,4640000,3200,Research-informed synthetic estimate
KHP102274,Kannur,Sreekandapuram,Rural,Independent House,3504,5,5,10,2,Semi-Furnished,1,6.8,Main Road,No,10610000,2900,Research-informed synthetic estimate
KHP102275,Kannur,Thalassery,Semi-Urban,Villa,3630,6,5,30,1,Unfurnished,0,3.8,Main Road,No,14860000,4300,Research-informed synthetic estimate
KHP102276,Thiruvananthapuram,Kazhakoottam,Semi-Urban,Residential Plot,3113,6,5,14,1,Unfurnished,0,3.4,Narrow Road,No,14290000,6800,Research-informed synthetic estimate
KHP102277,Kottayam,Manarcadu,Semi-Urban,Residential Plot,3963,6,5,5,1,Unfurnished,0,2.0,Local Road,No,11360000,3600,Research-informed synthetic estimate
KHP102278,Alappuzha,Haripad,Semi-Urban,Independent House,2515,4,4,0,1,Fully Furnished,0,3.5,Main Road,Yes,9590000,3200,Research-informed synthetic estimate
KHP102279,Kasaragod,Kanhangad,Semi-Urban,Independent House,1056,1,1,1,2,Semi-Furnished,1,6.7,Main Road,No,3450000,3500,Research-informed synthetic estimate
KHP102280,Palakkad,Alathur,Rural,Independent House,2683,3,3,10,2,Semi-Furnished,1,0.4,Main Road,No,7150000,2900,Research-informed synthetic estimate
KHP102281,Kannur,Mattannur,Semi-Urban,Independent House,2235,4,4,8,0,Semi-Furnished,1,10.7,Narrow Road,No,6110000,3400,Research-informed synthetic estimate
KHP102282,Kollam,Kottarakkara,Semi-Urban,Residential Plot,866,1,1,21,0,Unfurnished,1,2.1,Local Road,No,1550000,3400,Research-informed synthetic estimate
KHP102283,Kannur,Taliparamba,Semi-Urban,Apartment,2923,5,4,15,1,Semi-Furnished,2,1.0,Main Road,Yes,11790000,3500,Research-informed synthetic estimate
KHP102284,Kannur,Thottada,Rural,Residential Plot,3435,5,5,16,3,Fully Furnished,1,1.5,Narrow Road,Yes,11320000,4200,Research-informed synthetic estimate
KHP102285,Thiruvananthapuram,Vazhuthacaud,Urban,Independent House,1732,2,2,1,0,Fully Furnished,0,13.1,Local Road,No,13900000,7800,Research-informed synthetic estimate
KHP102286,Kozhikode,Feroke,Semi-Urban,Apartment,2681,5,4,15,1,Unfurnished,7,1.3,Local Road,No,9420000,3700,Research-informed synthetic estimate
KHP102287,Kannur,Sreekandapuram,Rural,Independent House,1795,4,3,10,1,Semi-Furnished,1,0.3,Local Road,Yes,4510000,2900,Research-informed synthetic estimate
KHP102288,Kollam,Chathannoor,Rural,Apartment,1068,1,1,22,1,Semi-Furnished,1,3.5,Main Road,Yes,2760000,3200,Research-informed synthetic estimate
KHP102289,Ernakulam,Kadavanthra,Urban,Villa,3133,5,5,27,2,Semi-Furnished,2,2.7,Narrow Road,No,24630000,9000,Research-informed synthetic estimate
KHP102290,Wayanad,Vythiri,Semi-Urban,Independent House,3504,5,5,5,2,Semi-Furnished,1,2.0,Local Road,No,18570000,4700,Research-informed synthetic estimate
KHP102291,Pathanamthitta,Konni,Rural,Residential Plot,1896,3,3,2,0,Semi-Furnished,0,7.5,Main Road,No,4670000,2900,Research-informed synthetic estimate
KHP102292,Kozhikode,Vellayil,Semi-Urban,Independent House,3383,6,5,18,1,Semi-Furnished,1,6.3,Main Road,Yes,28520000,7100,Research-informed synthetic estimate
KHP102293,Kasaragod,Uppala,Semi-Urban,Independent House,1217,2,2,13,2,Unfurnished,0,1.8,Main Road,No,3620000,3000,Research-informed synthetic estimate
KHP102294,Pathanamthitta,Pathanamthitta Town,Semi-Urban,Independent House,1115,1,1,28,1,Unfurnished,1,7.3,Narrow Road,No,2540000,3800,Research-informed synthetic estimate
KHP102295,Kannur,Taliparamba,Semi-Urban,Independent House,1034,2,2,10,1,Unfurnished,1,3.1,Main Road,Yes,3610000,3500,Research-informed synthetic estimate
KHP102296,Idukki,Thodupuzha,Semi-Urban,Independent House,3404,5,5,5,0,Unfurnished,1,3.1,Local Road,Yes,13550000,3900,Research-informed synthetic estimate
KHP102297,Kottayam,Kottayam Town,Urban,Independent House,2223,3,3,5,0,Unfurnished,1,3.9,Narrow Road,No,9720000,5200,Research-informed synthetic estimate
KHP102298,Kannur,Payyannur,Semi-Urban,Residential Plot,2348,4,4,26,3,Semi-Furnished,1,6.4,Local Road,No,7480000,3900,Research-informed synthetic estimate
KHP102299,Malappuram,Manjeri,Rural,Independent House,1835,2,2,3,1,Semi-Furnished,0,4.7,Narrow Road,Yes,6260000,4300,Research-informed synthetic estimate
KHP102300,Kollam,Chathannoor,Semi-Urban,Residential Plot,1795,2,2,22,0,Unfurnished,1,10.1,Local Road,No,2690000,3200,Research-informed synthetic estimate
KHP102301,Kozhikode,Puthiyangadi,Rural,Residential Plot,1019,1,1,18,0,Unfurnished,2,14.3,Narrow Road,No,3940000,7900,Research-informed synthetic estimate
KHP102302,Idukki,Munnar,Semi-Urban,Villa,2803,4,3,29,2,Semi-Furnished,0,0.8,Main Road,Yes,23270000,6500,Research-informed synthetic estimate
KHP102303,Alappuzha,Alappuzha Beach,Semi-Urban,Villa,2511,4,4,13,0,Unfurnished,0,6.5,Local Road,Yes,16850000,6800,Research-informed synthetic estimate
KHP102304,Kasaragod,Kanhangad,Rural,Independent House,3998,6,5,15,1,Fully Furnished,1,5.4,Narrow Road,Yes,12290000,3500,Research-informed synthetic estimate
KHP102305,Malappuram,Nilambur,Semi-Urban,Villa,2879,5,5,22,2,Unfurnished,1,2.8,Highway Access,No,11220000,3300,Research-informed synthetic estimate
KHP102306,Alappuzha,Ambalappuzha,Semi-Urban,Independent House,2766,5,5,27,2,Semi-Furnished,2,1.5,Local Road,No,8110000,3400,Research-informed synthetic estimate
KHP102307,Wayanad,Ambalavayal,Semi-Urban,Apartment,2157,4,4,5,0,Unfurnished,5,1.4,Main Road,No,6960000,3200,Research-informed synthetic estimate
KHP102308,Pathanamthitta,Adoor,Semi-Urban,Residential Plot,3444,5,5,8,1,Semi-Furnished,1,6.1,Highway Access,No,13560000,3900,Research-informed synthetic estimate
KHP102309,Kannur,Taliparamba,Semi-Urban,Independent House,3786,6,5,1,0,Semi-Furnished,1,4.6,Local Road,No,11960000,3500,Research-informed synthetic estimate
KHP102310,Alappuzha,Alappuzha Beach,Rural,Villa,1256,1,1,26,3,Fully Furnished,1,1.8,Local Road,Yes,6490000,6800,Research-informed synthetic estimate
KHP102311,Kottayam,Kottayam Town,Urban,Residential Plot,2420,3,3,25,0,Semi-Furnished,0,2.2,Narrow Road,Yes,9500000,5200,Research-informed synthetic estimate
KHP102312,Wayanad,Vythiri,Semi-Urban,Independent House,738,1,1,16,1,Semi-Furnished,2,3.5,Narrow Road,Yes,2910000,4700,Research-informed synthetic estimate
KHP102313,Thrissur,Guruvayur,Rural,Independent House,2607,3,3,25,3,Unfurnished,2,1.2,Highway Access,Yes,8120000,3700,Research-informed synthetic estimate
KHP102314,Kannur,Sreekandapuram,Rural,Villa,1206,2,2,8,2,Unfurnished,0,6.9,Local Road,Yes,3070000,2900,Research-informed synthetic estimate
KHP102315,Palakkad,Palakkad Town,Urban,Villa,1770,1,1,20,1,Unfurnished,2,7.1,Local Road,No,5620000,3900,Research-informed synthetic estimate
KHP102316,Ernakulam,Kadavanthra,Urban,Independent House,2731,4,4,2,0,Unfurnished,1,0.7,Local Road,No,24340000,9000,Research-informed synthetic estimate
KHP102317,Thiruvananthapuram,Kowdiar,Urban,Residential Plot,3298,5,5,30,2,Semi-Furnished,2,9.4,Local Road,Yes,20130000,9000,Research-informed synthetic estimate
KHP102318,Thiruvananthapuram,Kazhakoottam,Semi-Urban,Independent House,2863,6,5,24,3,Semi-Furnished,1,2.9,Narrow Road,No,15870000,6800,Research-informed synthetic estimate
KHP102319,Thiruvananthapuram,Sreekaryam,Semi-Urban,Independent House,3966,6,5,14,1,Semi-Furnished,1,2.8,Narrow Road,No,22040000,6200,Research-informed synthetic estimate
KHP102320,Wayanad,Kalpetta,Semi-Urban,Residential Plot,2809,4,4,17,1,Unfurnished,1,5.5,Local Road,No,8240000,4300,Research-informed synthetic estimate
KHP102321,Kannur,Sreekandapuram,Rural,Independent House,1977,3,3,2,2,Unfurnished,2,9.5,Local Road,No,4940000,2900,Research-informed synthetic estimate
KHP102322,Ernakulam,Pallikkara,Rural,Independent House,897,1,1,28,0,Unfurnished,2,4.4,Local Road,No,2260000,4600,Research-informed synthetic estimate
KHP102323,Kozhikode,Pantheerankavu,Semi-Urban,Apartment,1138,1,1,13,0,Unfurnished,4,2.8,Highway Access,Yes,9360000,8500,Research-informed synthetic estimate
KHP102324,Malappuram,Perinthalmanna,Semi-Urban,Apartment,1853,3,3,2,2,Unfurnished,5,5.8,Main Road,No,9740000,4500,Research-informed synthetic estimate
KHP102325,Idukki,Kumily,Semi-Urban,Apartment,2264,4,4,1,0,Unfurnished,5,2.6,Highway Access,No,9160000,3400,Research-informed synthetic estimate
KHP102326,Wayanad,Kalpetta,Rural,Independent House,1696,3,3,18,1,Semi-Furnished,2,6.9,Local Road,Yes,6000000,4300,Research-informed synthetic estimate
KHP102327,Thrissur,Irinjalakuda,Semi-Urban,Villa,1284,2,1,23,0,Unfurnished,0,3.7,Narrow Road,No,2790000,3400,Research-informed synthetic estimate
KHP102328,Malappuram,Manjeri,Semi-Urban,Apartment,3282,5,5,21,0,Unfurnished,4,2.1,Local Road,No,12260000,4300,Research-informed synthetic estimate
KHP102329,Thiruvananthapuram,Kowdiar,Urban,Villa,3013,5,5,0,1,Unfurnished,1,3.0,Highway Access,Yes,38580000,9000,Research-informed synthetic estimate
KHP102330,Idukki,Nedumkandam,Rural,Independent House,3635,6,5,22,0,Semi-Furnished,1,4.7,Main Road,Yes,10110000,2700,Research-informed synthetic estimate
KHP102331,Idukki,Nedumkandam,Rural,Residential Plot,2023,3,2,3,0,Fully Furnished,2,2.1,Narrow Road,No,5210000,2700,Research-informed synthetic estimate
KHP102332,Kannur,Taliparamba,Semi-Urban,Independent House,658,1,1,3,2,Unfurnished,1,4.7,Main Road,Yes,2490000,3500,Research-informed synthetic estimate
KHP102333,Kozhikode,Cyberpark,Semi-Urban,Independent House,3814,6,5,25,2,Semi-Furnished,1,1.5,Main Road,No,18470000,5000,Research-informed synthetic estimate
KHP102334,Malappuram,Kottakkal,Semi-Urban,Apartment,1294,2,2,5,0,Semi-Furnished,2,2.1,Narrow Road,No,5370000,4400,Research-informed synthetic estimate
KHP102335,Kannur,Iritty,Rural,Apartment,3958,6,5,16,0,Unfurnished,1,6.7,Local Road,No,10220000,2800,Research-informed synthetic estimate
KHP102336,Kottayam,Kottayam Town,Urban,Independent House,3867,6,5,15,1,Unfurnished,2,0.7,Local Road,No,19840000,5200,Research-informed synthetic estimate
KHP102337,Pathanamthitta,Adoor,Semi-Urban,Residential Plot,1608,2,2,21,1,Semi-Furnished,2,3.6,Local Road,No,3580000,3900,Research-informed synthetic estimate
KHP102338,Wayanad,Sulthan Bathery,Rural,Villa,1385,2,2,19,1,Unfurnished,2,3.7,Main Road,Yes,4640000,3900,Research-informed synthetic estimate
KHP102339,Kottayam,Ettumanoor,Rural,Residential Plot,1479,2,1,27,0,Semi-Furnished,1,6.4,Main Road,No,3440000,3900,Research-informed synthetic estimate
KHP102340,Idukki,Painavu,Rural,Independent House,3256,5,5,8,1,Unfurnished,1,1.3,Highway Access,Yes,9720000,2600,Research-informed synthetic estimate
KHP102341,Pathanamthitta,Pathanamthitta Town,Semi-Urban,Apartment,693,1,1,10,2,Fully Furnished,6,3.6,Narrow Road,Yes,2830000,3800,Research-informed synthetic estimate
KHP102342,Wayanad,Vythiri,Semi-Urban,Independent House,1279,1,1,12,0,Unfurnished,2,0.6,Local Road,Yes,5200000,4700,Research-informed synthetic estimate
KHP102343,Kasaragod,Nileshwar,Rural,Independent House,3608,6,5,8,0,Fully Furnished,1,7.4,Narrow Road,Yes,12270000,3200,Research-informed synthetic estimate
KHP102344,Wayanad,Sulthan Bathery,Semi-Urban,Independent House,2635,4,4,3,2,Fully Furnished,2,6.6,Main Road,No,11820000,3900,Research-informed synthetic estimate
KHP102345,Kasaragod,Kanhangad,Semi-Urban,Independent House,3230,4,4,30,0,Fully Furnished,1,3.8,Highway Access,Yes,11030000,3500,Research-informed synthetic estimate
KHP102346,Thiruvananthapuram,Kazhakkoottam,Rural,Independent House,3722,6,5,23,0,Fully Furnished,2,2.5,Main Road,No,28170000,6800,Research-informed synthetic estimate
KHP102347,Kozhikode,Cyberpark,Semi-Urban,Apartment,1654,2,2,28,2,Unfurnished,4,6.6,Local Road,No,6060000,5000,Research-informed synthetic estimate
KHP102348,Ernakulam,Aluva,Semi-Urban,Independent House,3399,5,5,29,1,Semi-Furnished,1,11.4,Local Road,Yes,15420000,5000,Research-informed synthetic estimate
KHP102349,Kasaragod,Nileshwar,Semi-Urban,Independent House,1885,4,4,13,0,Unfurnished,0,8.2,Local Road,No,5270000,3200,Research-informed synthetic estimate
KHP102350,Kozhikode,Vadakara,Semi-Urban,Independent House,2768,4,4,10,0,Unfurnished,0,2.2,Main Road,Yes,21230000,6800,Research-informed synthetic estimate
KHP102351,Alappuzha,Cherthala,Semi-Urban,Apartment,3744,6,5,2,2,Unfurnished,7,6.5,Highway Access,No,21180000,4700,Research-informed synthetic estimate
KHP102352,Kannur,Mattannur,Semi-Urban,Independent House,1680,2,2,12,0,Fully Furnished,2,2.9,Highway Access,No,6340000,3400,Research-informed synthetic estimate
KHP102353,Kollam,Chathannoor,Semi-Urban,Residential Plot,1628,3,3,3,0,Semi-Furnished,0,2.7,Main Road,No,4950000,3200,Research-informed synthetic estimate
KHP102354,Kollam,Karunagappally,Rural,Apartment,3364,6,5,28,2,Unfurnished,4,3.7,Main Road,Yes,10730000,3800,Research-informed synthetic estimate
KHP102355,Idukki,Munnar,Semi-Urban,Independent House,1863,3,3,20,2,Fully Furnished,1,2.5,Local Road,Yes,13970000,6500,Research-informed synthetic estimate
KHP102356,Idukki,Thodupuzha,Rural,Apartment,1218,2,2,23,0,Semi-Furnished,0,3.6,Local Road,No,3100000,3900,Research-informed synthetic estimate
KHP102357,Kollam,Paravur,Rural,Independent House,691,1,1,17,3,Semi-Furnished,2,4.1,Main Road,Yes,2190000,3600,Research-informed synthetic estimate
KHP102358,Ernakulam,Edappally,Urban,Villa,3568,6,5,7,1,Semi-Furnished,0,4.7,Main Road,No,37680000,7600,Research-informed synthetic estimate
KHP102359,Kozhikode,Vellayil,Semi-Urban,Villa,3337,6,5,10,3,Semi-Furnished,2,1.2,Local Road,Yes,29040000,7100,Research-informed synthetic estimate
KHP102360,Pathanamthitta,Thiruvalla,Semi-Urban,Independent House,3733,6,5,11,1,Semi-Furnished,0,2.7,Local Road,No,18670000,4700,Research-informed synthetic estimate
KHP102361,Kasaragod,Kasaragod Town,Urban,Villa,3691,6,5,20,2,Unfurnished,0,6.2,Local Road,No,12590000,3600,Research-informed synthetic estimate
KHP102362,Thiruvananthapuram,Sreekaryam,Semi-Urban,Villa,1307,3,3,23,1,Semi-Furnished,1,1.9,Narrow Road,No,7020000,6200,Research-informed synthetic estimate
KHP102363,Malappuram,Tirur,Semi-Urban,Villa,1396,2,2,28,0,Unfurnished,1,3.2,Main Road,No,4570000,4200,Research-informed synthetic estimate
KHP102364,Idukki,Munnar,Semi-Urban,Apartment,2357,4,4,20,0,Fully Furnished,7,2.7,Main Road,No,16720000,6500,Research-informed synthetic estimate
KHP102365,Kannur,Mattannur,Semi-Urban,Independent House,1782,2,2,25,3,Unfurnished,2,10.0,Narrow Road,No,4010000,3400,Research-informed synthetic estimate
KHP102366,Malappuram,Nilambur,Semi-Urban,Independent House,3439,5,4,30,1,Unfurnished,1,4.0,Narrow Road,Yes,9150000,3300,Research-informed synthetic estimate
KHP102367,Kannur,Chala,Semi-Urban,Independent House,2834,4,4,2,2,Fully Furnished,2,2.1,Local Road,No,12190000,3600,Research-informed synthetic estimate
KHP102368,Ernakulam,Kalamassery,Semi-Urban,Villa,2511,4,4,24,2,Unfurnished,2,10.0,Narrow Road,Yes,11050000,6000,Research-informed synthetic estimate
KHP102369,Kottayam,Manarcadu,Semi-Urban,Villa,1224,3,3,10,1,Unfurnished,0,6.1,Local Road,Yes,4150000,3600,Research-informed synthetic estimate
KHP102370,Kozhikode,Vellayil,Semi-Urban,Residential Plot,3730,6,5,21,0,Semi-Furnished,1,1.8,Local Road,Yes,22430000,7100,Research-informed synthetic estimate
KHP102371,Kozhikode,Karaparamba,Semi-Urban,Villa,1312,2,2,9,2,Semi-Furnished,1,2.9,Local Road,No,5120000,4000,Research-informed synthetic estimate
KHP102372,Malappuram,Kondotty,Semi-Urban,Villa,2238,4,4,6,0,Unfurnished,0,3.8,Local Road,No,10310000,4300,Research-informed synthetic estimate
KHP102373,Palakkad,Mannarkkad,Rural,Independent House,2961,4,3,25,1,Semi-Furnished,0,4.0,Main Road,Yes,7220000,2800,Research-informed synthetic estimate
KHP102374,Idukki,Kattappana,Semi-Urban,Villa,1471,1,1,8,1,Fully Furnished,1,10.3,Local Road,No,3950000,3000,Research-informed synthetic estimate
KHP102375,Malappuram,Perinthalmanna,Semi-Urban,Independent House,2780,4,4,29,0,Semi-Furnished,1,6.1,Main Road,Yes,10750000,4500,Research-informed synthetic estimate
KHP102376,Idukki,Kumily,Rural,Independent House,2319,3,2,18,1,Fully Furnished,0,4.4,Highway Access,No,7450000,3400,Research-informed synthetic estimate
KHP102377,Pathanamthitta,Mallappally,Semi-Urban,Independent House,846,1,1,25,2,Unfurnished,0,2.6,Main Road,Yes,2050000,3000,Research-informed synthetic estimate
KHP102378,Idukki,Kumily,Semi-Urban,Independent House,3128,4,4,3,2,Semi-Furnished,0,1.5,Main Road,No,11710000,3400,Research-informed synthetic estimate
KHP102379,Kottayam,Kumarakom,Semi-Urban,Residential Plot,2361,4,4,18,0,Fully Furnished,1,5.2,Local Road,No,14420000,6500,Research-informed synthetic estimate
KHP102380,Idukki,Nedumkandam,Rural,Villa,1742,3,2,8,0,Unfurnished,1,10.3,Highway Access,No,4340000,2700,Research-informed synthetic estimate
KHP102381,Thiruvananthapuram,Pattom,Urban,Villa,4162,5,4,20,3,Semi-Furnished,2,1.8,Local Road,No,35280000,7200,Research-informed synthetic estimate
KHP102382,Ernakulam,Kakkanad,Semi-Urban,Independent House,1386,2,2,16,1,Semi-Furnished,2,1.4,Main Road,No,8740000,6500,Research-informed synthetic estimate
KHP102383,Kottayam,Manarcadu,Rural,Apartment,4162,6,5,12,2,Fully Furnished,1,11.2,Narrow Road,No,12910000,3600,Research-informed synthetic estimate
KHP102384,Ernakulam,Aluva,Semi-Urban,Independent House,1232,2,2,11,0,Fully Furnished,1,0.7,Local Road,No,6060000,5000,Research-informed synthetic estimate
KHP102385,Thiruvananthapuram,Kesavadasapuram,Semi-Urban,Residential Plot,2411,3,3,7,1,Fully Furnished,2,3.8,Local Road,No,13360000,7000,Research-informed synthetic estimate
KHP102386,Alappuzha,Haripad,Semi-Urban,Independent House,3858,4,4,10,1,Fully Furnished,1,0.3,Main Road,Yes,12260000,3200,Research-informed synthetic estimate
KHP102387,Thiruvananthapuram,Kazhakoottam,Rural,Independent House,2918,4,4,19,2,Semi-Furnished,1,4.3,Highway Access,Yes,17970000,6800,Research-informed synthetic estimate
KHP102388,Kannur,Thottada,Semi-Urban,Apartment,1967,4,4,26,0,Semi-Furnished,0,5.1,Main Road,No,8190000,4200,Research-informed synthetic estimate
KHP102389,Kollam,Kavanad,Rural,Residential Plot,3652,5,5,12,1,Semi-Furnished,0,4.6,Narrow Road,No,14340000,5000,Research-informed synthetic estimate
KHP102390,Kozhikode,Chevayur,Rural,Apartment,1950,2,2,0,1,Semi-Furnished,7,4.0,Main Road,No,8530000,4700,Research-informed synthetic estimate
KHP102391,Kollam,Paravur,Semi-Urban,Apartment,3176,5,5,14,1,Fully Furnished,2,13.7,Local Road,Yes,11730000,3600,Research-informed synthetic estimate
KHP102392,Kasaragod,Bekal,Rural,Residential Plot,3644,6,5,9,1,Semi-Furnished,1,8.7,Local Road,Yes,13580000,4200,Research-informed synthetic estimate
KHP102393,Kozhikode,Puthiyangadi,Rural,Residential Plot,3847,6,5,2,0,Semi-Furnished,2,5.4,Main Road,Yes,27740000,7900,Research-informed synthetic estimate
KHP102394,Kozhikode,Cyberpark,Semi-Urban,Residential Plot,3381,4,4,14,0,Fully Furnished,2,7.7,Local Road,Yes,16730000,5000,Research-informed synthetic estimate
KHP102395,Thiruvananthapuram,Attingal,Semi-Urban,Villa,3015,5,5,23,3,Unfurnished,0,5.0,Local Road,Yes,11950000,3900,Research-informed synthetic estimate
KHP102396,Kozhikode,West Hill,Semi-Urban,Apartment,3409,6,5,19,0,Fully Furnished,6,0.8,Highway Access,Yes,17260000,4200,Research-informed synthetic estimate
KHP102397,Ernakulam,Marine Drive,Urban,Independent House,2029,4,4,24,1,Semi-Furnished,2,2.2,Local Road,No,22420000,12500,Research-informed synthetic estimate
KHP102398,Palakkad,Olavakkode,Semi-Urban,Independent House,1123,2,2,28,0,Unfurnished,0,3.4,Main Road,No,3160000,4100,Research-informed synthetic estimate
KHP102399,Kollam,Kavanad,Rural,Independent House,2141,4,4,7,1,Semi-Furnished,2,4.6,Local Road,No,8130000,5000,Research-informed synthetic estimate
KHP102400,Kottayam,Pala,Rural,Villa,2717,4,4,27,0,Fully Furnished,0,3.2,Local Road,No,9250000,4200,Research-informed synthetic estimate
KHP102401,Wayanad,Sulthan Bathery,Semi-Urban,Apartment,1789,2,2,7,0,Fully Furnished,7,3.5,Local Road,No,6930000,3900,Research-informed synthetic estimate
KHP102402,Malappuram,Kondotty,Rural,Apartment,2114,4,3,1,1,Unfurnished,0,6.0,Highway Access,No,9620000,4300,Research-informed synthetic estimate
KHP102403,Alappuzha,Alappuzha Town,Urban,Independent House,2605,5,4,13,0,Unfurnished,2,5.3,Main Road,No,15750000,6000,Research-informed synthetic estimate
KHP102404,Wayanad,Meppadi,Semi-Urban,Apartment,3053,4,3,7,1,Fully Furnished,1,13.2,Main Road,Yes,12410000,3300,Research-informed synthetic estimate
KHP102405,Palakkad,Ottapalam,Semi-Urban,Villa,2164,4,4,6,1,Semi-Furnished,0,7.6,Highway Access,No,8370000,3200,Research-informed synthetic estimate
KHP102406,Thrissur,Patturaikkal,Semi-Urban,Villa,1032,1,1,3,3,Unfurnished,0,4.1,Local Road,No,5560000,5600,Research-informed synthetic estimate
KHP102407,Idukki,Munnar,Semi-Urban,Independent House,1295,2,2,12,2,Unfurnished,1,9.5,Narrow Road,No,6510000,6500,Research-informed synthetic estimate
KHP102408,Thiruvananthapuram,Kazhakkoottam,Semi-Urban,Apartment,4005,6,5,18,1,Fully Furnished,6,4.8,Local Road,No,24690000,6800,Research-informed synthetic estimate
KHP102409,Kottayam,Changanassery,Semi-Urban,Independent House,2819,5,5,0,1,Semi-Furnished,1,0.9,Main Road,No,15100000,4300,Research-informed synthetic estimate
KHP102410,Kollam,Kollam Town,Urban,Independent House,3772,5,5,1,1,Semi-Furnished,1,1.4,Main Road,No,24440000,4800,Research-informed synthetic estimate
KHP102411,Kasaragod,Manjeshwar,Semi-Urban,Independent House,3196,5,5,21,0,Unfurnished,1,6.8,Main Road,Yes,10180000,3400,Research-informed synthetic estimate
KHP102412,Kozhikode,Mavoor Road,Urban,Apartment,1468,2,2,11,0,Semi-Furnished,2,4.7,Main Road,No,9090000,6400,Research-informed synthetic estimate
KHP102413,Idukki,Kattappana,Semi-Urban,Villa,2965,4,4,11,0,Unfurnished,1,5.6,Highway Access,No,10400000,3000,Research-informed synthetic estimate
KHP102414,Idukki,Kattappana,Semi-Urban,Apartment,4029,6,5,26,2,Unfurnished,3,3.4,Main Road,No,11910000,3000,Research-informed synthetic estimate
KHP102415,Kottayam,Kanjirappally,Rural,Independent House,1450,3,3,7,0,Unfurnished,1,1.3,Narrow Road,Yes,3500000,3000,Research-informed synthetic estimate
KHP102416,Kozhikode,Koyilandy,Semi-Urban,Apartment,3345,5,5,3,1,Semi-Furnished,2,1.0,Local Road,No,17560000,4100,Research-informed synthetic estimate
KHP102417,Pathanamthitta,Adoor,Semi-Urban,Independent House,3442,6,5,16,0,Unfurnished,2,5.9,Main Road,No,12710000,3900,Research-informed synthetic estimate
KHP102418,Idukki,Adimali,Semi-Urban,Apartment,1106,1,1,3,3,Semi-Furnished,2,0.4,Main Road,No,3740000,3000,Research-informed synthetic estimate
KHP102419,Thrissur,Ayyanthole,Semi-Urban,Villa,1130,3,3,0,0,Semi-Furnished,0,2.3,Main Road,Yes,7650000,5000,Research-informed synthetic estimate
KHP102420,Kozhikode,Mavoor Road,Urban,Villa,3763,6,5,23,0,Unfurnished,2,4.1,Local Road,No,22810000,6400,Research-informed synthetic estimate
KHP102421,Thrissur,Thrissur Town,Urban,Apartment,3302,6,5,0,1,Unfurnished,1,3.2,Main Road,No,21860000,5000,Research-informed synthetic estimate
KHP102422,Kottayam,Changanassery,Semi-Urban,Apartment,1223,1,1,11,1,Semi-Furnished,7,0.9,Highway Access,Yes,6650000,4300,Research-informed synthetic estimate
KHP102423,Wayanad,Ambalavayal,Semi-Urban,Independent House,3832,6,5,28,2,Fully Furnished,1,3.2,Local Road,Yes,11790000,3200,Research-informed synthetic estimate
KHP102424,Ernakulam,Kalamassery,Rural,Independent House,796,1,1,22,0,Unfurnished,2,8.0,Highway Access,No,3440000,6000,Research-informed synthetic estimate
KHP102425,Kottayam,Kumarakom,Semi-Urban,Independent House,2089,3,3,5,0,Semi-Furnished,0,2.8,Local Road,Yes,14980000,6500,Research-informed synthetic estimate
KHP102426,Kollam,Asramam,Semi-Urban,Villa,1540,2,2,17,0,Semi-Furnished,0,6.3,Narrow Road,No,6390000,5200,Research-informed synthetic estimate
KHP102427,Thiruvananthapuram,Peroorkada,Semi-Urban,Independent House,1416,3,3,8,1,Semi-Furnished,0,5.1,Local Road,Yes,8310000,5900,Research-informed synthetic estimate
KHP102428,Idukki,Munnar,Semi-Urban,Apartment,1982,3,3,2,0,Semi-Furnished,1,2.6,Narrow Road,No,13010000,6500,Research-informed synthetic estimate
KHP102429,Alappuzha,Ambalappuzha,Semi-Urban,Independent House,3517,6,5,4,3,Unfurnished,1,6.1,Main Road,No,11770000,3400,Research-informed synthetic estimate
KHP102430,Malappuram,Kondotty,Rural,Independent House,1257,2,2,21,3,Unfurnished,2,1.3,Local Road,No,3460000,4300,Research-informed synthetic estimate
KHP102431,Thrissur,Guruvayur,Rural,Independent House,3599,5,5,8,1,Unfurnished,1,0.5,Main Road,No,13590000,3700,Research-informed synthetic estimate
KHP102432,Kannur,Chala,Semi-Urban,Villa,895,2,2,0,0,Semi-Furnished,2,1.1,Narrow Road,No,2910000,3600,Research-informed synthetic estimate
KHP102433,Ernakulam,Chottanikkara,Semi-Urban,Apartment,1108,2,2,2,1,Unfurnished,3,5.8,Main Road,Yes,4180000,4200,Research-informed synthetic estimate
KHP102434,Thrissur,Ayyanthole,Rural,Apartment,2523,3,3,20,3,Unfurnished,1,5.8,Highway Access,No,9470000,5000,Research-informed synthetic estimate
KHP102435,Pathanamthitta,Pandalam,Semi-Urban,Villa,924,2,2,24,1,Fully Furnished,0,6.9,Main Road,Yes,3440000,3400,Research-informed synthetic estimate
KHP102436,Alappuzha,Ambalappuzha,Rural,Apartment,2972,4,4,12,1,Semi-Furnished,5,5.4,Highway Access,No,9490000,3400,Research-informed synthetic estimate
KHP102437,Thrissur,Muthuvattoor,Rural,Villa,3169,6,5,5,2,Semi-Furnished,0,6.8,Local Road,Yes,13010000,3500,Research-informed synthetic estimate
KHP102438,Pathanamthitta,Pandalam,Semi-Urban,Villa,1679,2,2,19,0,Unfurnished,1,2.2,Main Road,No,5230000,3400,Research-informed synthetic estimate
KHP102439,Kottayam,Manarcadu,Semi-Urban,Independent House,3156,5,5,5,0,Semi-Furnished,1,1.0,Highway Access,No,15270000,3600,Research-informed synthetic estimate
KHP102440,Idukki,Thodupuzha,Rural,Independent House,1695,4,4,21,1,Semi-Furnished,1,2.8,Main Road,No,5360000,3900,Research-informed synthetic estimate
KHP102441,Kozhikode,Chevarambalam,Rural,Apartment,3776,5,5,16,0,Fully Furnished,7,5.0,Local Road,Yes,26730000,6300,Research-informed synthetic estimate
KHP102442,Kottayam,Manarcadu,Rural,Independent House,2610,4,4,14,3,Semi-Furnished,1,7.8,Highway Access,Yes,9360000,3600,Research-informed synthetic estimate
KHP102443,Kollam,Karunagappally,Semi-Urban,Apartment,2572,4,4,22,2,Semi-Furnished,4,16.4,Local Road,No,9720000,3800,Research-informed synthetic estimate
KHP102444,Alappuzha,Alappuzha Town,Urban,Independent House,3927,6,5,13,0,Unfurnished,1,4.3,Local Road,No,23980000,6000,Research-informed synthetic estimate
KHP102445,Pathanamthitta,Konni,Rural,Independent House,4125,5,4,26,2,Semi-Furnished,0,2.1,Local Road,Yes,9540000,2900,Research-informed synthetic estimate
KHP102446,Idukki,Painavu,Rural,Apartment,3996,6,5,24,2,Semi-Furnished,7,2.8,Local Road,No,9510000,2600,Research-informed synthetic estimate
KHP102447,Pathanamthitta,Pathanamthitta Town,Semi-Urban,Independent House,1070,2,2,14,0,Unfurnished,2,3.6,Local Road,No,3090000,3800,Research-informed synthetic estimate
KHP102448,Kasaragod,Nileshwar,Semi-Urban,Independent House,3016,5,5,25,1,Semi-Furnished,1,3.9,Local Road,No,9350000,3200,Research-informed synthetic estimate
KHP102449,Kottayam,Manarcadu,Semi-Urban,Independent House,1881,1,1,8,3,Semi-Furnished,2,4.2,Main Road,No,6370000,3600,Research-informed synthetic estimate
KHP102450,Ernakulam,Pallikkara,Rural,Independent House,2807,4,4,1,0,Unfurnished,0,4.3,Main Road,No,11800000,4600,Research-informed synthetic estimate
KHP102451,Kannur,Sreekandapuram,Rural,Apartment,1353,2,2,13,0,Unfurnished,5,2.7,Main Road,No,2860000,2900,Research-informed synthetic estimate
KHP102452,Idukki,Painavu,Rural,Villa,3990,6,5,8,0,Semi-Furnished,0,2.7,Main Road,No,12080000,2600,Research-informed synthetic estimate
KHP102453,Thiruvananthapuram,Kowdiar,Urban,Villa,2667,5,5,7,2,Semi-Furnished,2,10.7,Highway Access,No,29800000,9000,Research-informed synthetic estimate
KHP102454,Thrissur,Kunnamkulam,Semi-Urban,Villa,658,1,1,1,0,Semi-Furnished,2,3.3,Local Road,No,2340000,3500,Research-informed synthetic estimate
KHP102455,Ernakulam,Marine Drive,Urban,Independent House,1300,3,3,11,2,Fully Furnished,2,3.8,Main Road,No,20110000,12500,Research-informed synthetic estimate
KHP102456,Ernakulam,Vennala,Semi-Urban,Apartment,3202,5,5,18,1,Unfurnished,5,2.3,Local Road,Yes,21370000,7200,Research-informed synthetic estimate
KHP102457,Ernakulam,Vyttila,Urban,Independent House,701,1,1,20,0,Unfurnished,2,5.8,Highway Access,No,5600000,8000,Research-informed synthetic estimate
KHP102458,Kasaragod,Cheruvathur,Rural,Apartment,2158,3,3,15,1,Semi-Furnished,2,5.7,Narrow Road,Yes,5110000,2900,Research-informed synthetic estimate
KHP102459,Kasaragod,Uppala,Semi-Urban,Villa,2568,4,4,17,2,Unfurnished,0,4.0,Narrow Road,Yes,7270000,3000,Research-informed synthetic estimate
KHP102460,Ernakulam,Kizhakkambalam,Semi-Urban,Villa,2707,4,4,29,1,Fully Furnished,1,0.3,Main Road,No,11680000,4700,Research-informed synthetic estimate
KHP102461,Kannur,Mattannur,Rural,Independent House,3423,5,5,1,1,Semi-Furnished,2,6.7,Narrow Road,No,12070000,3400,Research-informed synthetic estimate
KHP102462,Pathanamthitta,Mallappally,Rural,Independent House,2546,4,4,16,0,Fully Furnished,2,4.2,Local Road,Yes,7200000,3000,Research-informed synthetic estimate
KHP102463,Kasaragod,Cheruvathur,Rural,Apartment,1907,2,2,30,3,Unfurnished,3,11.0,Highway Access,No,4420000,2900,Research-informed synthetic estimate
KHP102464,Ernakulam,Kizhakkambalam,Semi-Urban,Residential Plot,1837,3,3,10,0,Semi-Furnished,2,1.9,Local Road,Yes,5790000,4700,Research-informed synthetic estimate
KHP102465,Alappuzha,Alappuzha Beach,Semi-Urban,Independent House,2394,5,5,22,1,Unfurnished,1,6.4,Local Road,No,14010000,6800,Research-informed synthetic estimate
KHP102466,Thiruvananthapuram,Technopark,Rural,Independent House,748,2,2,25,2,Semi-Furnished,1,2.1,Local Road,Yes,4030000,7000,Research-informed synthetic estimate
KHP102467,Kannur,Kannur Town,Urban,Residential Plot,2818,5,5,30,0,Unfurnished,2,7.3,Local Road,No,9840000,4500,Research-informed synthetic estimate
KHP102468,Kannur,Mattannur,Semi-Urban,Independent House,3419,4,4,30,0,Unfurnished,2,13.6,Main Road,Yes,8420000,3400,Research-informed synthetic estimate
KHP102469,Kannur,Payyannur,Semi-Urban,Independent House,805,1,1,28,0,Unfurnished,0,6.2,Narrow Road,No,1900000,3900,Research-informed synthetic estimate
KHP102470,Idukki,Munnar,Semi-Urban,Apartment,2356,3,3,28,1,Unfurnished,0,7.5,Narrow Road,Yes,13770000,6500,Research-informed synthetic estimate
KHP102471,Alappuzha,Haripad,Semi-Urban,Apartment,4120,6,5,14,1,Semi-Furnished,6,6.9,Local Road,Yes,14440000,3200,Research-informed synthetic estimate
KHP102472,Kannur,Kannur Town,Urban,Apartment,1113,2,2,26,2,Fully Furnished,6,4.9,Local Road,No,4850000,4500,Research-informed synthetic estimate
KHP102473,Idukki,Thodupuzha,Semi-Urban,Apartment,4077,6,5,4,1,Unfurnished,5,8.4,Narrow Road,Yes,15300000,3900,Research-informed synthetic estimate
KHP102474,Malappuram,Perinthalmanna,Semi-Urban,Residential Plot,3553,5,5,25,2,Unfurnished,0,7.8,Local Road,Yes,9630000,4500,Research-informed synthetic estimate
KHP102475,Ernakulam,Chottanikkara,Semi-Urban,Villa,1709,2,2,3,0,Unfurnished,1,0.8,Local Road,No,7290000,4200,Research-informed synthetic estimate
KHP102476,Wayanad,Meppadi,Semi-Urban,Independent House,2119,4,4,0,2,Fully Furnished,1,11.8,Local Road,No,7780000,3300,Research-informed synthetic estimate
KHP102477,Ernakulam,Thevakkal,Rural,Apartment,1261,2,2,22,1,Semi-Furnished,5,2.9,Main Road,No,5200000,5400,Research-informed synthetic estimate
KHP102478,Thrissur,Irinjalakuda,Rural,Apartment,3440,4,3,18,2,Semi-Furnished,0,3.8,Local Road,No,9740000,3400,Research-informed synthetic estimate
KHP102479,Kottayam,Ettumanoor,Semi-Urban,Villa,3443,5,5,13,1,Fully Furnished,1,14.2,Main Road,No,18150000,3900,Research-informed synthetic estimate
KHP102480,Kollam,Chinnakada,Urban,Apartment,2422,4,4,26,0,Semi-Furnished,6,2.5,Main Road,Yes,12420000,5000,Research-informed synthetic estimate
KHP102481,Pathanamthitta,Pandalam,Semi-Urban,Villa,1604,3,3,13,0,Unfurnished,2,3.1,Local Road,No,4960000,3400,Research-informed synthetic estimate
KHP102482,Alappuzha,Alappuzha Beach,Semi-Urban,Villa,694,1,1,11,1,Fully Furnished,1,0.4,Main Road,No,5600000,6800,Research-informed synthetic estimate
KHP102483,Thiruvananthapuram,Neyyattinkara,Rural,Independent House,1189,2,2,8,0,Unfurnished,0,4.2,Main Road,No,3630000,4200,Research-informed synthetic estimate
KHP102484,Kollam,Chathannoor,Semi-Urban,Apartment,2760,4,4,6,3,Semi-Furnished,2,5.6,Main Road,No,10170000,3200,Research-informed synthetic estimate
KHP102485,Idukki,Painavu,Rural,Villa,1811,3,3,24,0,Semi-Furnished,1,6.6,Local Road,No,3730000,2600,Research-informed synthetic estimate
KHP102486,Wayanad,Ambalavayal,Semi-Urban,Residential Plot,3850,6,5,15,1,Unfurnished,1,3.8,Local Road,Yes,10560000,3200,Research-informed synthetic estimate
KHP102487,Wayanad,Panamaram,Rural,Independent House,2447,4,4,12,0,Fully Furnished,1,7.8,Local Road,No,6150000,2900,Research-informed synthetic estimate
KHP102488,Kannur,Payyannur,Semi-Urban,Residential Plot,952,1,1,10,3,Semi-Furnished,1,2.6,Local Road,Yes,3190000,3900,Research-informed synthetic estimate
KHP102489,Wayanad,Vythiri,Semi-Urban,Apartment,3588,6,5,28,3,Unfurnished,4,0.5,Main Road,No,17890000,4700,Research-informed synthetic estimate
KHP102490,Alappuzha,Cherthala,Semi-Urban,Apartment,1940,3,3,14,3,Unfurnished,1,2.1,Main Road,No,8750000,4700,Research-informed synthetic estimate
KHP102491,Malappuram,Ponnani,Semi-Urban,Residential Plot,1157,2,2,21,2,Unfurnished,0,8.0,Local Road,No,2700000,3500,Research-informed synthetic estimate
KHP102492,Kannur,Taliparamba,Rural,Villa,2783,4,3,8,2,Fully Furnished,0,4.6,Local Road,Yes,9760000,3500,Research-informed synthetic estimate
KHP102493,Wayanad,Mananthavady,Rural,Apartment,876,1,1,29,2,Semi-Furnished,6,4.9,Main Road,No,2110000,3400,Research-informed synthetic estimate
KHP102494,Idukki,Adimali,Semi-Urban,Independent House,784,2,1,12,3,Semi-Furnished,2,3.9,Main Road,No,2460000,3000,Research-informed synthetic estimate
KHP102495,Wayanad,Ambalavayal,Semi-Urban,Residential Plot,1508,2,2,29,3,Unfurnished,0,0.4,Local Road,No,3380000,3200,Research-informed synthetic estimate
KHP102496,Pathanamthitta,Adoor,Semi-Urban,Independent House,2493,3,2,21,0,Semi-Furnished,1,3.4,Main Road,Yes,9050000,3900,Research-informed synthetic estimate
KHP102497,Palakkad,Olavakkode,Rural,Villa,1385,2,2,17,1,Fully Furnished,2,3.2,Main Road,No,5850000,4100,Research-informed synthetic estimate
KHP102498,Palakkad,Alathur,Rural,Independent House,2624,4,4,28,1,Semi-Furnished,2,1.8,Local Road,No,5900000,2900,Research-informed synthetic estimate
KHP102499,Pathanamthitta,Pandalam,Semi-Urban,Residential Plot,3492,6,5,23,1,Fully Furnished,1,4.1,Main Road,No,11510000,3400,Research-informed synthetic estimate
KHP102500,Kottayam,Ettumanoor,Semi-Urban,Villa,4107,6,5,9,3,Semi-Furnished,2,4.5,Main Road,No,20310000,3900,Research-informed synthetic estimate
KHP102501,Pathanamthitta,Thiruvalla,Semi-Urban,Villa,3233,6,5,25,1,Unfurnished,2,5.1,Narrow Road,No,11300000,4700,Research-informed synthetic estimate
KHP102502,Malappuram,Kottakkal,Semi-Urban,Independent House,3168,5,5,11,1,Semi-Furnished,2,2.1,Main Road,No,14440000,4400,Research-informed synthetic estimate
KHP102503,Thiruvananthapuram,Sreekaryam,Semi-Urban,Villa,3887,6,5,16,1,Semi-Furnished,2,2.0,Local Road,No,26110000,6200,Research-informed synthetic estimate
KHP102504,Wayanad,Sulthan Bathery,Semi-Urban,Independent House,1264,1,1,4,2,Unfurnished,0,12.4,Local Road,Yes,3990000,3900,Research-informed synthetic estimate
KHP102505,Pathanamthitta,Thiruvalla,Semi-Urban,Apartment,3303,5,5,21,0,Semi-Furnished,4,4.0,Main Road,No,16830000,4700,Research-informed synthetic estimate
KHP102506,Idukki,Thodupuzha,Semi-Urban,Independent House,2480,4,4,5,1,Semi-Furnished,1,1.8,Main Road,No,10730000,3900,Research-informed synthetic estimate
KHP102507,Idukki,Adimali,Semi-Urban,Villa,2622,4,4,29,1,Fully Furnished,2,4.6,Main Road,No,9020000,3000,Research-informed synthetic estimate
KHP102508,Kozhikode,Thondayad,Semi-Urban,Independent House,3661,6,5,13,0,Semi-Furnished,2,4.8,Local Road,Yes,20430000,5000,Research-informed synthetic estimate
KHP102509,Kottayam,Kanjirappally,Rural,Independent House,1759,4,4,10,2,Fully Furnished,0,1.3,Local Road,No,4780000,3000,Research-informed synthetic estimate
KHP102510,Kozhikode,Kottooli,Semi-Urban,Independent House,1518,1,1,12,2,Semi-Furnished,2,7.7,Highway Access,Yes,9650000,6500,Research-informed synthetic estimate
KHP102511,Pathanamthitta,Konni,Rural,Apartment,2451,4,4,4,3,Unfurnished,0,16.4,Local Road,No,5660000,2900,Research-informed synthetic estimate
KHP102512,Kollam,Paravur,Semi-Urban,Villa,2677,4,4,24,0,Unfurnished,0,5.1,Local Road,Yes,7980000,3600,Research-informed synthetic estimate
KHP102513,Thiruvananthapuram,Kowdiar,Urban,Apartment,3771,6,5,22,1,Semi-Furnished,0,3.1,Narrow Road,No,34030000,9000,Research-informed synthetic estimate
KHP102514,Kannur,Sreekandapuram,Rural,Independent House,1285,1,1,22,1,Unfurnished,2,2.3,Main Road,Yes,2970000,2900,Research-informed synthetic estimate
KHP102515,Pathanamthitta,Mallappally,Semi-Urban,Villa,1946,3,3,21,1,Semi-Furnished,2,17.2,Main Road,Yes,5620000,3000,Research-informed synthetic estimate
KHP102516,Palakkad,Mannarkkad,Rural,Villa,2082,4,3,13,0,Semi-Furnished,1,2.1,Highway Access,No,6070000,2800,Research-informed synthetic estimate
KHP102517,Pathanamthitta,Adoor,Rural,Apartment,4036,5,5,17,2,Semi-Furnished,7,0.7,Local Road,No,14640000,3900,Research-informed synthetic estimate
KHP102518,Ernakulam,Vyttila,Urban,Independent House,3242,6,5,16,1,Unfurnished,1,3.3,Main Road,No,28010000,8000,Research-informed synthetic estimate
KHP102519,Ernakulam,Vennala,Semi-Urban,Apartment,3033,5,5,22,1,Semi-Furnished,6,15.6,Local Road,Yes,19440000,7200,Research-informed synthetic estimate
KHP102520,Thiruvananthapuram,Kazhakoottam,Semi-Urban,Apartment,1102,2,2,22,0,Unfurnished,4,3.9,Main Road,No,6310000,6800,Research-informed synthetic estimate
KHP102521,Malappuram,Manjeri,Semi-Urban,Independent House,3321,4,4,30,0,Unfurnished,1,9.6,Main Road,Yes,11220000,4300,Research-informed synthetic estimate
KHP102522,Kottayam,Vaikom,Semi-Urban,Residential Plot,3527,5,5,6,0,Semi-Furnished,0,4.5,Main Road,No,12550000,3500,Research-informed synthetic estimate
KHP102523,Kollam,Punalur,Semi-Urban,Residential Plot,3146,5,5,7,1,Unfurnished,1,0.7,Highway Access,No,11980000,3000,Research-informed synthetic estimate
KHP102524,Thiruvananthapuram,Attingal,Semi-Urban,Apartment,2760,4,4,11,0,Fully Furnished,0,12.9,Local Road,Yes,9320000,3900,Research-informed synthetic estimate
KHP102525,Palakkad,Olavakkode,Semi-Urban,Apartment,2593,4,4,13,2,Unfurnished,3,5.9,Narrow Road,Yes,9150000,4100,Research-informed synthetic estimate
KHP102526,Kottayam,Changanassery,Semi-Urban,Independent House,1847,3,3,10,0,Semi-Furnished,2,0.5,Narrow Road,No,6640000,4300,Research-informed synthetic estimate
KHP102527,Alappuzha,Kayamkulam,Rural,Apartment,3984,6,5,30,1,Fully Furnished,2,12.9,Main Road,No,13980000,3600,Research-informed synthetic estimate
KHP102528,Wayanad,Panamaram,Rural,Villa,3120,4,4,18,0,Unfurnished,0,11.2,Main Road,Yes,9120000,2900,Research-informed synthetic estimate
KHP102529,Palakkad,Palakkad Town,Urban,Apartment,1723,3,3,22,0,Semi-Furnished,1,6.8,Main Road,No,6070000,3900,Research-informed synthetic estimate
KHP102530,Palakkad,Shoranur,Semi-Urban,Apartment,4089,6,5,13,0,Semi-Furnished,6,1.3,Narrow Road,Yes,12580000,3100,Research-informed synthetic estimate
KHP102531,Ernakulam,Edappally,Urban,Apartment,1937,3,3,26,2,Semi-Furnished,3,4.6,Local Road,No,12910000,7600,Research-informed synthetic estimate
KHP102532,Idukki,Munnar,Rural,Independent House,2952,5,5,1,2,Semi-Furnished,0,1.4,Main Road,No,21880000,6500,Research-informed synthetic estimate
KHP102533,Kasaragod,Hosdurg,Semi-Urban,Apartment,899,1,1,20,3,Unfurnished,4,0.5,Local Road,Yes,2410000,3300,Research-informed synthetic estimate
KHP102534,Idukki,Kattappana,Semi-Urban,Apartment,2107,3,3,19,3,Semi-Furnished,3,5.3,Highway Access,No,7100000,3000,Research-informed synthetic estimate
KHP102535,Kasaragod,Nileshwar,Semi-Urban,Independent House,2472,4,4,7,0,Semi-Furnished,2,9.3,Main Road,Yes,8250000,3200,Research-informed synthetic estimate
KHP102536,Ernakulam,North Paravur,Rural,Independent House,4098,6,5,23,2,Unfurnished,1,3.2,Narrow Road,Yes,14720000,4100,Research-informed synthetic estimate
KHP102537,Pathanamthitta,Mallappally,Semi-Urban,Villa,1233,1,1,7,2,Semi-Furnished,0,2.2,Main Road,No,3760000,3000,Research-informed synthetic estimate
KHP102538,Ernakulam,Kadavanthra,Urban,Apartment,3595,4,4,19,0,Semi-Furnished,4,3.6,Main Road,No,35290000,9000,Research-informed synthetic estimate
KHP102539,Kannur,Chala,Rural,Independent House,914,1,1,10,0,Unfurnished,0,4.5,Highway Access,No,2730000,3600,Research-informed synthetic estimate
KHP102540,Kozhikode,Mavoor Road,Urban,Residential Plot,3579,5,5,15,2,Semi-Furnished,1,10.9,Highway Access,Yes,22660000,6400,Research-informed synthetic estimate
KHP102541,Thiruvananthapuram,Kesavadasapuram,Semi-Urban,Independent House,675,1,1,9,1,Semi-Furnished,1,1.4,Narrow Road,No,3370000,7000,Research-informed synthetic estimate
KHP102542,Kasaragod,Uppala,Semi-Urban,Independent House,3278,5,4,16,3,Unfurnished,1,1.5,Local Road,Yes,9000000,3000,Research-informed synthetic estimate
KHP102543,Kottayam,Kumarakom,Rural,Independent House,2649,4,4,3,1,Semi-Furnished,0,2.9,Main Road,No,16970000,6500,Research-informed synthetic estimate
KHP102544,Kasaragod,Manjeshwar,Rural,Independent House,1153,2,2,15,0,Unfurnished,1,1.3,Highway Access,No,3620000,3400,Research-informed synthetic estimate
KHP102545,Wayanad,Mananthavady,Semi-Urban,Villa,2218,3,2,19,2,Semi-Furnished,1,4.5,Main Road,No,8160000,3400,Research-informed synthetic estimate
KHP102546,Idukki,Kattappana,Semi-Urban,Villa,1112,2,2,10,2,Semi-Furnished,2,1.3,Main Road,Yes,3650000,3000,Research-informed synthetic estimate
KHP102547,Kollam,Kavanad,Semi-Urban,Independent House,1692,2,2,25,0,Semi-Furnished,0,3.6,Main Road,No,6170000,5000,Research-informed synthetic estimate
KHP102548,Thiruvananthapuram,Kesavadasapuram,Semi-Urban,Apartment,3658,5,4,20,1,Semi-Furnished,4,10.8,Main Road,No,26530000,7000,Research-informed synthetic estimate
KHP102549,Pathanamthitta,Konni,Rural,Independent House,709,1,1,15,0,Semi-Furnished,2,6.5,Local Road,No,1590000,2900,Research-informed synthetic estimate
KHP102550,Kottayam,Pala,Semi-Urban,Villa,3311,6,5,21,2,Fully Furnished,0,1.4,Main Road,Yes,19160000,4200,Research-informed synthetic estimate
KHP102551,Wayanad,Mananthavady,Semi-Urban,Independent House,700,1,1,12,0,Fully Furnished,0,2.3,Local Road,Yes,2250000,3400,Research-informed synthetic estimate
KHP102552,Kannur,Iritty,Rural,Apartment,2149,2,2,28,1,Unfurnished,2,0.7,Local Road,No,4490000,2800,Research-informed synthetic estimate
KHP102553,Palakkad,Shoranur,Semi-Urban,Apartment,2109,2,2,0,2,Semi-Furnished,5,5.8,Local Road,No,7300000,3100,Research-informed synthetic estimate
KHP102554,Pathanamthitta,Pandalam,Semi-Urban,Residential Plot,3794,6,5,18,1,Semi-Furnished,0,2.8,Narrow Road,No,11910000,3400,Research-informed synthetic estimate
KHP102555,Palakkad,Chittur,Semi-Urban,Apartment,1532,2,1,14,3,Semi-Furnished,6,8.9,Narrow Road,No,3910000,2900,Research-informed synthetic estimate
KHP102556,Thiruvananthapuram,Pattom,Urban,Independent House,2382,4,4,6,0,Unfurnished,1,4.7,Narrow Road,No,15280000,7200,Research-informed synthetic estimate
KHP102557,Ernakulam,Aluva,Semi-Urban,Villa,1289,2,2,15,1,Fully Furnished,2,2.4,Main Road,Yes,7150000,5000,Research-informed synthetic estimate
KHP102558,Kannur,Payyannur,Rural,Villa,1220,3,3,7,1,Semi-Furnished,2,7.2,Narrow Road,No,3690000,3900,Research-informed synthetic estimate
KHP102559,Wayanad,Meppadi,Semi-Urban,Apartment,2686,4,4,19,0,Semi-Furnished,3,6.5,Main Road,Yes,8930000,3300,Research-informed synthetic estimate
KHP102560,Thiruvananthapuram,Peroorkada,Semi-Urban,Villa,4020,6,5,12,1,Unfurnished,0,6.1,Main Road,No,26980000,5900,Research-informed synthetic estimate
KHP102561,Palakkad,Pattambi,Semi-Urban,Villa,687,1,1,11,1,Unfurnished,2,7.0,Local Road,Yes,1630000,3000,Research-informed synthetic estimate
KHP102562,Ernakulam,Palarivattom,Urban,Independent House,2384,4,3,16,1,Fully Furnished,0,4.9,Local Road,No,18760000,7500,Research-informed synthetic estimate
KHP102563,Thrissur,Guruvayur,Rural,Apartment,1518,2,1,14,2,Fully Furnished,3,4.3,Main Road,No,5510000,3700,Research-informed synthetic estimate
KHP102564,Idukki,Kattappana,Rural,Independent House,3330,5,5,4,2,Fully Furnished,0,6.6,Main Road,No,12150000,3000,Research-informed synthetic estimate
KHP102565,Pathanamthitta,Mallappally,Semi-Urban,Residential Plot,1320,3,2,4,0,Unfurnished,1,1.0,Local Road,No,3430000,3000,Research-informed synthetic estimate
KHP102566,Wayanad,Ambalavayal,Semi-Urban,Independent House,1285,2,2,19,2,Semi-Furnished,0,3.0,Local Road,Yes,3620000,3200,Research-informed synthetic estimate
KHP102567,Kozhikode,Malaparamba,Semi-Urban,Independent House,1357,2,2,15,2,Semi-Furnished,0,0.6,Main Road,No,10770000,7500,Research-informed synthetic estimate
KHP102568,Thiruvananthapuram,Attingal,Semi-Urban,Apartment,2948,5,5,4,2,Unfurnished,5,3.7,Main Road,No,12610000,3900,Research-informed synthetic estimate
KHP102569,Pathanamthitta,Pandalam,Semi-Urban,Villa,2601,3,3,4,3,Unfurnished,0,4.1,Main Road,No,10490000,3400,Research-informed synthetic estimate
KHP102570,Wayanad,Kalpetta,Semi-Urban,Villa,1538,2,2,21,1,Semi-Furnished,0,3.9,Narrow Road,Yes,5930000,4300,Research-informed synthetic estimate
KHP102571,Alappuzha,Alappuzha Beach,Semi-Urban,Independent House,2829,3,3,7,3,Semi-Furnished,0,1.4,Local Road,No,17480000,6800,Research-informed synthetic estimate
KHP102572,Alappuzha,Alappuzha Beach,Rural,Independent House,3261,6,5,14,2,Unfurnished,1,1.3,Highway Access,Yes,24270000,6800,Research-informed synthetic estimate
KHP102573,Idukki,Nedumkandam,Rural,Independent House,3729,6,5,4,1,Semi-Furnished,0,0.3,Main Road,No,12740000,2700,Research-informed synthetic estimate
KHP102574,Pathanamthitta,Thiruvalla,Semi-Urban,Apartment,1129,2,2,29,1,Fully Furnished,1,4.2,Main Road,No,5300000,4700,Research-informed synthetic estimate
KHP102575,Kannur,Taliparamba,Semi-Urban,Villa,3576,6,5,21,1,Unfurnished,0,1.8,Main Road,No,13840000,3500,Research-informed synthetic estimate
KHP102576,Kollam,Chathannoor,Semi-Urban,Independent House,1084,4,4,23,1,Semi-Furnished,2,3.3,Local Road,No,2710000,3200,Research-informed synthetic estimate
KHP102577,Pathanamthitta,Mallappally,Semi-Urban,Residential Plot,1189,2,2,12,3,Semi-Furnished,0,2.1,Local Road,Yes,3050000,3000,Research-informed synthetic estimate
KHP102578,Kannur,Taliparamba,Semi-Urban,Independent House,2050,3,3,14,2,Fully Furnished,2,2.5,Local Road,No,7050000,3500,Research-informed synthetic estimate
KHP102579,Ernakulam,Vyttila,Urban,Apartment,3802,6,5,6,1,Unfurnished,4,1.7,Highway Access,No,41800000,8000,Research-informed synthetic estimate
KHP102580,Palakkad,Ottapalam,Semi-Urban,Independent House,3692,6,5,22,1,Semi-Furnished,1,3.9,Local Road,No,10210000,3200,Research-informed synthetic estimate
KHP102581,Kollam,Kottarakkara,Semi-Urban,Apartment,674,1,1,4,1,Semi-Furnished,2,2.4,Local Road,No,1870000,3400,Research-informed synthetic estimate
KHP102582,Alappuzha,Alappuzha Town,Urban,Apartment,1612,2,2,12,1,Semi-Furnished,4,1.9,Local Road,No,9920000,6000,Research-informed synthetic estimate
KHP102583,Kollam,Punalur,Semi-Urban,Villa,1031,2,2,16,0,Fully Furnished,2,3.1,Highway Access,No,3780000,3000,Research-informed synthetic estimate
KHP102584,Kottayam,Vaikom,Semi-Urban,Apartment,3264,5,5,21,0,Semi-Furnished,4,1.9,Main Road,Yes,12250000,3500,Research-informed synthetic estimate
KHP102585,Thrissur,Kunnamkulam,Rural,Independent House,1874,3,3,4,3,Semi-Furnished,0,3.5,Local Road,No,5780000,3500,Research-informed synthetic estimate
KHP102586,Kollam,Paravur,Rural,Independent House,4171,6,5,28,2,Unfurnished,0,7.5,Local Road,Yes,12670000,3600,Research-informed synthetic estimate
KHP102587,Kasaragod,Uppala,Semi-Urban,Apartment,2544,6,5,6,2,Unfurnished,7,3.0,Local Road,Yes,8640000,3000,Research-informed synthetic estimate
KHP102588,Wayanad,Sulthan Bathery,Rural,Independent House,2918,5,5,27,1,Unfurnished,2,10.8,Narrow Road,No,6480000,3900,Research-informed synthetic estimate
KHP102589,Ernakulam,Aluva,Semi-Urban,Residential Plot,2383,3,3,23,2,Fully Furnished,1,3.1,Local Road,No,9820000,5000,Research-informed synthetic estimate
KHP102590,Alappuzha,Cherthala,Semi-Urban,Apartment,3142,5,5,7,2,Unfurnished,1,9.5,Narrow Road,Yes,14680000,4700,Research-informed synthetic estimate
KHP102591,Kollam,Karunagappally,Rural,Villa,3337,5,5,26,0,Unfurnished,2,0.6,Narrow Road,Yes,9910000,3800,Research-informed synthetic estimate
KHP102592,Palakkad,Olavakkode,Rural,Apartment,1435,3,3,7,0,Unfurnished,3,8.3,Local Road,No,4300000,4100,Research-informed synthetic estimate
KHP102593,Palakkad,Palakkad Town,Urban,Villa,3649,6,5,4,3,Unfurnished,0,6.4,Local Road,No,16360000,3900,Research-informed synthetic estimate
KHP102594,Kozhikode,Nellikode,Rural,Villa,3720,6,5,14,1,Fully Furnished,0,8.8,Main Road,No,16940000,4500,Research-informed synthetic estimate
KHP102595,Kottayam,Manarcadu,Rural,Independent House,2138,3,2,1,1,Fully Furnished,1,10.2,Main Road,No,6380000,3600,Research-informed synthetic estimate
KHP102596,Kozhikode,Chevayur,Semi-Urban,Apartment,3838,6,5,21,1,Semi-Furnished,6,4.8,Local Road,Yes,17190000,4700,Research-informed synthetic estimate
KHP102597,Pathanamthitta,Adoor,Rural,Apartment,858,2,2,0,2,Semi-Furnished,1,12.0,Highway Access,No,3210000,3900,Research-informed synthetic estimate
KHP102598,Thrissur,Thrissur Town,Urban,Independent House,771,1,1,27,3,Semi-Furnished,0,1.8,Main Road,Yes,3600000,5000,Research-informed synthetic estimate
KHP102599,Kannur,Mattannur,Rural,Villa,3832,6,5,22,1,Semi-Furnished,1,6.3,Main Road,No,13040000,3400,Research-informed synthetic estimate
KHP102600,Wayanad,Meppadi,Rural,Apartment,3577,6,5,3,2,Unfurnished,4,1.7,Local Road,No,13080000,3300,Research-informed synthetic estimate
KHP102601,Alappuzha,Kayamkulam,Rural,Apartment,1741,3,3,30,2,Fully Furnished,3,3.9,Local Road,No,4160000,3600,Research-informed synthetic estimate
KHP102602,Kannur,Mattannur,Semi-Urban,Independent House,2470,4,4,17,1,Unfurnished,2,1.9,Local Road,No,6230000,3400,Research-informed synthetic estimate
KHP102603,Kottayam,Pala,Semi-Urban,Independent House,3143,4,4,28,0,Unfurnished,2,2.4,Main Road,No,10780000,4200,Research-informed synthetic estimate
KHP102604,Thiruvananthapuram,Vazhuthacaud,Urban,Villa,1238,2,2,17,2,Unfurnished,2,7.0,Local Road,Yes,8640000,7800,Research-informed synthetic estimate
KHP102605,Kannur,Payyannur,Rural,Independent House,806,2,2,4,1,Fully Furnished,1,1.9,Local Road,No,2820000,3900,Research-informed synthetic estimate
KHP102606,Ernakulam,Kakkanad,Semi-Urban,Apartment,2902,4,4,3,0,Unfurnished,6,4.5,Main Road,No,18150000,6500,Research-informed synthetic estimate
KHP102607,Ernakulam,Marine Drive,Urban,Villa,2564,5,5,19,0,Fully Furnished,1,2.7,Highway Access,No,43670000,12500,Research-informed synthetic estimate
KHP102608,Thiruvananthapuram,Attingal,Rural,Residential Plot,3470,5,5,24,1,Unfurnished,1,2.5,Main Road,No,9020000,3900,Research-informed synthetic estimate
KHP102609,Kannur,Sreekandapuram,Rural,Independent House,3266,4,4,30,0,Fully Furnished,0,2.7,Local Road,Yes,8550000,2900,Research-informed synthetic estimate
KHP102610,Malappuram,Kondotty,Rural,Apartment,4072,6,5,6,3,Fully Furnished,2,3.3,Local Road,Yes,21710000,4300,Research-informed synthetic estimate
KHP102611,Kollam,Chathannoor,Semi-Urban,Apartment,3016,5,5,21,0,Fully Furnished,4,1.2,Main Road,No,9720000,3200,Research-informed synthetic estimate
KHP102612,Idukki,Adimali,Semi-Urban,Residential Plot,4013,6,5,11,0,Unfurnished,0,5.5,Main Road,No,10140000,3000,Research-informed synthetic estimate
KHP102613,Alappuzha,Muhamma,Semi-Urban,Apartment,4093,6,5,10,1,Fully Furnished,5,4.4,Highway Access,No,24000000,4000,Research-informed synthetic estimate
KHP102614,Ernakulam,Kakkanad,Semi-Urban,Residential Plot,1315,2,1,22,2,Semi-Furnished,1,2.5,Local Road,No,5930000,6500,Research-informed synthetic estimate
KHP102615,Kasaragod,Bekal,Semi-Urban,Apartment,1353,3,3,2,1,Unfurnished,7,2.6,Main Road,Yes,6670000,4200,Research-informed synthetic estimate
KHP102616,Kollam,Chathannoor,Semi-Urban,Villa,4153,6,5,6,0,Semi-Furnished,2,1.0,Main Road,Yes,16890000,3200,Research-informed synthetic estimate
KHP102617,Kozhikode,Mukkam,Rural,Apartment,883,1,1,21,1,Semi-Furnished,1,3.7,Local Road,No,1960000,3000,Research-informed synthetic estimate
KHP102618,Kannur,Sreekandapuram,Rural,Apartment,1149,1,1,14,1,Semi-Furnished,5,1.5,Main Road,No,2920000,2900,Research-informed synthetic estimate
KHP102619,Palakkad,Shoranur,Semi-Urban,Residential Plot,4116,6,5,10,1,Unfurnished,0,7.2,Local Road,Yes,10990000,3100,Research-informed synthetic estimate
KHP102620,Kozhikode,Kottooli,Semi-Urban,Independent House,791,2,1,20,3,Unfurnished,0,3.2,Narrow Road,No,4050000,6500,Research-informed synthetic estimate
KHP102621,Kozhikode,Ramanattukara,Semi-Urban,Apartment,3132,4,4,28,0,Unfurnished,2,0.6,Main Road,Yes,11380000,3900,Research-informed synthetic estimate
KHP102622,Kozhikode,Karaparamba,Semi-Urban,Villa,1831,4,4,23,0,Semi-Furnished,1,13.7,Highway Access,No,7610000,4000,Research-informed synthetic estimate
KHP102623,Alappuzha,Ambalappuzha,Semi-Urban,Villa,2138,4,4,21,0,Semi-Furnished,0,2.6,Narrow Road,No,6650000,3400,Research-informed synthetic estimate
KHP102624,Thiruvananthapuram,Peroorkada,Semi-Urban,Apartment,1207,2,1,12,1,Unfurnished,2,4.8,Main Road,No,7450000,5900,Research-informed synthetic estimate
KHP102625,Thiruvananthapuram,Peroorkada,Semi-Urban,Villa,2400,4,4,7,2,Fully Furnished,0,8.0,Local Road,No,16230000,5900,Research-informed synthetic estimate
KHP102626,Idukki,Kattappana,Semi-Urban,Independent House,953,2,2,20,0,Fully Furnished,0,4.7,Main Road,No,2870000,3000,Research-informed synthetic estimate
KHP102627,Ernakulam,Edappally,Urban,Apartment,1858,3,3,25,1,Semi-Furnished,4,4.7,Highway Access,No,14110000,7600,Research-informed synthetic estimate
KHP102628,Wayanad,Meppadi,Semi-Urban,Independent House,3058,3,3,16,0,Semi-Furnished,1,3.6,Local Road,No,8720000,3300,Research-informed synthetic estimate
KHP102629,Alappuzha,Cherthala,Semi-Urban,Independent House,2674,3,3,29,0,Fully Furnished,2,2.1,Narrow Road,No,9640000,4700,Research-informed synthetic estimate
KHP102630,Alappuzha,Muhamma,Semi-Urban,Villa,3389,4,4,8,1,Semi-Furnished,0,1.5,Main Road,Yes,16570000,4000,Research-informed synthetic estimate
KHP102631,Palakkad,Mannarkkad,Rural,Residential Plot,1075,2,2,21,1,Unfurnished,0,3.5,Main Road,No,2100000,2800,Research-informed synthetic estimate
KHP102632,Kasaragod,Hosdurg,Semi-Urban,Apartment,2205,4,4,25,1,Unfurnished,4,5.7,Main Road,No,5760000,3300,Research-informed synthetic estimate
KHP102633,Kannur,Kannur Town,Urban,Independent House,2022,4,4,29,1,Semi-Furnished,1,1.7,Local Road,No,8020000,4500,Research-informed synthetic estimate
KHP102634,Kollam,Chathannoor,Semi-Urban,Independent House,2167,3,3,22,0,Fully Furnished,2,7.2,Main Road,Yes,5930000,3200,Research-informed synthetic estimate
KHP102635,Palakkad,Mannarkkad,Rural,Apartment,2422,4,4,9,1,Unfurnished,5,1.8,Narrow Road,No,5550000,2800,Research-informed synthetic estimate
KHP102636,Kottayam,Manarcadu,Semi-Urban,Apartment,1791,3,3,11,1,Fully Furnished,6,9.2,Local Road,No,6280000,3600,Research-informed synthetic estimate
KHP102637,Thrissur,Punkunnam,Semi-Urban,Independent House,3062,4,4,29,1,Unfurnished,2,2.0,Local Road,Yes,15240000,5500,Research-informed synthetic estimate
KHP102638,Kollam,Chathannoor,Semi-Urban,Villa,1387,2,2,14,2,Fully Furnished,1,4.1,Main Road,No,5220000,3200,Research-informed synthetic estimate
KHP102639,Kollam,Asramam,Semi-Urban,Independent House,2522,4,4,2,0,Semi-Furnished,0,0.6,Local Road,No,15410000,5200,Research-informed synthetic estimate
KHP102640,Kasaragod,Cheruvathur,Rural,Independent House,4015,6,5,11,3,Semi-Furnished,0,2.1,Main Road,Yes,14430000,2900,Research-informed synthetic estimate
KHP102641,Thiruvananthapuram,Kazhakkoottam,Semi-Urban,Villa,865,1,1,10,0,Unfurnished,1,4.1,Local Road,Yes,4930000,6800,Research-informed synthetic estimate
KHP102642,Thrissur,Kuttanellur,Semi-Urban,Apartment,3950,6,5,1,3,Fully Furnished,2,6.7,Main Road,No,30400000,5500,Research-informed synthetic estimate
KHP102643,Kottayam,Changanassery,Semi-Urban,Independent House,1652,3,2,6,0,Semi-Furnished,1,5.1,Narrow Road,No,6130000,4300,Research-informed synthetic estimate
KHP102644,Kollam,Kavanad,Semi-Urban,Apartment,1168,3,3,25,0,Unfurnished,2,3.5,Narrow Road,No,4190000,5000,Research-informed synthetic estimate
KHP102645,Ernakulam,Maradu,Rural,Apartment,3797,6,5,20,0,Unfurnished,7,2.5,Local Road,No,22350000,7300,Research-informed synthetic estimate
KHP102646,Thiruvananthapuram,Technopark,Rural,Independent House,1511,2,2,4,3,Unfurnished,2,3.5,Local Road,No,8270000,7000,Research-informed synthetic estimate
KHP102647,Thrissur,Kunnamkulam,Semi-Urban,Villa,3811,6,5,2,0,Fully Furnished,1,2.3,Main Road,No,19720000,3500,Research-informed synthetic estimate
KHP102648,Kasaragod,Cheruvathur,Rural,Villa,3611,5,4,22,3,Semi-Furnished,0,7.7,Local Road,No,10950000,2900,Research-informed synthetic estimate
KHP102649,Wayanad,Mananthavady,Rural,Residential Plot,1246,1,1,2,2,Unfurnished,0,0.6,Main Road,No,2470000,3400,Research-informed synthetic estimate
KHP102650,Malappuram,Ponnani,Semi-Urban,Independent House,1583,1,1,11,2,Unfurnished,1,7.3,Local Road,Yes,4240000,3500,Research-informed synthetic estimate
KHP102651,Kasaragod,Bekal,Semi-Urban,Independent House,1914,3,3,7,1,Unfurnished,2,4.5,Local Road,No,8310000,4200,Research-informed synthetic estimate
KHP102652,Wayanad,Ambalavayal,Semi-Urban,Villa,1393,3,3,9,1,Semi-Furnished,1,11.2,Local Road,No,4030000,3200,Research-informed synthetic estimate
KHP102653,Malappuram,Parappanangadi,Semi-Urban,Apartment,2400,4,4,27,1,Unfurnished,0,7.1,Main Road,No,7340000,3600,Research-informed synthetic estimate
KHP102654,Pathanamthitta,Adoor,Semi-Urban,Villa,687,1,1,2,1,Unfurnished,0,1.4,Local Road,No,2950000,3900,Research-informed synthetic estimate
KHP102655,Thiruvananthapuram,Kazhakoottam,Rural,Villa,3150,5,5,4,2,Semi-Furnished,0,9.4,Local Road,No,21230000,6800,Research-informed synthetic estimate
KHP102656,Wayanad,Meppadi,Semi-Urban,Independent House,2920,5,5,8,0,Unfurnished,2,2.5,Main Road,No,10690000,3300,Research-informed synthetic estimate
KHP102657,Kottayam,Kottayam Town,Urban,Apartment,1902,5,4,29,3,Semi-Furnished,7,17.1,Main Road,No,8880000,5200,Research-informed synthetic estimate
KHP102658,Wayanad,Kalpetta,Semi-Urban,Independent House,3885,5,5,17,2,Semi-Furnished,0,10.2,Local Road,No,14480000,4300,Research-informed synthetic estimate
KHP102659,Kannur,Payyannur,Rural,Independent House,2171,4,3,21,0,Semi-Furnished,2,9.9,Local Road,No,6140000,3900,Research-informed synthetic estimate
KHP102660,Kollam,Karunagappally,Semi-Urban,Independent House,3566,6,5,15,2,Semi-Furnished,0,3.3,Highway Access,Yes,15940000,3800,Research-informed synthetic estimate
KHP102661,Palakkad,Olavakkode,Semi-Urban,Apartment,2155,5,5,23,0,Unfurnished,5,6.2,Main Road,No,7750000,4100,Research-informed synthetic estimate
KHP102662,Ernakulam,Panampilly Nagar,Urban,Independent House,2906,3,3,5,3,Semi-Furnished,2,0.3,Main Road,Yes,33820000,9500,Research-informed synthetic estimate
KHP102663,Alappuzha,Cherthala,Semi-Urban,Villa,2288,4,4,12,0,Unfurnished,0,1.1,Local Road,No,10640000,4700,Research-informed synthetic estimate
KHP102664,Alappuzha,Haripad,Semi-Urban,Apartment,1235,3,3,29,3,Unfurnished,3,8.5,Highway Access,No,3850000,3200,Research-informed synthetic estimate
KHP102665,Pathanamthitta,Mallappally,Semi-Urban,Villa,1862,2,1,19,2,Semi-Furnished,0,2.6,Main Road,Yes,5580000,3000,Research-informed synthetic estimate
KHP102666,Ernakulam,Kalamassery,Semi-Urban,Independent House,772,1,1,24,1,Semi-Furnished,1,3.3,Highway Access,No,3800000,6000,Research-informed synthetic estimate
KHP102667,Alappuzha,Ambalappuzha,Semi-Urban,Villa,3532,4,4,20,2,Unfurnished,2,2.7,Local Road,No,10760000,3400,Research-informed synthetic estimate
KHP102668,Kottayam,Manarcadu,Semi-Urban,Residential Plot,2651,4,4,26,0,Fully Furnished,1,3.6,Local Road,No,6710000,3600,Research-informed synthetic estimate
KHP102669,Kottayam,Manarcadu,Semi-Urban,Apartment,2028,1,1,4,1,Semi-Furnished,3,1.0,Main Road,No,7670000,3600,Research-informed synthetic estimate
KHP102670,Palakkad,Mannarkkad,Rural,Independent House,3222,6,5,19,1,Semi-Furnished,2,6.6,Narrow Road,No,7820000,2800,Research-informed synthetic estimate
KHP102671,Pathanamthitta,Adoor,Rural,Villa,3552,5,4,4,2,Semi-Furnished,2,9.6,Main Road,No,14120000,3900,Research-informed synthetic estimate
KHP102672,Thrissur,Muthuvattoor,Semi-Urban,Independent House,2813,5,5,12,0,Unfurnished,0,6.3,Local Road,Yes,8270000,3500,Research-informed synthetic estimate
KHP102673,Kollam,Chathannoor,Semi-Urban,Villa,3703,6,5,30,0,Unfurnished,1,0.6,Local Road,No,9660000,3200,Research-informed synthetic estimate
KHP102674,Kasaragod,Bekal,Rural,Apartment,1084,2,2,0,1,Fully Furnished,5,5.0,Main Road,Yes,4920000,4200,Research-informed synthetic estimate
KHP102675,Thiruvananthapuram,Kazhakoottam,Semi-Urban,Independent House,3232,4,3,21,3,Unfurnished,2,4.9,Local Road,No,18660000,6800,Research-informed synthetic estimate
KHP102676,Idukki,Kumily,Rural,Independent House,3347,6,5,20,3,Fully Furnished,0,5.8,Main Road,No,12700000,3400,Research-informed synthetic estimate
KHP102677,Alappuzha,Alappuzha Beach,Semi-Urban,Independent House,3799,6,5,23,1,Unfurnished,1,0.4,Main Road,No,25220000,6800,Research-informed synthetic estimate
KHP102678,Pathanamthitta,Thiruvalla,Semi-Urban,Villa,2556,4,4,3,0,Unfurnished,0,8.1,Narrow Road,No,10800000,4700,Research-informed synthetic estimate
KHP102679,Malappuram,Manjeri,Semi-Urban,Villa,3586,5,5,27,3,Semi-Furnished,1,5.0,Local Road,Yes,15760000,4300,Research-informed synthetic estimate
KHP102680,Kozhikode,Vellayil,Semi-Urban,Villa,3026,4,4,6,0,Semi-Furnished,1,0.8,Narrow Road,No,22890000,7100,Research-informed synthetic estimate
KHP102681,Kozhikode,Chevarambalam,Semi-Urban,Villa,1881,3,3,3,2,Fully Furnished,2,1.4,Local Road,No,14790000,6300,Research-informed synthetic estimate
KHP102682,Ernakulam,Kizhakkambalam,Semi-Urban,Independent House,3709,6,5,17,2,Semi-Furnished,0,7.5,Local Road,Yes,17030000,4700,Research-informed synthetic estimate
KHP102683,Wayanad,Ambalavayal,Semi-Urban,Villa,1114,2,1,17,0,Semi-Furnished,1,4.0,Local Road,No,3350000,3200,Research-informed synthetic estimate
KHP102684,Ernakulam,Palarivattom,Urban,Apartment,1660,2,1,25,1,Unfurnished,0,4.9,Local Road,Yes,9180000,7500,Research-informed synthetic estimate
KHP102685,Kannur,Taliparamba,Semi-Urban,Apartment,3692,6,5,21,0,Semi-Furnished,5,7.2,Main Road,Yes,13350000,3500,Research-informed synthetic estimate
KHP102686,Palakkad,Mannarkkad,Rural,Residential Plot,2352,4,4,26,2,Unfurnished,0,4.4,Local Road,No,3780000,2800,Research-informed synthetic estimate
KHP102687,Thrissur,Ollur,Rural,Independent House,652,2,2,2,1,Unfurnished,2,1.3,Narrow Road,No,4350000,9000,Research-informed synthetic estimate
KHP102688,Kannur,Sreekandapuram,Rural,Independent House,3880,5,5,26,0,Semi-Furnished,0,2.4,Local Road,No,8500000,2900,Research-informed synthetic estimate
KHP102689,Ernakulam,Chottanikkara,Semi-Urban,Independent House,1764,3,2,25,2,Fully Furnished,1,6.9,Local Road,No,6120000,4200,Research-informed synthetic estimate
KHP102690,Thiruvananthapuram,Attingal,Semi-Urban,Villa,1387,2,1,1,2,Unfurnished,0,5.8,Main Road,Yes,5290000,3900,Research-informed synthetic estimate
KHP102691,Wayanad,Mananthavady,Semi-Urban,Residential Plot,2453,3,3,22,0,Semi-Furnished,2,0.3,Local Road,No,6220000,3400,Research-informed synthetic estimate
KHP102692,Kottayam,Kanjirappally,Rural,Independent House,4042,6,5,26,0,Semi-Furnished,0,1.4,Main Road,No,10230000,3000,Research-informed synthetic estimate
KHP102693,Palakkad,Shoranur,Rural,Villa,2818,4,4,23,0,Semi-Furnished,2,3.5,Main Road,Yes,8490000,3100,Research-informed synthetic estimate
KHP102694,Malappuram,Kottakkal,Rural,Independent House,2193,2,2,27,1,Unfurnished,2,3.8,Local Road,Yes,5910000,4400,Research-informed synthetic estimate
KHP102695,Kottayam,Kumarakom,Semi-Urban,Independent House,3125,4,4,20,1,Semi-Furnished,2,1.5,Local Road,Yes,19410000,6500,Research-informed synthetic estimate
KHP102696,Alappuzha,Kayamkulam,Semi-Urban,Villa,1078,2,2,3,1,Unfurnished,0,2.3,Local Road,No,3610000,3600,Research-informed synthetic estimate
KHP102697,Malappuram,Kottakkal,Rural,Independent House,1821,2,2,0,1,Unfurnished,0,7.4,Local Road,No,6120000,4400,Research-informed synthetic estimate
KHP102698,Alappuzha,Alappuzha Town,Urban,Independent House,1093,1,1,14,1,Fully Furnished,2,2.7,Local Road,No,5910000,6000,Research-informed synthetic estimate
KHP102699,Thiruvananthapuram,Kazhakkoottam,Semi-Urban,Independent House,1879,4,4,23,1,Unfurnished,1,6.9,Narrow Road,Yes,9320000,6800,Research-informed synthetic estimate
KHP102700,Kannur,Mattannur,Semi-Urban,Independent House,1000,2,2,18,0,Unfurnished,0,2.9,Highway Access,No,3140000,3400,Research-informed synthetic estimate
KHP102701,Kannur,Chala,Semi-Urban,Independent House,1586,3,3,5,0,Semi-Furnished,1,1.1,Main Road,No,5910000,3600,Research-informed synthetic estimate
KHP102702,Wayanad,Mananthavady,Semi-Urban,Villa,2907,5,5,23,0,Fully Furnished,1,1.9,Local Road,No,10580000,3400,Research-informed synthetic estimate
KHP102703,Kannur,Thottada,Semi-Urban,Independent House,3571,6,5,27,0,Semi-Furnished,2,1.3,Local Road,No,13750000,4200,Research-informed synthetic estimate
KHP102704,Thrissur,Punkunnam,Rural,Independent House,2778,4,4,4,0,Fully Furnished,1,6.6,Main Road,Yes,16170000,5500,Research-informed synthetic estimate
KHP102705,Kozhikode,Feroke,Semi-Urban,Independent House,1932,2,2,7,1,Semi-Furnished,0,2.8,Local Road,Yes,6450000,3700,Research-informed synthetic estimate
KHP102706,Pathanamthitta,Pathanamthitta Town,Rural,Independent House,2168,3,3,23,3,Semi-Furnished,1,1.5,Narrow Road,No,5300000,3800,Research-informed synthetic estimate
KHP102707,Malappuram,Kottakkal,Semi-Urban,Apartment,3966,6,5,16,0,Fully Furnished,3,2.1,Local Road,Yes,16610000,4400,Research-informed synthetic estimate
KHP102708,Ernakulam,Kalamassery,Semi-Urban,Independent House,1493,3,2,2,1,Semi-Furnished,2,8.2,Local Road,No,8500000,6000,Research-informed synthetic estimate
KHP102709,Pathanamthitta,Pathanamthitta Town,Semi-Urban,Apartment,1273,3,3,21,3,Semi-Furnished,2,8.9,Main Road,No,4420000,3800,Research-informed synthetic estimate
KHP102710,Kollam,Asramam,Rural,Independent House,2931,5,5,19,1,Fully Furnished,2,3.3,Highway Access,Yes,17230000,5200,Research-informed synthetic estimate
KHP102711,Kozhikode,Mukkam,Rural,Independent House,1002,3,3,21,1,Semi-Furnished,0,3.1,Local Road,No,2020000,3000,Research-informed synthetic estimate
KHP102712,Kannur,Chala,Semi-Urban,Independent House,2741,5,4,29,2,Unfurnished,0,2.9,Main Road,Yes,8220000,3600,Research-informed synthetic estimate
KHP102713,Thrissur,Chalakudy,Semi-Urban,Independent House,925,2,1,13,0,Unfurnished,1,1.8,Local Road,Yes,2730000,3900,Research-informed synthetic estimate
KHP102714,Malappuram,Tirur,Rural,Independent House,3012,5,5,7,0,Semi-Furnished,0,4.1,Narrow Road,No,10400000,4200,Research-informed synthetic estimate
KHP102715,Ernakulam,Kalamassery,Rural,Independent House,1713,3,3,30,1,Fully Furnished,1,1.5,Main Road,No,8120000,6000,Research-informed synthetic estimate
KHP102716,Kollam,Punalur,Rural,Independent House,2405,3,2,4,2,Unfurnished,0,0.6,Narrow Road,No,4950000,3000,Research-informed synthetic estimate
KHP102717,Kannur,Iritty,Rural,Apartment,2064,4,3,28,2,Unfurnished,7,7.2,Main Road,No,4780000,2800,Research-informed synthetic estimate
KHP102718,Palakkad,Mannarkkad,Rural,Independent House,1985,4,4,27,2,Fully Furnished,0,0.4,Narrow Road,No,4270000,2800,Research-informed synthetic estimate
KHP102719,Kottayam,Vaikom,Semi-Urban,Independent House,2307,3,3,20,1,Semi-Furnished,0,2.4,Local Road,No,7090000,3500,Research-informed synthetic estimate
KHP102720,Idukki,Thodupuzha,Semi-Urban,Apartment,2421,2,2,29,1,Semi-Furnished,4,5.0,Local Road,No,6620000,3900,Research-informed synthetic estimate
KHP102721,Alappuzha,Ambalappuzha,Semi-Urban,Apartment,3784,5,5,21,1,Fully Furnished,7,6.5,Local Road,No,12750000,3400,Research-informed synthetic estimate
KHP102722,Idukki,Kattappana,Semi-Urban,Apartment,4085,6,5,25,0,Semi-Furnished,1,2.2,Main Road,Yes,12870000,3000,Research-informed synthetic estimate
KHP102723,Malappuram,Perinthalmanna,Rural,Villa,2378,3,3,23,1,Unfurnished,0,4.1,Highway Access,No,8890000,4500,Research-informed synthetic estimate
KHP102724,Kollam,Chathannoor,Semi-Urban,Apartment,894,1,1,10,2,Semi-Furnished,3,0.6,Main Road,Yes,3020000,3200,Research-informed synthetic estimate
KHP102725,Kollam,Chinnakada,Urban,Independent House,1612,4,4,5,2,Unfurnished,2,3.3,Local Road,Yes,8960000,5000,Research-informed synthetic estimate
KHP102726,Alappuzha,Kayamkulam,Semi-Urban,Apartment,2707,4,4,24,1,Unfurnished,7,9.0,Narrow Road,No,7970000,3600,Research-informed synthetic estimate
KHP102727,Kollam,Chinnakada,Urban,Independent House,1338,2,2,0,2,Unfurnished,1,1.7,Local Road,Yes,7220000,5000,Research-informed synthetic estimate
KHP102728,Thiruvananthapuram,Neyyattinkara,Semi-Urban,Apartment,3580,6,5,17,0,Semi-Furnished,7,7.9,Local Road,No,14150000,4200,Research-informed synthetic estimate
KHP102729,Pathanamthitta,Pandalam,Semi-Urban,Apartment,1559,2,2,23,0,Semi-Furnished,5,5.6,Local Road,No,4090000,3400,Research-informed synthetic estimate
KHP102730,Wayanad,Vythiri,Rural,Independent House,1532,3,3,4,2,Semi-Furnished,0,1.8,Local Road,Yes,7720000,4700,Research-informed synthetic estimate
KHP102731,Kozhikode,Palazhi,Rural,Independent House,1983,3,3,4,0,Fully Furnished,0,3.4,Local Road,No,14180000,8600,Research-informed synthetic estimate
KHP102732,Malappuram,Malappuram Town,Urban,Independent House,1836,3,3,14,3,Semi-Furnished,2,14.6,Main Road,No,7900000,4400,Research-informed synthetic estimate
KHP102733,Kozhikode,Puthiyangadi,Semi-Urban,Apartment,811,1,1,1,2,Semi-Furnished,7,6.8,Local Road,Yes,6690000,7900,Research-informed synthetic estimate
KHP102734,Wayanad,Vythiri,Semi-Urban,Independent House,1194,3,3,26,2,Semi-Furnished,1,0.4,Local Road,Yes,5070000,4700,Research-informed synthetic estimate
KHP102735,Kozhikode,Ramanattukara,Rural,Independent House,3507,5,5,21,1,Fully Furnished,0,2.6,Highway Access,No,13830000,3900,Research-informed synthetic estimate
KHP102736,Kottayam,Kottayam Town,Urban,Apartment,777,1,1,18,0,Semi-Furnished,4,3.0,Local Road,Yes,3760000,5200,Research-informed synthetic estimate
KHP102737,Idukki,Painavu,Rural,Apartment,3915,6,5,27,0,Fully Furnished,2,12.7,Local Road,Yes,8060000,2600,Research-informed synthetic estimate
KHP102738,Palakkad,Pattambi,Semi-Urban,Residential Plot,1905,3,3,9,1,Semi-Furnished,1,4.1,Highway Access,No,5470000,3000,Research-informed synthetic estimate
KHP102739,Thiruvananthapuram,Technopark,Rural,Villa,1730,4,4,23,1,Unfurnished,2,8.1,Main Road,No,9200000,7000,Research-informed synthetic estimate
KHP102740,Kollam,Asramam,Semi-Urban,Independent House,1751,2,2,28,0,Fully Furnished,0,4.5,Narrow Road,No,6680000,5200,Research-informed synthetic estimate
KHP102741,Alappuzha,Kayamkulam,Semi-Urban,Apartment,2817,4,4,9,0,Semi-Furnished,2,0.7,Local Road,No,10780000,3600,Research-informed synthetic estimate
KHP102742,Wayanad,Vythiri,Rural,Independent House,4063,5,5,1,0,Semi-Furnished,1,5.0,Local Road,No,21550000,4700,Research-informed synthetic estimate
KHP102743,Thiruvananthapuram,Kesavadasapuram,Rural,Independent House,2273,4,4,22,0,Semi-Furnished,1,4.8,Main Road,No,12460000,7000,Research-informed synthetic estimate
KHP102744,Wayanad,Sulthan Bathery,Semi-Urban,Independent House,805,1,1,16,0,Semi-Furnished,2,3.1,Narrow Road,Yes,2640000,3900,Research-informed synthetic estimate
KHP102745,Kottayam,Manarcadu,Semi-Urban,Independent House,2753,5,5,15,0,Semi-Furnished,0,3.3,Main Road,No,9540000,3600,Research-informed synthetic estimate
KHP102746,Pathanamthitta,Thiruvalla,Semi-Urban,Villa,949,2,2,3,1,Fully Furnished,2,0.9,Narrow Road,No,4540000,4700,Research-informed synthetic estimate
KHP102747,Kollam,Chathannoor,Semi-Urban,Apartment,3985,6,5,24,0,Unfurnished,0,15.4,Local Road,No,10400000,3200,Research-informed synthetic estimate
KHP102748,Kozhikode,Pantheerankavu,Rural,Independent House,3725,5,5,0,2,Unfurnished,0,0.8,Main Road,Yes,38140000,8500,Research-informed synthetic estimate
KHP102749,Kasaragod,Kanhangad,Rural,Residential Plot,3850,6,5,20,1,Unfurnished,2,1.4,Local Road,No,11150000,3500,Research-informed synthetic estimate
KHP102750,Ernakulam,Vennala,Semi-Urban,Apartment,1007,1,1,20,0,Semi-Furnished,2,1.7,Main Road,Yes,6570000,7200,Research-informed synthetic estimate
KHP102751,Thiruvananthapuram,Sreekaryam,Rural,Independent House,1891,4,4,14,0,Semi-Furnished,0,3.2,Local Road,No,8650000,6200,Research-informed synthetic estimate
KHP102752,Kasaragod,Manjeshwar,Semi-Urban,Apartment,2786,4,3,23,3,Fully Furnished,2,12.2,Main Road,No,8390000,3400,Research-informed synthetic estimate
KHP102753,Malappuram,Parappanangadi,Semi-Urban,Apartment,988,2,1,24,0,Unfurnished,3,1.0,Main Road,No,2860000,3600,Research-informed synthetic estimate
KHP102754,Thiruvananthapuram,Technopark,Semi-Urban,Apartment,3835,6,5,19,1,Semi-Furnished,0,4.5,Main Road,No,29080000,7000,Research-informed synthetic estimate
KHP102755,Thrissur,Kodungallur,Semi-Urban,Independent House,2033,3,3,10,0,Semi-Furnished,0,4.1,Local Road,Yes,7320000,3600,Research-informed synthetic estimate
KHP102756,Idukki,Kattappana,Semi-Urban,Independent House,3244,3,3,21,0,Semi-Furnished,2,2.3,Highway Access,No,10040000,3000,Research-informed synthetic estimate
KHP102757,Kozhikode,Pantheerankavu,Rural,Independent House,1938,3,3,18,2,Unfurnished,0,4.3,Narrow Road,No,11800000,8500,Research-informed synthetic estimate
KHP102758,Palakkad,Ottapalam,Semi-Urban,Apartment,1868,2,2,16,2,Semi-Furnished,0,2.2,Local Road,Yes,6150000,3200,Research-informed synthetic estimate
KHP102759,Kannur,Thottada,Semi-Urban,Independent House,878,2,2,5,1,Unfurnished,1,3.0,Main Road,No,3350000,4200,Research-informed synthetic estimate
KHP102760,Kozhikode,Koyilandy,Rural,Apartment,1536,3,2,5,1,Fully Furnished,6,14.8,Main Road,Yes,5950000,4100,Research-informed synthetic estimate
KHP102761,Idukki,Kattappana,Semi-Urban,Villa,1889,3,2,29,2,Fully Furnished,2,4.6,Local Road,No,4950000,3000,Research-informed synthetic estimate
KHP102762,Kannur,Kannur Town,Urban,Villa,1597,3,3,6,1,Semi-Furnished,0,5.0,Narrow Road,No,6730000,4500,Research-informed synthetic estimate
KHP102763,Malappuram,Nilambur,Rural,Independent House,2430,5,5,7,2,Fully Furnished,2,2.2,Narrow Road,No,7250000,3300,Research-informed synthetic estimate
KHP102764,Kozhikode,Cyberpark,Semi-Urban,Independent House,1263,3,3,9,0,Semi-Furnished,2,3.7,Main Road,No,6200000,5000,Research-informed synthetic estimate
KHP102765,Wayanad,Vythiri,Semi-Urban,Apartment,4016,6,5,30,0,Unfurnished,7,1.4,Local Road,No,18650000,4700,Research-informed synthetic estimate
KHP102766,Ernakulam,Muvattupuzha,Semi-Urban,Independent House,1862,3,2,0,1,Fully Furnished,2,6.1,Highway Access,No,8770000,3700,Research-informed synthetic estimate
KHP102767,Wayanad,Vythiri,Rural,Villa,3617,4,4,16,3,Semi-Furnished,0,3.3,Main Road,No,20930000,4700,Research-informed synthetic estimate
KHP102768,Malappuram,Perinthalmanna,Rural,Villa,3685,5,4,26,0,Semi-Furnished,0,1.6,Local Road,No,14730000,4500,Research-informed synthetic estimate
KHP102769,Palakkad,Alathur,Rural,Apartment,1994,5,5,7,2,Unfurnished,0,4.5,Local Road,No,5520000,2900,Research-informed synthetic estimate
KHP102770,Kasaragod,Bekal,Rural,Independent House,3861,6,5,28,1,Semi-Furnished,1,2.5,Main Road,Yes,17670000,4200,Research-informed synthetic estimate
KHP102771,Ernakulam,North Paravur,Semi-Urban,Apartment,3644,5,5,13,3,Unfurnished,0,2.8,Narrow Road,No,12370000,4100,Research-informed synthetic estimate
KHP102772,Kasaragod,Uppala,Semi-Urban,Villa,720,1,1,24,0,Fully Furnished,0,14.0,Narrow Road,No,1670000,3000,Research-informed synthetic estimate
KHP102773,Malappuram,Ponnani,Rural,Independent House,1587,4,4,30,1,Semi-Furnished,2,1.1,Main Road,Yes,4500000,3500,Research-informed synthetic estimate
KHP102774,Kasaragod,Kasaragod Town,Urban,Independent House,2028,3,3,27,1,Fully Furnished,1,8.4,Narrow Road,Yes,5340000,3600,Research-informed synthetic estimate
KHP102775,Kottayam,Pala,Semi-Urban,Villa,2271,4,3,24,0,Unfurnished,1,4.5,Local Road,No,7610000,4200,Research-informed synthetic estimate
KHP102776,Alappuzha,Chengannur,Semi-Urban,Villa,1047,1,1,12,3,Semi-Furnished,0,0.3,Narrow Road,No,4240000,4300,Research-informed synthetic estimate
KHP102777,Kozhikode,Vellayil,Semi-Urban,Apartment,3061,4,4,16,2,Semi-Furnished,6,2.7,Main Road,Yes,24010000,7100,Research-informed synthetic estimate
KHP102778,Ernakulam,Kakkanad,Semi-Urban,Independent House,3289,5,5,26,0,Semi-Furnished,2,3.3,Highway Access,No,25610000,6500,Research-informed synthetic estimate
KHP102779,Wayanad,Kalpetta,Semi-Urban,Villa,788,1,1,9,2,Unfurnished,1,0.5,Local Road,Yes,3340000,4300,Research-informed synthetic estimate
KHP102780,Thiruvananthapuram,Kazhakkoottam,Semi-Urban,Independent House,2536,5,5,8,0,Semi-Furnished,1,2.8,Local Road,Yes,16560000,6800,Research-informed synthetic estimate
KHP102781,Alappuzha,Kayamkulam,Semi-Urban,Independent House,2762,3,3,18,2,Unfurnished,0,10.1,Narrow Road,No,7250000,3600,Research-informed synthetic estimate
KHP102782,Kasaragod,Kasaragod Town,Urban,Apartment,2747,5,5,12,1,Semi-Furnished,0,3.9,Local Road,Yes,12060000,3600,Research-informed synthetic estimate
KHP102783,Kasaragod,Kanhangad,Semi-Urban,Apartment,3259,6,5,6,1,Unfurnished,4,1.6,Local Road,Yes,11630000,3500,Research-informed synthetic estimate
KHP102784,Palakkad,Shoranur,Semi-Urban,Apartment,2510,5,5,7,3,Semi-Furnished,1,14.9,Local Road,No,7110000,3100,Research-informed synthetic estimate
KHP102785,Malappuram,Parappanangadi,Semi-Urban,Apartment,1504,2,1,0,0,Unfurnished,6,3.5,Local Road,No,4540000,3600,Research-informed synthetic estimate
KHP102786,Kottayam,Pala,Semi-Urban,Independent House,2177,4,4,12,0,Unfurnished,0,6.6,Main Road,No,8630000,4200,Research-informed synthetic estimate
KHP102787,Kozhikode,Feroke,Semi-Urban,Villa,751,1,1,11,2,Semi-Furnished,1,10.8,Local Road,Yes,2560000,3700,Research-informed synthetic estimate
KHP102788,Thiruvananthapuram,Kazhakkoottam,Semi-Urban,Apartment,1192,1,1,22,0,Fully Furnished,6,2.6,Main Road,No,7060000,6800,Research-informed synthetic estimate
KHP102789,Kannur,Thalassery,Semi-Urban,Independent House,1998,2,2,23,0,Semi-Furnished,2,3.3,Main Road,No,6730000,4300,Research-informed synthetic estimate
KHP102790,Thiruvananthapuram,Pattom,Urban,Apartment,2139,3,3,21,0,Semi-Furnished,1,5.7,Local Road,Yes,13800000,7200,Research-informed synthetic estimate
KHP102791,Palakkad,Alathur,Rural,Villa,3205,5,5,30,0,Semi-Furnished,0,7.9,Main Road,No,9910000,2900,Research-informed synthetic estimate
KHP102792,Kasaragod,Nileshwar,Rural,Independent House,727,1,1,9,0,Semi-Furnished,2,5.8,Narrow Road,No,1600000,3200,Research-informed synthetic estimate
KHP102793,Kottayam,Changanassery,Semi-Urban,Independent House,3448,5,5,22,0,Semi-Furnished,0,3.2,Narrow Road,Yes,13240000,4300,Research-informed synthetic estimate
KHP102794,Kasaragod,Cheruvathur,Rural,Apartment,1855,3,3,21,0,Unfurnished,4,8.2,Narrow Road,No,3350000,2900,Research-informed synthetic estimate
KHP102795,Malappuram,Ponnani,Semi-Urban,Apartment,2173,4,4,1,0,Unfurnished,7,4.4,Main Road,No,8150000,3500,Research-informed synthetic estimate
KHP102796,Kollam,Kollam Town,Urban,Independent House,1591,3,2,1,1,Semi-Furnished,2,2.3,Local Road,Yes,9440000,4800,Research-informed synthetic estimate
KHP102797,Thrissur,Patturaikkal,Rural,Residential Plot,1311,2,2,6,0,Fully Furnished,2,5.2,Local Road,Yes,4550000,5600,Research-informed synthetic estimate
KHP102798,Idukki,Munnar,Semi-Urban,Villa,3966,5,5,30,2,Semi-Furnished,2,3.2,Highway Access,No,34330000,6500,Research-informed synthetic estimate
KHP102799,Palakkad,Chittur,Semi-Urban,Independent House,2702,5,5,25,0,Fully Furnished,1,4.4,Main Road,No,7960000,2900,Research-informed synthetic estimate
KHP102800,Ernakulam,Kaloor,Urban,Independent House,2699,5,5,0,2,Fully Furnished,1,0.5,Local Road,No,29490000,8200,Research-informed synthetic estimate
KHP102801,Thrissur,Guruvayur,Semi-Urban,Residential Plot,3634,6,5,24,0,Fully Furnished,2,1.0,Main Road,Yes,16930000,3700,Research-informed synthetic estimate
KHP102802,Ernakulam,Vyttila,Urban,Residential Plot,1842,3,3,2,1,Fully Furnished,2,3.8,Highway Access,Yes,17050000,8000,Research-informed synthetic estimate
KHP102803,Kasaragod,Kanhangad,Semi-Urban,Independent House,956,2,2,17,2,Semi-Furnished,1,0.6,Main Road,No,3290000,3500,Research-informed synthetic estimate
KHP102804,Kannur,Sreekandapuram,Rural,Villa,2715,5,4,16,3,Semi-Furnished,2,2.6,Local Road,No,6910000,2900,Research-informed synthetic estimate
KHP102805,Alappuzha,Haripad,Semi-Urban,Residential Plot,996,2,2,17,2,Unfurnished,2,5.7,Narrow Road,No,2040000,3200,Research-informed synthetic estimate
KHP102806,Thiruvananthapuram,Kazhakoottam,Semi-Urban,Residential Plot,1588,4,4,13,1,Unfurnished,2,3.8,Main Road,No,8260000,6800,Research-informed synthetic estimate
KHP102807,Palakkad,Palakkad Town,Urban,Apartment,2735,5,4,26,0,Fully Furnished,7,4.7,Local Road,No,10040000,3900,Research-informed synthetic estimate
KHP102808,Alappuzha,Kayamkulam,Semi-Urban,Independent House,4167,6,5,26,1,Semi-Furnished,0,3.0,Main Road,No,15390000,3600,Research-informed synthetic estimate
KHP102809,Palakkad,Palakkad Town,Urban,Independent House,2353,3,3,27,1,Semi-Furnished,1,3.7,Narrow Road,No,7400000,3900,Research-informed synthetic estimate
KHP102810,Malappuram,Kottakkal,Semi-Urban,Independent House,905,2,2,19,1,Fully Furnished,1,9.8,Local Road,No,3060000,4400,Research-informed synthetic estimate
KHP102811,Thrissur,Kuttanellur,Semi-Urban,Independent House,4121,6,5,1,0,Semi-Furnished,0,4.5,Highway Access,No,29360000,5500,Research-informed synthetic estimate
KHP102812,Kozhikode,Thondayad,Semi-Urban,Independent House,3329,6,5,23,3,Semi-Furnished,0,4.9,Main Road,No,18890000,5000,Research-informed synthetic estimate
KHP102813,Pathanamthitta,Ranni,Rural,Independent House,3249,4,3,8,2,Semi-Furnished,0,4.8,Main Road,Yes,11330000,3000,Research-informed synthetic estimate
KHP102814,Kollam,Chinnakada,Urban,Villa,1109,1,1,11,0,Unfurnished,0,4.5,Local Road,No,4420000,5000,Research-informed synthetic estimate
KHP102815,Kannur,Thottada,Semi-Urban,Villa,3876,6,5,21,2,Fully Furnished,0,2.4,Narrow Road,No,15520000,4200,Research-informed synthetic estimate
KHP102816,Thrissur,Kodungallur,Semi-Urban,Independent House,1488,2,2,27,1,Semi-Furnished,0,1.3,Local Road,No,4300000,3600,Research-informed synthetic estimate
KHP102817,Kannur,Payyannur,Semi-Urban,Villa,3388,6,5,15,0,Fully Furnished,0,0.9,Main Road,No,17270000,3900,Research-informed synthetic estimate
KHP102818,Wayanad,Panamaram,Rural,Residential Plot,1552,3,3,4,2,Unfurnished,0,7.1,Local Road,No,3050000,2900,Research-informed synthetic estimate
KHP102819,Palakkad,Mannarkkad,Rural,Villa,1033,3,3,29,1,Unfurnished,2,0.3,Local Road,No,2240000,2800,Research-informed synthetic estimate
KHP102820,Idukki,Kattappana,Semi-Urban,Residential Plot,3868,5,4,30,0,Unfurnished,0,3.9,Main Road,No,7060000,3000,Research-informed synthetic estimate
KHP102821,Kollam,Karunagappally,Semi-Urban,Independent House,4071,6,5,15,1,Unfurnished,1,2.0,Main Road,No,16010000,3800,Research-informed synthetic estimate
KHP102822,Palakkad,Ottapalam,Semi-Urban,Independent House,971,2,2,27,0,Unfurnished,1,6.7,Narrow Road,No,1930000,3200,Research-informed synthetic estimate
KHP102823,Alappuzha,Muhamma,Rural,Apartment,1798,3,3,28,1,Unfurnished,5,2.0,Local Road,Yes,4760000,4000,Research-informed synthetic estimate
KHP102824,Thrissur,Ollur,Rural,Villa,2046,3,3,3,3,Unfurnished,0,1.2,Main Road,Yes,17090000,9000,Research-informed synthetic estimate
KHP102825,Ernakulam,Vennala,Semi-Urban,Independent House,2674,4,4,15,3,Semi-Furnished,2,10.2,Main Road,Yes,21170000,7200,Research-informed synthetic estimate
KHP102826,Pathanamthitta,Mallappally,Rural,Independent House,1845,3,3,25,0,Fully Furnished,1,2.9,Narrow Road,No,4130000,3000,Research-informed synthetic estimate
KHP102827,Kollam,Paravur,Rural,Independent House,2534,3,3,4,1,Unfurnished,1,1.8,Local Road,Yes,7600000,3600,Research-informed synthetic estimate
KHP102828,Kottayam,Changanassery,Rural,Villa,1009,2,2,2,3,Unfurnished,1,1.9,Narrow Road,No,3180000,4300,Research-informed synthetic estimate
KHP102829,Alappuzha,Kayamkulam,Rural,Independent House,3231,5,5,4,3,Semi-Furnished,2,1.7,Local Road,No,10440000,3600,Research-informed synthetic estimate
KHP102830,Idukki,Adimali,Semi-Urban,Independent House,955,3,3,25,0,Semi-Furnished,2,6.9,Main Road,No,2450000,3000,Research-informed synthetic estimate
KHP102831,Kasaragod,Nileshwar,Semi-Urban,Independent House,3239,5,5,13,1,Semi-Furnished,2,0.5,Main Road,No,11420000,3200,Research-informed synthetic estimate
KHP102832,Kasaragod,Cheruvathur,Rural,Apartment,1301,3,3,8,2,Unfurnished,0,6.1,Main Road,No,3460000,2900,Research-informed synthetic estimate
KHP102833,Alappuzha,Alappuzha Town,Urban,Independent House,2581,5,5,11,3,Unfurnished,1,6.5,Main Road,No,16000000,6000,Research-informed synthetic estimate
KHP102834,Kollam,Kottarakkara,Semi-Urban,Independent House,1186,1,1,27,0,Fully Furnished,1,13.1,Highway Access,Yes,3450000,3400,Research-informed synthetic estimate
KHP102835,Kasaragod,Bekal,Semi-Urban,Apartment,2579,4,4,21,2,Semi-Furnished,4,3.9,Main Road,Yes,11910000,4200,Research-informed synthetic estimate
KHP102836,Kollam,Asramam,Rural,Residential Plot,664,1,1,17,2,Semi-Furnished,2,2.6,Local Road,No,2070000,5200,Research-informed synthetic estimate
KHP102837,Kollam,Kavanad,Semi-Urban,Apartment,1660,2,2,2,1,Semi-Furnished,4,12.6,Narrow Road,No,7030000,5000,Research-informed synthetic estimate
KHP102838,Kottayam,Kanjirappally,Rural,Apartment,4063,6,5,21,1,Fully Furnished,0,2.6,Main Road,Yes,14550000,3000,Research-informed synthetic estimate
KHP102839,Wayanad,Panamaram,Rural,Residential Plot,4019,6,5,6,1,Unfurnished,2,3.3,Narrow Road,No,7970000,2900,Research-informed synthetic estimate
KHP102840,Kasaragod,Cheruvathur,Rural,Apartment,4175,6,5,13,2,Fully Furnished,2,4.6,Highway Access,No,16390000,2900,Research-informed synthetic estimate
KHP102841,Thiruvananthapuram,Technopark,Semi-Urban,Independent House,1945,2,2,29,1,Semi-Furnished,1,4.6,Local Road,No,10010000,7000,Research-informed synthetic estimate
KHP102842,Kannur,Chala,Semi-Urban,Apartment,1573,2,2,27,3,Semi-Furnished,5,3.3,Local Road,No,3980000,3600,Research-informed synthetic estimate
KHP102843,Kozhikode,Karaparamba,Semi-Urban,Villa,3841,5,5,5,1,Semi-Furnished,1,10.5,Narrow Road,No,15740000,4000,Research-informed synthetic estimate
KHP102844,Kozhikode,Thondayad,Rural,Independent House,1612,3,3,15,1,Fully Furnished,0,18.0,Local Road,No,5360000,5000,Research-informed synthetic estimate
KHP102845,Pathanamthitta,Adoor,Semi-Urban,Residential Plot,3882,5,5,6,1,Semi-Furnished,1,5.9,Narrow Road,No,13710000,3900,Research-informed synthetic estimate
KHP102846,Kottayam,Kottayam Town,Urban,Apartment,2589,5,5,19,3,Semi-Furnished,2,6.7,Narrow Road,No,13390000,5200,Research-informed synthetic estimate
KHP102847,Ernakulam,Kalamassery,Rural,Apartment,2275,3,3,27,0,Unfurnished,6,3.6,Main Road,No,9400000,6000,Research-informed synthetic estimate
KHP102848,Kasaragod,Uppala,Semi-Urban,Independent House,3195,6,5,12,0,Fully Furnished,1,4.5,Main Road,No,11330000,3000,Research-informed synthetic estimate
KHP102849,Kozhikode,Cyberpark,Rural,Independent House,1217,3,3,18,0,Semi-Furnished,2,6.3,Local Road,Yes,4290000,5000,Research-informed synthetic estimate
KHP102850,Alappuzha,Cherthala,Rural,Independent House,2592,5,5,21,0,Unfurnished,1,3.9,Local Road,Yes,8900000,4700,Research-informed synthetic estimate
KHP102851,Kollam,Paravur,Semi-Urban,Residential Plot,3709,6,5,29,1,Fully Furnished,0,2.0,Local Road,Yes,12130000,3600,Research-informed synthetic estimate
KHP102852,Kottayam,Manarcadu,Semi-Urban,Villa,3848,6,5,27,1,Semi-Furnished,2,1.0,Main Road,No,15010000,3600,Research-informed synthetic estimate
KHP102853,Kottayam,Changanassery,Semi-Urban,Apartment,2486,3,3,0,2,Unfurnished,1,6.4,Main Road,Yes,12070000,4300,Research-informed synthetic estimate
KHP102854,Kozhikode,Vellayil,Semi-Urban,Independent House,1221,2,2,26,0,Unfurnished,0,5.1,Main Road,Yes,7020000,7100,Research-informed synthetic estimate
KHP102855,Alappuzha,Chengannur,Rural,Apartment,4041,6,5,16,0,Unfurnished,4,2.9,Highway Access,No,19540000,4300,Research-informed synthetic estimate
KHP102856,Kottayam,Kumarakom,Semi-Urban,Apartment,3939,6,5,1,3,Semi-Furnished,7,4.6,Main Road,No,37120000,6500,Research-informed synthetic estimate
KHP102857,Kottayam,Manarcadu,Semi-Urban,Independent House,2546,3,3,25,3,Semi-Furnished,1,2.3,Narrow Road,No,7330000,3600,Research-informed synthetic estimate
KHP102858,Ernakulam,Chottanikkara,Semi-Urban,Residential Plot,3783,6,5,25,1,Semi-Furnished,2,10.1,Main Road,No,14010000,4200,Research-informed synthetic estimate
KHP102859,Pathanamthitta,Pandalam,Semi-Urban,Apartment,3046,5,5,8,2,Fully Furnished,6,5.2,Narrow Road,Yes,11580000,3400,Research-informed synthetic estimate
KHP102860,Pathanamthitta,Ranni,Rural,Apartment,2660,4,4,7,1,Semi-Furnished,3,2.1,Local Road,Yes,8480000,3000,Research-informed synthetic estimate
KHP102861,Idukki,Munnar,Rural,Villa,2234,3,3,12,2,Semi-Furnished,2,13.6,Main Road,No,15860000,6500,Research-informed synthetic estimate
KHP102862,Alappuzha,Alappuzha Beach,Rural,Independent House,1692,4,4,8,1,Semi-Furnished,2,1.5,Highway Access,No,11460000,6800,Research-informed synthetic estimate
KHP102863,Kasaragod,Cheruvathur,Rural,Villa,3076,4,4,15,0,Unfurnished,0,5.7,Main Road,Yes,9570000,2900,Research-informed synthetic estimate
KHP102864,Palakkad,Chittur,Semi-Urban,Apartment,3028,4,4,24,0,Fully Furnished,3,1.0,Local Road,No,8600000,2900,Research-informed synthetic estimate
KHP102865,Palakkad,Ottapalam,Semi-Urban,Villa,2881,5,4,24,2,Unfurnished,0,7.3,Narrow Road,Yes,7850000,3200,Research-informed synthetic estimate
KHP102866,Wayanad,Ambalavayal,Semi-Urban,Residential Plot,3869,6,5,24,0,Fully Furnished,0,3.9,Highway Access,No,9830000,3200,Research-informed synthetic estimate
KHP102867,Pathanamthitta,Pathanamthitta Town,Rural,Apartment,793,1,1,7,1,Fully Furnished,1,3.7,Highway Access,No,3050000,3800,Research-informed synthetic estimate
KHP102868,Palakkad,Mannarkkad,Rural,Residential Plot,2673,5,5,20,0,Semi-Furnished,1,3.1,Local Road,No,4750000,2800,Research-informed synthetic estimate
KHP102869,Pathanamthitta,Mallappally,Semi-Urban,Independent House,2310,5,5,15,0,Semi-Furnished,0,1.8,Narrow Road,No,6060000,3000,Research-informed synthetic estimate
KHP102870,Kollam,Chathannoor,Semi-Urban,Residential Plot,1128,1,1,20,2,Fully Furnished,0,5.1,Local Road,No,3090000,3200,Research-informed synthetic estimate
KHP102871,Thrissur,Chalakudy,Rural,Independent House,3875,6,5,30,3,Fully Furnished,0,3.5,Highway Access,No,15460000,3900,Research-informed synthetic estimate
KHP102872,Kasaragod,Kasaragod Town,Urban,Independent House,1392,1,1,4,1,Unfurnished,2,1.6,Local Road,No,4240000,3600,Research-informed synthetic estimate
KHP102873,Ernakulam,Maradu,Semi-Urban,Independent House,3245,5,5,9,0,Semi-Furnished,1,7.6,Local Road,Yes,20830000,7300,Research-informed synthetic estimate
KHP102874,Kannur,Chala,Semi-Urban,Independent House,2479,4,4,9,1,Unfurnished,0,2.0,Local Road,Yes,8470000,3600,Research-informed synthetic estimate
KHP102875,Pathanamthitta,Pathanamthitta Town,Semi-Urban,Apartment,1819,3,3,9,2,Fully Furnished,1,6.6,Main Road,No,7790000,3800,Research-informed synthetic estimate
KHP102876,Kollam,Kottarakkara,Rural,Apartment,2977,3,3,0,0,Semi-Furnished,1,0.3,Narrow Road,No,8440000,3400,Research-informed synthetic estimate
KHP102877,Kozhikode,Cyberpark,Semi-Urban,Villa,1151,1,1,29,3,Fully Furnished,2,2.3,Narrow Road,No,4930000,5000,Research-informed synthetic estimate
KHP102878,Kollam,Kollam Town,Urban,Independent House,1447,3,3,22,1,Fully Furnished,2,1.8,Main Road,No,8120000,4800,Research-informed synthetic estimate
KHP102879,Ernakulam,Pukkattupady,Rural,Independent House,2339,4,4,10,0,Semi-Furnished,1,2.6,Main Road,No,9640000,4700,Research-informed synthetic estimate
KHP102880,Wayanad,Vythiri,Rural,Apartment,3198,6,5,21,1,Semi-Furnished,5,3.8,Local Road,No,14700000,4700,Research-informed synthetic estimate
KHP102881,Kozhikode,Ramanattukara,Semi-Urban,Independent House,2486,2,2,27,0,Semi-Furnished,1,3.4,Local Road,No,7510000,3900,Research-informed synthetic estimate
KHP102882,Kannur,Iritty,Rural,Apartment,1926,3,3,30,1,Semi-Furnished,1,3.5,Main Road,No,4180000,2800,Research-informed synthetic estimate
KHP102883,Malappuram,Nilambur,Semi-Urban,Apartment,2060,3,3,19,1,Unfurnished,1,9.0,Highway Access,No,6430000,3300,Research-informed synthetic estimate
KHP102884,Kannur,Payyannur,Semi-Urban,Independent House,3163,5,5,21,0,Fully Furnished,2,1.8,Local Road,No,10980000,3900,Research-informed synthetic estimate
KHP102885,Kollam,Karunagappally,Semi-Urban,Villa,1166,2,2,11,1,Semi-Furnished,1,8.2,Local Road,No,3860000,3800,Research-informed synthetic estimate
KHP102886,Kannur,Taliparamba,Semi-Urban,Apartment,4197,6,5,29,0,Semi-Furnished,5,3.6,Main Road,No,13200000,3500,Research-informed synthetic estimate
KHP102887,Wayanad,Ambalavayal,Semi-Urban,Apartment,2805,5,5,30,1,Fully Furnished,6,1.1,Narrow Road,No,8180000,3200,Research-informed synthetic estimate
KHP102888,Ernakulam,Muvattupuzha,Rural,Independent House,1098,3,3,9,0,Semi-Furnished,1,0.8,Main Road,Yes,4010000,3700,Research-informed synthetic estimate
KHP102889,Kollam,Chinnakada,Urban,Villa,1749,3,2,15,0,Unfurnished,2,5.7,Local Road,Yes,8820000,5000,Research-informed synthetic estimate
KHP102890,Thiruvananthapuram,Vazhuthacaud,Urban,Villa,3958,6,5,28,2,Semi-Furnished,2,0.9,Local Road,Yes,38620000,7800,Research-informed synthetic estimate
KHP102891,Thrissur,Kuttanellur,Semi-Urban,Independent House,2733,5,5,3,3,Fully Furnished,2,3.7,Main Road,No,19400000,5500,Research-informed synthetic estimate
KHP102892,Kollam,Karunagappally,Semi-Urban,Independent House,3640,6,5,16,1,Unfurnished,0,3.6,Highway Access,Yes,15370000,3800,Research-informed synthetic estimate
KHP102893,Kozhikode,Government Medical College,Urban,Independent House,2516,3,2,22,0,Fully Furnished,0,2.6,Narrow Road,Yes,22430000,9300,Research-informed synthetic estimate
KHP102894,Wayanad,Sulthan Bathery,Semi-Urban,Independent House,1176,2,2,7,2,Fully Furnished,2,6.3,Local Road,No,4750000,3900,Research-informed synthetic estimate
KHP102895,Wayanad,Kalpetta,Semi-Urban,Independent House,2300,3,3,9,0,Unfurnished,2,5.7,Main Road,No,8500000,4300,Research-informed synthetic estimate
KHP102896,Pathanamthitta,Adoor,Semi-Urban,Independent House,1659,3,3,9,1,Semi-Furnished,1,7.9,Narrow Road,No,5420000,3900,Research-informed synthetic estimate
KHP102897,Alappuzha,Alappuzha Beach,Rural,Independent House,3071,5,5,16,2,Fully Furnished,1,3.3,Highway Access,No,24940000,6800,Research-informed synthetic estimate
KHP102898,Thiruvananthapuram,Kazhakkoottam,Rural,Apartment,1750,2,2,15,0,Fully Furnished,2,9.4,Narrow Road,No,8850000,6800,Research-informed synthetic estimate
KHP102899,Idukki,Kattappana,Rural,Independent House,1357,2,2,6,0,Semi-Furnished,1,1.4,Main Road,Yes,3860000,3000,Research-informed synthetic estimate
KHP102900,Idukki,Adimali,Semi-Urban,Independent House,2357,4,4,29,1,Semi-Furnished,1,3.1,Narrow Road,No,5210000,3000,Research-informed synthetic estimate
KHP102901,Kollam,Punalur,Rural,Residential Plot,1274,3,3,25,2,Unfurnished,1,4.3,Highway Access,Yes,2580000,3000,Research-informed synthetic estimate
KHP102902,Idukki,Thodupuzha,Rural,Independent House,1288,3,3,1,1,Semi-Furnished,0,4.8,Highway Access,No,4590000,3900,Research-informed synthetic estimate
KHP102903,Kannur,Thalassery,Rural,Residential Plot,3426,5,5,12,0,Unfurnished,2,0.7,Local Road,Yes,10090000,4300,Research-informed synthetic estimate
KHP102904,Kasaragod,Nileshwar,Semi-Urban,Independent House,2087,3,3,3,1,Semi-Furnished,1,2.7,Local Road,No,6670000,3200,Research-informed synthetic estimate
KHP102905,Idukki,Munnar,Semi-Urban,Villa,1085,1,1,19,1,Semi-Furnished,0,4.8,Local Road,Yes,6750000,6500,Research-informed synthetic estimate
KHP102906,Malappuram,Kottakkal,Semi-Urban,Villa,2694,4,4,20,0,Semi-Furnished,0,3.8,Narrow Road,Yes,10780000,4400,Research-informed synthetic estimate
KHP102907,Kottayam,Ettumanoor,Semi-Urban,Residential Plot,2674,5,5,25,1,Semi-Furnished,1,5.3,Local Road,No,7120000,3900,Research-informed synthetic estimate
KHP102908,Wayanad,Kalpetta,Semi-Urban,Apartment,1566,3,2,1,0,Semi-Furnished,6,4.9,Local Road,No,6600000,4300,Research-informed synthetic estimate
KHP102909,Pathanamthitta,Adoor,Semi-Urban,Independent House,3357,6,5,7,1,Semi-Furnished,2,5.9,Narrow Road,No,12210000,3900,Research-informed synthetic estimate
KHP102910,Pathanamthitta,Adoor,Semi-Urban,Independent House,2018,3,2,23,2,Semi-Furnished,1,5.3,Main Road,No,6990000,3900,Research-informed synthetic estimate
KHP102911,Idukki,Adimali,Rural,Independent House,1739,3,3,1,2,Semi-Furnished,1,1.2,Main Road,No,4690000,3000,Research-informed synthetic estimate
KHP102912,Pathanamthitta,Pandalam,Semi-Urban,Independent House,3547,6,5,12,2,Fully Furnished,1,7.1,Highway Access,Yes,14460000,3400,Research-informed synthetic estimate
KHP102913,Kasaragod,Kasaragod Town,Urban,Independent House,870,1,1,27,2,Semi-Furnished,2,0.3,Narrow Road,No,2220000,3600,Research-informed synthetic estimate
KHP102914,Wayanad,Ambalavayal,Rural,Villa,995,2,2,6,2,Unfurnished,2,6.5,Narrow Road,No,2520000,3200,Research-informed synthetic estimate
KHP102915,Malappuram,Perinthalmanna,Semi-Urban,Independent House,3837,6,5,16,3,Semi-Furnished,2,4.2,Highway Access,Yes,22770000,4500,Research-informed synthetic estimate
KHP102916,Kasaragod,Cheruvathur,Rural,Independent House,2853,4,4,5,0,Semi-Furnished,1,0.8,Local Road,Yes,7900000,2900,Research-informed synthetic estimate
KHP102917,Malappuram,Kondotty,Rural,Independent House,4039,6,5,3,0,Semi-Furnished,2,1.3,Highway Access,No,20510000,4300,Research-informed synthetic estimate
KHP102918,Kannur,Taliparamba,Rural,Villa,2546,3,3,27,0,Semi-Furnished,0,6.1,Local Road,No,5600000,3500,Research-informed synthetic estimate
KHP102919,Kottayam,Kanjirappally,Rural,Independent House,2276,3,3,27,1,Fully Furnished,2,14.2,Main Road,Yes,5320000,3000,Research-informed synthetic estimate
KHP102920,Palakkad,Pattambi,Rural,Residential Plot,1507,2,2,14,1,Unfurnished,2,8.2,Local Road,No,2610000,3000,Research-informed synthetic estimate
KHP102921,Kozhikode,Mavoor Road,Urban,Independent House,2429,3,3,8,2,Unfurnished,1,2.1,Main Road,No,16510000,6400,Research-informed synthetic estimate
KHP102922,Kottayam,Kumarakom,Semi-Urban,Independent House,3402,4,4,14,1,Semi-Furnished,1,7.3,Local Road,No,18940000,6500,Research-informed synthetic estimate
KHP102923,Wayanad,Sulthan Bathery,Rural,Villa,1921,2,2,19,1,Semi-Furnished,2,8.4,Narrow Road,No,5550000,3900,Research-informed synthetic estimate
KHP102924,Pathanamthitta,Mallappally,Semi-Urban,Apartment,3651,6,5,17,1,Unfurnished,2,3.9,Highway Access,No,11830000,3000,Research-informed synthetic estimate
KHP102925,Thiruvananthapuram,Pattom,Urban,Villa,1819,3,3,7,0,Semi-Furnished,0,2.0,Narrow Road,No,12780000,7200,Research-informed synthetic estimate
KHP102926,Ernakulam,Thrippunithura,Rural,Villa,1375,1,1,5,0,Semi-Furnished,0,1.3,Main Road,No,8170000,6000,Research-informed synthetic estimate
KHP102927,Pathanamthitta,Pandalam,Semi-Urban,Independent House,2459,3,3,4,1,Unfurnished,0,3.5,Local Road,No,7660000,3400,Research-informed synthetic estimate
KHP102928,Wayanad,Ambalavayal,Semi-Urban,Independent House,1351,2,2,12,0,Semi-Furnished,2,5.6,Main Road,No,3730000,3200,Research-informed synthetic estimate
KHP102929,Palakkad,Alathur,Rural,Independent House,1277,3,3,27,1,Unfurnished,0,3.5,Narrow Road,No,2020000,2900,Research-informed synthetic estimate
KHP102930,Pathanamthitta,Ranni,Rural,Residential Plot,991,2,2,11,0,Semi-Furnished,0,4.6,Highway Access,Yes,2480000,3000,Research-informed synthetic estimate
KHP102931,Palakkad,Ottapalam,Semi-Urban,Villa,711,2,1,12,3,Semi-Furnished,1,1.9,Main Road,No,2320000,3200,Research-informed synthetic estimate
KHP102932,Kottayam,Kanjirappally,Rural,Independent House,1791,4,3,24,1,Unfurnished,1,1.8,Narrow Road,No,3350000,3000,Research-informed synthetic estimate
KHP102933,Kasaragod,Bekal,Semi-Urban,Villa,1588,2,1,9,1,Unfurnished,1,2.0,Highway Access,Yes,8220000,4200,Research-informed synthetic estimate
KHP102934,Thrissur,Punkunnam,Semi-Urban,Apartment,3813,6,5,30,1,Unfurnished,3,9.2,Highway Access,No,18160000,5500,Research-informed synthetic estimate
KHP102935,Kottayam,Vaikom,Semi-Urban,Independent House,3618,5,5,26,0,Unfurnished,0,8.1,Narrow Road,No,8630000,3500,Research-informed synthetic estimate
KHP102936,Ernakulam,Pukkattupady,Semi-Urban,Apartment,2090,3,3,27,3,Unfurnished,0,3.8,Main Road,No,7550000,4700,Research-informed synthetic estimate
KHP102937,Malappuram,Nilambur,Rural,Villa,3157,6,5,18,0,Semi-Furnished,1,1.2,Main Road,No,9910000,3300,Research-informed synthetic estimate
KHP102938,Idukki,Kattappana,Semi-Urban,Villa,1247,2,2,29,1,Fully Furnished,1,4.9,Main Road,Yes,3730000,3000,Research-informed synthetic estimate
KHP102939,Idukki,Nedumkandam,Rural,Villa,3743,6,5,11,0,Unfurnished,0,4.7,Narrow Road,Yes,10870000,2700,Research-informed synthetic estimate
KHP102940,Thiruvananthapuram,Kowdiar,Urban,Independent House,3469,4,4,30,1,Semi-Furnished,2,9.4,Local Road,Yes,26110000,9000,Research-informed synthetic estimate
KHP102941,Kottayam,Pala,Rural,Independent House,1720,2,2,12,2,Semi-Furnished,2,6.9,Main Road,Yes,6520000,4200,Research-informed synthetic estimate
KHP102942,Malappuram,Tirur,Semi-Urban,Apartment,1997,3,3,30,0,Semi-Furnished,2,2.2,Local Road,No,6590000,4200,Research-informed synthetic estimate
KHP102943,Idukki,Thodupuzha,Semi-Urban,Apartment,2702,4,4,30,3,Semi-Furnished,4,7.8,Local Road,No,9070000,3900,Research-informed synthetic estimate
KHP102944,Kannur,Chala,Semi-Urban,Apartment,2909,4,4,6,0,Semi-Furnished,3,4.3,Main Road,No,11310000,3600,Research-informed synthetic estimate
KHP102945,Kannur,Taliparamba,Semi-Urban,Independent House,3494,5,5,22,3,Unfurnished,1,1.7,Highway Access,Yes,14330000,3500,Research-informed synthetic estimate
KHP102946,Ernakulam,Kalamassery,Semi-Urban,Villa,1878,3,3,0,1,Unfurnished,0,12.1,Narrow Road,No,10180000,6000,Research-informed synthetic estimate
KHP102947,Kottayam,Vaikom,Rural,Independent House,3211,5,5,5,1,Unfurnished,1,4.0,Local Road,No,10560000,3500,Research-informed synthetic estimate
KHP102948,Palakkad,Mannarkkad,Rural,Villa,3059,5,5,8,0,Fully Furnished,2,5.1,Narrow Road,No,8530000,2800,Research-informed synthetic estimate
KHP102949,Kollam,Kottarakkara,Semi-Urban,Independent House,3349,5,5,9,2,Semi-Furnished,2,3.3,Main Road,No,12950000,3400,Research-informed synthetic estimate
KHP102950,Pathanamthitta,Pandalam,Semi-Urban,Independent House,1484,3,3,27,1,Semi-Furnished,0,3.1,Narrow Road,No,3620000,3400,Research-informed synthetic estimate
KHP102951,Kozhikode,Government Medical College,Urban,Independent House,1454,2,2,10,1,Fully Furnished,1,2.1,Local Road,Yes,16490000,9300,Research-informed synthetic estimate
KHP102952,Kasaragod,Kanhangad,Rural,Residential Plot,2263,3,3,28,3,Semi-Furnished,1,1.5,Local Road,Yes,6160000,3500,Research-informed synthetic estimate
KHP102953,Kozhikode,West Hill,Semi-Urban,Residential Plot,2665,3,3,8,0,Semi-Furnished,0,1.5,Highway Access,No,9830000,4200,Research-informed synthetic estimate
KHP102954,Malappuram,Kottakkal,Semi-Urban,Apartment,950,2,1,7,1,Semi-Furnished,1,3.8,Main Road,No,4680000,4400,Research-informed synthetic estimate
KHP102955,Kottayam,Kottayam Town,Urban,Villa,3410,6,5,18,1,Fully Furnished,0,3.3,Local Road,No,22450000,5200,Research-informed synthetic estimate
KHP102956,Thrissur,Irinjalakuda,Rural,Independent House,1224,2,2,11,2,Semi-Furnished,1,8.2,Local Road,No,3220000,3400,Research-informed synthetic estimate
KHP102957,Alappuzha,Chengannur,Semi-Urban,Residential Plot,883,1,1,8,1,Unfurnished,1,14.3,Main Road,No,2720000,4300,Research-informed synthetic estimate
KHP102958,Alappuzha,Alappuzha Town,Urban,Apartment,3080,4,3,13,1,Semi-Furnished,6,8.6,Highway Access,Yes,23520000,6000,Research-informed synthetic estimate
KHP102959,Kozhikode,Ramanattukara,Semi-Urban,Residential Plot,3204,4,4,4,3,Semi-Furnished,2,5.3,Highway Access,No,12080000,3900,Research-informed synthetic estimate
KHP102960,Kottayam,Ettumanoor,Semi-Urban,Independent House,1441,3,2,26,3,Unfurnished,0,4.1,Main Road,Yes,4540000,3900,Research-informed synthetic estimate
KHP102961,Thrissur,Ollur,Rural,Independent House,2656,5,5,27,1,Semi-Furnished,2,3.0,Main Road,Yes,21450000,9000,Research-informed synthetic estimate
KHP102962,Ernakulam,Kalamassery,Semi-Urban,Villa,3302,6,5,26,3,Semi-Furnished,0,8.4,Narrow Road,Yes,18510000,6000,Research-informed synthetic estimate
KHP102963,Idukki,Munnar,Semi-Urban,Independent House,4065,6,5,1,1,Fully Furnished,2,3.2,Narrow Road,Yes,38290000,6500,Research-informed synthetic estimate
KHP102964,Pathanamthitta,Adoor,Rural,Villa,2413,3,2,17,2,Semi-Furnished,0,3.6,Local Road,Yes,7580000,3900,Research-informed synthetic estimate
KHP102965,Alappuzha,Cherthala,Semi-Urban,Apartment,1834,3,2,8,0,Unfurnished,1,8.5,Main Road,No,9100000,4700,Research-informed synthetic estimate
KHP102966,Pathanamthitta,Pandalam,Semi-Urban,Independent House,2379,2,2,8,0,Unfurnished,1,3.6,Local Road,No,6710000,3400,Research-informed synthetic estimate
KHP102967,Palakkad,Mannarkkad,Rural,Apartment,662,1,1,7,3,Semi-Furnished,4,6.6,Local Road,Yes,1710000,2800,Research-informed synthetic estimate
KHP102968,Idukki,Thodupuzha,Semi-Urban,Independent House,968,2,1,17,0,Unfurnished,2,1.9,Highway Access,No,3490000,3900,Research-informed synthetic estimate
KHP102969,Ernakulam,Palarivattom,Urban,Residential Plot,2692,4,4,0,2,Fully Furnished,1,5.5,Main Road,Yes,28710000,7500,Research-informed synthetic estimate
KHP102970,Ernakulam,Pallikkara,Semi-Urban,Apartment,2133,3,2,25,0,Unfurnished,0,6.1,Local Road,No,7610000,4600,Research-informed synthetic estimate
KHP102971,Kasaragod,Bekal,Semi-Urban,Apartment,3331,6,5,0,0,Semi-Furnished,7,13.8,Main Road,Yes,16920000,4200,Research-informed synthetic estimate
KHP102972,Kozhikode,West Hill,Semi-Urban,Independent House,2874,5,5,14,0,Unfurnished,2,3.3,Main Road,No,12050000,4200,Research-informed synthetic estimate
KHP102973,Kozhikode,Chevayur,Semi-Urban,Apartment,861,2,2,22,0,Unfurnished,0,8.5,Narrow Road,No,2810000,4700,Research-informed synthetic estimate
KHP102974,Kasaragod,Cheruvathur,Rural,Independent House,2187,3,3,18,2,Fully Furnished,1,11.3,Local Road,No,4710000,2900,Research-informed synthetic estimate
KHP102975,Pathanamthitta,Adoor,Semi-Urban,Villa,3098,5,5,10,1,Unfurnished,0,1.0,Main Road,No,13070000,3900,Research-informed synthetic estimate
KHP102976,Kollam,Kavanad,Semi-Urban,Independent House,1871,3,3,6,1,Semi-Furnished,1,3.3,Narrow Road,No,7640000,5000,Research-informed synthetic estimate
KHP102977,Kottayam,Changanassery,Semi-Urban,Residential Plot,3709,6,5,30,1,Fully Furnished,0,8.1,Main Road,No,13030000,4300,Research-informed synthetic estimate
KHP102978,Wayanad,Meppadi,Semi-Urban,Independent House,3736,6,5,23,1,Fully Furnished,1,5.6,Narrow Road,No,10820000,3300,Research-informed synthetic estimate
KHP102979,Idukki,Munnar,Semi-Urban,Apartment,3595,5,4,19,1,Semi-Furnished,6,3.7,Narrow Road,No,22400000,6500,Research-informed synthetic estimate
KHP102980,Thrissur,Punkunnam,Semi-Urban,Independent House,2690,4,4,8,2,Semi-Furnished,0,3.1,Main Road,No,16110000,5500,Research-informed synthetic estimate
KHP102981,Kannur,Thottada,Semi-Urban,Independent House,1976,3,2,23,2,Fully Furnished,2,7.0,Narrow Road,No,6940000,4200,Research-informed synthetic estimate
KHP102982,Wayanad,Ambalavayal,Rural,Villa,2374,4,4,21,3,Unfurnished,1,1.7,Local Road,No,5950000,3200,Research-informed synthetic estimate
KHP102983,Kottayam,Changanassery,Semi-Urban,Villa,847,2,2,5,0,Unfurnished,1,4.5,Local Road,Yes,3380000,4300,Research-informed synthetic estimate
KHP102984,Palakkad,Alathur,Rural,Independent House,1313,3,2,8,0,Semi-Furnished,1,2.0,Narrow Road,Yes,3220000,2900,Research-informed synthetic estimate
KHP102985,Kottayam,Changanassery,Semi-Urban,Villa,3124,3,3,13,0,Fully Furnished,0,3.4,Local Road,No,13670000,4300,Research-informed synthetic estimate
KHP102986,Kottayam,Kanjirappally,Rural,Villa,757,1,1,27,1,Fully Furnished,0,1.0,Local Road,No,1770000,3000,Research-informed synthetic estimate
KHP102987,Kollam,Chathannoor,Semi-Urban,Independent House,813,2,1,24,1,Unfurnished,2,4.5,Main Road,No,2040000,3200,Research-informed synthetic estimate
KHP102988,Wayanad,Panamaram,Rural,Independent House,1576,3,3,30,1,Semi-Furnished,2,3.4,Main Road,No,3290000,2900,Research-informed synthetic estimate
KHP102989,Thrissur,Irinjalakuda,Semi-Urban,Apartment,2651,3,3,8,2,Unfurnished,1,4.3,Main Road,No,9280000,3400,Research-informed synthetic estimate
KHP102990,Palakkad,Pattambi,Semi-Urban,Villa,3243,6,5,19,0,Semi-Furnished,1,3.3,Main Road,Yes,11550000,3000,Research-informed synthetic estimate
KHP102991,Kozhikode,Chevarambalam,Semi-Urban,Villa,1732,3,2,23,1,Fully Furnished,0,4.7,Local Road,Yes,12330000,6300,Research-informed synthetic estimate
KHP102992,Kozhikode,Nellikode,Semi-Urban,Residential Plot,3269,6,5,10,1,Semi-Furnished,1,3.9,Local Road,Yes,13820000,4500,Research-informed synthetic estimate
KHP102993,Malappuram,Tirur,Semi-Urban,Independent House,2845,5,5,21,1,Unfurnished,1,2.2,Main Road,Yes,12720000,4200,Research-informed synthetic estimate
KHP102994,Thiruvananthapuram,Technopark,Rural,Independent House,692,1,1,25,1,Semi-Furnished,0,16.4,Narrow Road,No,2600000,7000,Research-informed synthetic estimate
KHP102995,Idukki,Thodupuzha,Semi-Urban,Independent House,1516,4,4,21,0,Fully Furnished,1,3.3,Local Road,No,6190000,3900,Research-informed synthetic estimate
KHP102996,Alappuzha,Ambalappuzha,Semi-Urban,Residential Plot,911,1,1,8,1,Semi-Furnished,1,11.5,Main Road,No,2010000,3400,Research-informed synthetic estimate
KHP102997,Kozhikode,Chevarambalam,Semi-Urban,Independent House,846,2,2,2,0,Semi-Furnished,0,6.5,Local Road,No,5250000,6300,Research-informed synthetic estimate
KHP102998,Kottayam,Kumarakom,Semi-Urban,Independent House,3118,5,5,22,2,Semi-Furnished,0,8.0,Local Road,No,20480000,6500,Research-informed synthetic estimate
KHP102999,Kottayam,Kanjirappally,Rural,Independent House,1179,2,1,7,1,Semi-Furnished,0,1.6,Local Road,No,3220000,3000,Research-informed synthetic estimate
KHP103000,Palakkad,Alathur,Rural,Independent House,3582,4,4,23,2,Fully Furnished,0,2.7,Main Road,No,10270000,2900,Research-informed synthetic estimate
KHP103001,Kottayam,Kumarakom,Semi-Urban,Independent House,1690,3,3,4,3,Fully Furnished,1,2.6,Main Road,No,14160000,6500,Research-informed synthetic estimate
KHP103002,Kozhikode,Puthiyangadi,Rural,Independent House,3634,5,5,4,2,Unfurnished,0,2.7,Narrow Road,No,26110000,7900,Research-informed synthetic estimate
KHP103003,Thrissur,Guruvayur,Semi-Urban,Independent House,3876,6,5,4,1,Fully Furnished,2,18.0,Narrow Road,No,14280000,3700,Research-informed synthetic estimate
KHP103004,Malappuram,Parappanangadi,Semi-Urban,Independent House,2317,3,3,15,1,Unfurnished,0,4.6,Local Road,No,7380000,3600,Research-informed synthetic estimate
KHP103005,Kottayam,Ettumanoor,Rural,Villa,3804,5,5,15,1,Unfurnished,2,5.9,Highway Access,No,16900000,3900,Research-informed synthetic estimate
KHP103006,Thiruvananthapuram,Attingal,Semi-Urban,Apartment,1772,2,2,25,1,Unfurnished,2,3.7,Narrow Road,Yes,5030000,3900,Research-informed synthetic estimate
KHP103007,Malappuram,Malappuram Town,Urban,Villa,1867,2,2,16,2,Semi-Furnished,0,1.1,Highway Access,Yes,11970000,4400,Research-informed synthetic estimate
KHP103008,Thrissur,Ollur,Semi-Urban,Villa,3410,5,5,10,0,Fully Furnished,2,3.9,Local Road,No,33790000,9000,Research-informed synthetic estimate
KHP103009,Idukki,Kumily,Semi-Urban,Villa,1891,3,3,10,1,Semi-Furnished,1,4.9,Highway Access,No,7380000,3400,Research-informed synthetic estimate
KHP103010,Palakkad,Shoranur,Semi-Urban,Independent House,1095,3,2,27,0,Semi-Furnished,1,3.6,Narrow Road,No,2600000,3100,Research-informed synthetic estimate
KHP103011,Kasaragod,Nileshwar,Semi-Urban,Apartment,3022,6,5,22,1,Unfurnished,7,1.9,Highway Access,Yes,9830000,3200,Research-informed synthetic estimate
KHP103012,Kozhikode,Pantheerankavu,Semi-Urban,Apartment,1602,2,2,2,3,Unfurnished,0,18.0,Local Road,No,11230000,8500,Research-informed synthetic estimate
KHP103013,Thrissur,Muthuvattoor,Rural,Villa,1910,5,5,0,2,Semi-Furnished,1,4.7,Main Road,No,7310000,3500,Research-informed synthetic estimate
KHP103014,Thiruvananthapuram,Kazhakoottam,Semi-Urban,Apartment,3863,5,5,20,1,Semi-Furnished,5,9.4,Local Road,No,21950000,6800,Research-informed synthetic estimate
KHP103015,Kasaragod,Bekal,Semi-Urban,Apartment,2229,3,3,14,0,Semi-Furnished,6,2.7,Local Road,No,8610000,4200,Research-informed synthetic estimate
KHP103016,Kozhikode,Chevarambalam,Semi-Urban,Villa,2564,3,3,4,3,Semi-Furnished,1,1.0,Narrow Road,Yes,18280000,6300,Research-informed synthetic estimate
KHP103017,Wayanad,Vythiri,Rural,Villa,3483,6,5,22,1,Semi-Furnished,2,7.4,Main Road,Yes,19050000,4700,Research-informed synthetic estimate
KHP103018,Malappuram,Tirur,Semi-Urban,Villa,2387,3,3,14,3,Unfurnished,0,4.9,Main Road,No,9340000,4200,Research-informed synthetic estimate
KHP103019,Kollam,Kavanad,Semi-Urban,Villa,1648,2,2,12,1,Semi-Furnished,2,3.5,Local Road,No,7840000,5000,Research-informed synthetic estimate
KHP103020,Idukki,Kumily,Semi-Urban,Apartment,833,2,2,3,0,Semi-Furnished,0,5.1,Narrow Road,No,2390000,3400,Research-informed synthetic estimate
KHP103021,Thrissur,Mannuthy,Semi-Urban,Apartment,1220,2,1,8,1,Unfurnished,0,3.2,Highway Access,Yes,5370000,4000,Research-informed synthetic estimate
KHP103022,Kannur,Thalassery,Semi-Urban,Independent House,3021,5,5,17,3,Semi-Furnished,1,5.9,Local Road,No,13080000,4300,Research-informed synthetic estimate
KHP103023,Kasaragod,Hosdurg,Semi-Urban,Villa,2130,3,2,6,2,Semi-Furnished,0,3.9,Narrow Road,Yes,7290000,3300,Research-informed synthetic estimate
KHP103024,Wayanad,Mananthavady,Rural,Apartment,986,2,2,17,3,Unfurnished,0,1.0,Highway Access,No,3240000,3400,Research-informed synthetic estimate
KHP103025,Kollam,Kottarakkara,Semi-Urban,Villa,1842,3,2,26,0,Fully Furnished,2,5.0,Main Road,No,6640000,3400,Research-informed synthetic estimate
KHP103026,Kasaragod,Bekal,Rural,Independent House,1044,1,1,25,1,Semi-Furnished,0,3.2,Narrow Road,No,2910000,4200,Research-informed synthetic estimate
KHP103027,Kannur,Iritty,Rural,Villa,1314,3,3,16,3,Semi-Furnished,2,8.3,Narrow Road,No,2680000,2800,Research-informed synthetic estimate
KHP103028,Kasaragod,Manjeshwar,Semi-Urban,Apartment,1975,3,3,7,2,Semi-Furnished,7,8.0,Local Road,No,6880000,3400,Research-informed synthetic estimate
KHP103029,Kannur,Payyannur,Semi-Urban,Independent House,3143,3,3,4,2,Semi-Furnished,1,6.8,Highway Access,Yes,15260000,3900,Research-informed synthetic estimate
KHP103030,Kottayam,Manarcadu,Semi-Urban,Independent House,3916,6,5,9,0,Unfurnished,1,3.1,Main Road,No,14090000,3600,Research-informed synthetic estimate
KHP103031,Malappuram,Manjeri,Semi-Urban,Villa,879,1,1,22,3,Unfurnished,1,18.0,Narrow Road,Yes,2330000,4300,Research-informed synthetic estimate
KHP103032,Idukki,Adimali,Semi-Urban,Independent House,1637,2,2,3,0,Semi-Furnished,0,5.2,Main Road,No,5100000,3000,Research-informed synthetic estimate
KHP103033,Kannur,Taliparamba,Semi-Urban,Villa,2548,5,5,10,2,Semi-Furnished,1,5.4,Highway Access,No,10980000,3500,Research-informed synthetic estimate
KHP103034,Wayanad,Panamaram,Rural,Residential Plot,3208,4,3,28,2,Unfurnished,2,3.1,Main Road,Yes,6980000,2900,Research-informed synthetic estimate
KHP103035,Alappuzha,Kayamkulam,Rural,Villa,2291,3,3,30,1,Semi-Furnished,0,6.2,Main Road,No,6070000,3600,Research-informed synthetic estimate
KHP103036,Thiruvananthapuram,Neyyattinkara,Semi-Urban,Apartment,2585,5,5,17,0,Fully Furnished,3,4.7,Local Road,No,11340000,4200,Research-informed synthetic estimate
KHP103037,Pathanamthitta,Pathanamthitta Town,Semi-Urban,Independent House,2774,4,4,6,2,Semi-Furnished,1,2.8,Local Road,No,12140000,3800,Research-informed synthetic estimate
KHP103038,Malappuram,Kottakkal,Semi-Urban,Apartment,1854,2,2,20,0,Semi-Furnished,2,5.0,Narrow Road,No,6680000,4400,Research-informed synthetic estimate
KHP103039,Thrissur,Chalakudy,Rural,Independent House,3959,5,5,13,2,Fully Furnished,0,9.4,Main Road,Yes,15370000,3900,Research-informed synthetic estimate
KHP103040,Kasaragod,Cheruvathur,Rural,Villa,2619,4,4,4,1,Fully Furnished,2,2.9,Local Road,Yes,7840000,2900,Research-informed synthetic estimate
KHP103041,Pathanamthitta,Pandalam,Semi-Urban,Independent House,2657,3,3,9,1,Unfurnished,0,2.4,Local Road,Yes,8300000,3400,Research-informed synthetic estimate
KHP103042,Malappuram,Malappuram Town,Urban,Apartment,3089,4,4,17,2,Unfurnished,1,8.1,Narrow Road,No,12610000,4400,Research-informed synthetic estimate
KHP103043,Kollam,Paravur,Semi-Urban,Independent House,1103,2,2,10,1,Unfurnished,1,6.7,Main Road,No,3320000,3600,Research-informed synthetic estimate
KHP103044,Kozhikode,Feroke,Semi-Urban,Independent House,3122,4,4,7,0,Semi-Furnished,1,2.0,Local Road,No,12010000,3700,Research-informed synthetic estimate
KHP103045,Thiruvananthapuram,Nedumangad,Rural,Villa,3706,6,5,13,1,Semi-Furnished,0,9.1,Local Road,No,13550000,3600,Research-informed synthetic estimate
KHP103046,Malappuram,Ponnani,Semi-Urban,Villa,984,1,1,4,2,Fully Furnished,2,4.5,Local Road,Yes,4050000,3500,Research-informed synthetic estimate
KHP103047,Pathanamthitta,Pandalam,Semi-Urban,Apartment,3502,6,5,17,1,Unfurnished,6,2.1,Local Road,No,10520000,3400,Research-informed synthetic estimate
KHP103048,Ernakulam,Pallikkara,Semi-Urban,Independent House,2982,6,5,21,0,Semi-Furnished,2,5.7,Local Road,Yes,13350000,4600,Research-informed synthetic estimate
KHP103049,Idukki,Adimali,Semi-Urban,Villa,2583,5,5,5,0,Unfurnished,0,6.1,Local Road,Yes,8710000,3000,Research-informed synthetic estimate
KHP103050,Wayanad,Panamaram,Rural,Independent House,3078,4,4,7,2,Unfurnished,1,4.3,Local Road,No,8820000,2900,Research-informed synthetic estimate
KHP103051,Palakkad,Ottapalam,Semi-Urban,Apartment,3479,5,4,2,2,Semi-Furnished,6,4.2,Main Road,No,13140000,3200,Research-informed synthetic estimate
KHP103052,Kasaragod,Nileshwar,Rural,Independent House,3440,5,5,7,3,Semi-Furnished,0,6.3,Main Road,Yes,12510000,3200,Research-informed synthetic estimate
KHP103053,Thrissur,Mannuthy,Semi-Urban,Independent House,3133,3,3,7,0,Semi-Furnished,0,7.1,Main Road,Yes,13080000,4000,Research-informed synthetic estimate
KHP103054,Kottayam,Pala,Semi-Urban,Apartment,1180,2,2,20,1,Unfurnished,5,14.8,Highway Access,No,4030000,4200,Research-informed synthetic estimate
KHP103055,Thiruvananthapuram,Neyyattinkara,Semi-Urban,Independent House,3039,4,4,29,0,Unfurnished,0,1.6,Local Road,No,9140000,4200,Research-informed synthetic estimate
KHP103056,Alappuzha,Alappuzha Town,Urban,Residential Plot,1317,1,1,9,2,Unfurnished,1,4.9,Main Road,No,6350000,6000,Research-informed synthetic estimate
KHP103057,Thiruvananthapuram,Peroorkada,Semi-Urban,Independent House,2421,4,4,22,1,Fully Furnished,2,3.5,Main Road,No,13390000,5900,Research-informed synthetic estimate
KHP103058,Malappuram,Kottakkal,Rural,Villa,4088,6,5,24,1,Semi-Furnished,0,11.1,Narrow Road,No,14280000,4400,Research-informed synthetic estimate
KHP103059,Kozhikode,Karaparamba,Semi-Urban,Apartment,2690,4,4,29,0,Unfurnished,7,1.2,Local Road,No,8280000,4000,Research-informed synthetic estimate
KHP103060,Kozhikode,Chevarambalam,Semi-Urban,Apartment,687,1,1,25,1,Semi-Furnished,1,2.0,Narrow Road,No,3130000,6300,Research-informed synthetic estimate
KHP103061,Kollam,Kavanad,Rural,Independent House,943,1,1,11,2,Semi-Furnished,0,3.3,Local Road,No,3290000,5000,Research-informed synthetic estimate
KHP103062,Pathanamthitta,Konni,Rural,Villa,2377,4,4,26,3,Semi-Furnished,2,5.8,Highway Access,No,7790000,2900,Research-informed synthetic estimate
KHP103063,Thiruvananthapuram,Kazhakkoottam,Semi-Urban,Independent House,3468,6,5,9,2,Semi-Furnished,1,0.7,Narrow Road,Yes,26210000,6800,Research-informed synthetic estimate
KHP103064,Kasaragod,Nileshwar,Semi-Urban,Villa,1738,2,2,14,1,Semi-Furnished,1,2.7,Local Road,Yes,5200000,3200,Research-informed synthetic estimate
KHP103065,Pathanamthitta,Pathanamthitta Town,Semi-Urban,Villa,1042,1,1,11,1,Fully Furnished,1,2.2,Narrow Road,Yes,3660000,3800,Research-informed synthetic estimate
KHP103066,Thrissur,Koorkenchery,Semi-Urban,Independent House,990,2,2,8,2,Semi-Furnished,0,7.3,Local Road,No,5600000,6500,Research-informed synthetic estimate
KHP103067,Palakkad,Pattambi,Rural,Independent House,3886,6,5,16,0,Unfurnished,1,7.7,Local Road,No,9640000,3000,Research-informed synthetic estimate
KHP103068,Kasaragod,Hosdurg,Semi-Urban,Independent House,945,1,1,20,1,Unfurnished,1,3.2,Local Road,No,2300000,3300,Research-informed synthetic estimate
KHP103069,Kannur,Kannur Town,Urban,Independent House,2502,3,3,27,1,Unfurnished,1,4.1,Local Road,No,8570000,4500,Research-informed synthetic estimate
KHP103070,Alappuzha,Alappuzha Beach,Rural,Independent House,3612,6,5,14,1,Semi-Furnished,1,2.6,Narrow Road,No,21610000,6800,Research-informed synthetic estimate
KHP103071,Kozhikode,Palazhi,Semi-Urban,Independent House,4010,6,5,3,1,Semi-Furnished,1,2.9,Narrow Road,No,33560000,8600,Research-informed synthetic estimate
KHP103072,Kottayam,Manarcadu,Semi-Urban,Apartment,4098,6,5,2,0,Unfurnished,3,1.8,Local Road,Yes,13900000,3600,Research-informed synthetic estimate
KHP103073,Alappuzha,Kayamkulam,Semi-Urban,Independent House,3640,6,5,27,0,Unfurnished,0,3.9,Narrow Road,No,9530000,3600,Research-informed synthetic estimate
KHP103074,Wayanad,Meppadi,Semi-Urban,Villa,2349,3,3,15,0,Semi-Furnished,2,2.0,Highway Access,No,9200000,3300,Research-informed synthetic estimate
KHP103075,Kottayam,Kanjirappally,Rural,Independent House,974,1,1,1,1,Unfurnished,0,3.8,Main Road,No,2320000,3000,Research-informed synthetic estimate
KHP103076,Idukki,Kattappana,Rural,Apartment,964,1,1,23,0,Unfurnished,7,5.8,Local Road,No,1810000,3000,Research-informed synthetic estimate
KHP103077,Wayanad,Ambalavayal,Semi-Urban,Apartment,983,3,3,25,0,Fully Furnished,6,6.8,Local Road,No,2820000,3200,Research-informed synthetic estimate
KHP103078,Kozhikode,Government Medical College,Urban,Independent House,1106,2,2,12,0,Fully Furnished,0,5.4,Main Road,Yes,12720000,9300,Research-informed synthetic estimate
KHP103079,Ernakulam,Kizhakkambalam,Semi-Urban,Independent House,684,1,1,25,3,Fully Furnished,2,9.5,Narrow Road,No,2140000,4700,Research-informed synthetic estimate
KHP103080,Palakkad,Mannarkkad,Rural,Residential Plot,2809,3,3,23,1,Semi-Furnished,0,4.6,Narrow Road,No,4160000,2800,Research-informed synthetic estimate
KHP103081,Alappuzha,Ambalappuzha,Semi-Urban,Apartment,1059,2,2,12,1,Unfurnished,2,3.8,Local Road,No,3140000,3400,Research-informed synthetic estimate
KHP103082,Malappuram,Kottakkal,Rural,Apartment,2402,3,2,21,0,Semi-Furnished,7,2.3,Narrow Road,No,7420000,4400,Research-informed synthetic estimate
KHP103083,Thrissur,Koorkenchery,Semi-Urban,Independent House,815,2,2,8,2,Unfurnished,0,8.2,Main Road,No,4380000,6500,Research-informed synthetic estimate
KHP103084,Malappuram,Ponnani,Semi-Urban,Residential Plot,2338,3,3,28,2,Unfurnished,2,14.9,Local Road,No,4980000,3500,Research-informed synthetic estimate
KHP103085,Malappuram,Tirur,Semi-Urban,Residential Plot,1234,3,3,15,0,Fully Furnished,0,7.5,Local Road,Yes,3940000,4200,Research-informed synthetic estimate
KHP103086,Kottayam,Ettumanoor,Semi-Urban,Apartment,1460,3,3,1,0,Semi-Furnished,1,6.3,Local Road,No,5120000,3900,Research-informed synthetic estimate
KHP103087,Kasaragod,Uppala,Rural,Independent House,3983,6,5,25,0,Semi-Furnished,0,5.8,Main Road,Yes,11140000,3000,Research-informed synthetic estimate
KHP103088,Kannur,Thalassery,Semi-Urban,Independent House,1062,2,2,25,2,Unfurnished,1,1.9,Main Road,No,3740000,4300,Research-informed synthetic estimate
KHP103089,Thiruvananthapuram,Nedumangad,Semi-Urban,Apartment,1274,1,1,8,1,Unfurnished,7,5.3,Main Road,No,4310000,3600,Research-informed synthetic estimate
KHP103090,Wayanad,Mananthavady,Rural,Independent House,1350,2,1,20,2,Semi-Furnished,2,4.6,Highway Access,No,3900000,3400,Research-informed synthetic estimate
KHP103091,Kozhikode,Government Medical College,Urban,Villa,3548,5,4,14,1,Semi-Furnished,2,13.3,Main Road,No,35070000,9300,Research-informed synthetic estimate
KHP103092,Palakkad,Alathur,Rural,Independent House,673,1,1,27,3,Semi-Furnished,0,2.1,Local Road,No,1400000,2900,Research-informed synthetic estimate
KHP103093,Kasaragod,Kasaragod Town,Urban,Apartment,1281,2,2,19,1,Unfurnished,0,8.7,Local Road,No,4010000,3600,Research-informed synthetic estimate
KHP103094,Kasaragod,Cheruvathur,Rural,Residential Plot,3203,5,5,0,0,Unfurnished,0,1.2,Highway Access,Yes,10380000,2900,Research-informed synthetic estimate
KHP103095,Kannur,Taliparamba,Semi-Urban,Independent House,1261,2,2,21,2,Semi-Furnished,0,7.7,Main Road,No,4020000,3500,Research-informed synthetic estimate
KHP103096,Wayanad,Kalpetta,Semi-Urban,Villa,3007,5,5,9,1,Fully Furnished,1,2.5,Narrow Road,No,13820000,4300,Research-informed synthetic estimate
KHP103097,Alappuzha,Ambalappuzha,Semi-Urban,Independent House,995,2,2,17,0,Semi-Furnished,1,12.9,Main Road,Yes,2950000,3400,Research-informed synthetic estimate
KHP103098,Kasaragod,Kasaragod Town,Urban,Independent House,1009,3,3,30,1,Semi-Furnished,0,6.0,Main Road,Yes,3430000,3600,Research-informed synthetic estimate
KHP103099,Kollam,Punalur,Semi-Urban,Independent House,801,2,2,8,3,Fully Furnished,2,5.5,Main Road,No,2560000,3000,Research-informed synthetic estimate
KHP103100,Wayanad,Mananthavady,Semi-Urban,Villa,1939,3,2,5,1,Semi-Furnished,1,0.8,Highway Access,No,8740000,3400,Research-informed synthetic estimate
KHP103101,Kottayam,Pala,Rural,Apartment,2147,4,3,14,0,Semi-Furnished,5,3.5,Local Road,No,7260000,4200,Research-informed synthetic estimate
KHP103102,Thiruvananthapuram,Technopark,Semi-Urban,Apartment,822,2,1,7,2,Fully Furnished,3,9.9,Local Road,No,5320000,7000,Research-informed synthetic estimate
KHP103103,Kollam,Chathannoor,Semi-Urban,Apartment,1232,3,3,27,0,Semi-Furnished,2,5.5,Main Road,No,3360000,3200,Research-informed synthetic estimate
KHP103104,Kannur,Sreekandapuram,Rural,Apartment,3123,5,5,21,0,Unfurnished,3,4.5,Narrow Road,Yes,6990000,2900,Research-informed synthetic estimate
KHP103105,Ernakulam,Palarivattom,Urban,Independent House,2175,2,2,21,2,Unfurnished,1,2.1,Main Road,No,14440000,7500,Research-informed synthetic estimate
KHP103106,Pathanamthitta,Pathanamthitta Town,Semi-Urban,Independent House,904,3,3,14,0,Semi-Furnished,0,4.2,Main Road,Yes,3070000,3800,Research-informed synthetic estimate
KHP103107,Ernakulam,Kaloor,Urban,Villa,3863,6,5,2,0,Unfurnished,1,6.1,Main Road,No,38010000,8200,Research-informed synthetic estimate
KHP103108,Wayanad,Vythiri,Semi-Urban,Apartment,2578,3,3,25,1,Fully Furnished,5,0.8,Main Road,No,14180000,4700,Research-informed synthetic estimate
KHP103109,Palakkad,Olavakkode,Semi-Urban,Residential Plot,3823,4,4,21,2,Semi-Furnished,1,3.2,Main Road,No,14800000,4100,Research-informed synthetic estimate
KHP103110,Wayanad,Panamaram,Rural,Apartment,1761,3,3,5,0,Semi-Furnished,2,10.5,Main Road,No,5050000,2900,Research-informed synthetic estimate
KHP103111,Alappuzha,Muhamma,Semi-Urban,Independent House,1574,3,3,10,2,Fully Furnished,0,1.5,Main Road,No,7750000,4000,Research-informed synthetic estimate
KHP103112,Kasaragod,Hosdurg,Semi-Urban,Villa,2403,4,4,8,1,Fully Furnished,1,1.6,Narrow Road,No,8440000,3300,Research-informed synthetic estimate
KHP103113,Kottayam,Kanjirappally,Rural,Villa,1370,2,1,25,1,Unfurnished,1,2.4,Main Road,Yes,3120000,3000,Research-informed synthetic estimate
KHP103114,Malappuram,Ponnani,Rural,Villa,2044,4,4,13,1,Unfurnished,2,4.0,Main Road,No,6140000,3500,Research-informed synthetic estimate
KHP103115,Kannur,Iritty,Rural,Independent House,1100,2,2,23,2,Unfurnished,2,7.3,Highway Access,No,2650000,2800,Research-informed synthetic estimate
KHP103116,Kasaragod,Manjeshwar,Semi-Urban,Independent House,3106,5,5,11,0,Semi-Furnished,0,3.3,Local Road,No,10590000,3400,Research-informed synthetic estimate
KHP103117,Palakkad,Palakkad Town,Urban,Apartment,3429,5,5,29,1,Unfurnished,3,1.4,Main Road,Yes,11340000,3900,Research-informed synthetic estimate
KHP103118,Kottayam,Kanjirappally,Rural,Villa,1776,2,2,27,0,Unfurnished,1,7.1,Narrow Road,No,3330000,3000,Research-informed synthetic estimate
KHP103119,Alappuzha,Alappuzha Beach,Semi-Urban,Residential Plot,1308,3,3,8,2,Semi-Furnished,0,3.9,Narrow Road,Yes,6490000,6800,Research-informed synthetic estimate
KHP103120,Wayanad,Vythiri,Rural,Villa,4162,6,5,10,1,Fully Furnished,2,1.1,Highway Access,No,33770000,4700,Research-informed synthetic estimate
KHP103121,Kollam,Kavanad,Semi-Urban,Independent House,950,1,1,7,1,Unfurnished,1,7.2,Highway Access,Yes,4630000,5000,Research-informed synthetic estimate
KHP103122,Ernakulam,Panampilly Nagar,Urban,Residential Plot,2608,5,5,17,1,Semi-Furnished,1,2.8,Local Road,Yes,21210000,9500,Research-informed synthetic estimate
KHP103123,Palakkad,Olavakkode,Rural,Independent House,1269,2,2,23,2,Semi-Furnished,0,1.6,Narrow Road,No,3320000,4100,Research-informed synthetic estimate
KHP103124,Idukki,Munnar,Semi-Urban,Apartment,1758,3,3,11,2,Semi-Furnished,3,9.3,Highway Access,No,14000000,6500,Research-informed synthetic estimate
KHP103125,Thrissur,Kodungallur,Semi-Urban,Independent House,3557,6,5,27,1,Semi-Furnished,1,8.8,Local Road,No,11050000,3600,Research-informed synthetic estimate
KHP103126,Idukki,Thodupuzha,Semi-Urban,Residential Plot,3692,5,4,0,2,Unfurnished,1,6.5,Main Road,Yes,16410000,3900,Research-informed synthetic estimate
KHP103127,Kasaragod,Kanhangad,Semi-Urban,Independent House,1007,2,2,29,0,Semi-Furnished,0,11.4,Local Road,Yes,2330000,3500,Research-informed synthetic estimate
KHP103128,Kollam,Karunagappally,Semi-Urban,Independent House,3702,5,5,29,0,Fully Furnished,1,3.3,Local Road,No,12210000,3800,Research-informed synthetic estimate
KHP103129,Idukki,Kattappana,Rural,Residential Plot,3637,4,4,14,1,Fully Furnished,2,9.2,Narrow Road,No,7340000,3000,Research-informed synthetic estimate
KHP103130,Malappuram,Kottakkal,Semi-Urban,Independent House,3578,6,5,17,1,Unfurnished,2,2.0,Main Road,No,15210000,4400,Research-informed synthetic estimate
KHP103131,Pathanamthitta,Adoor,Semi-Urban,Independent House,2764,4,4,4,2,Semi-Furnished,2,1.0,Main Road,Yes,12950000,3900,Research-informed synthetic estimate
KHP103132,Kollam,Punalur,Rural,Independent House,2074,4,4,16,3,Semi-Furnished,2,0.5,Main Road,No,5800000,3000,Research-informed synthetic estimate
KHP103133,Thrissur,Guruvayur,Semi-Urban,Independent House,2078,3,3,26,3,Unfurnished,1,7.5,Main Road,No,6820000,3700,Research-informed synthetic estimate
KHP103134,Thiruvananthapuram,Pattom,Urban,Villa,693,3,3,3,0,Unfurnished,2,5.7,Main Road,No,5900000,7200,Research-informed synthetic estimate
KHP103135,Pathanamthitta,Mallappally,Rural,Apartment,1547,2,2,7,0,Semi-Furnished,3,2.2,Local Road,No,3400000,3000,Research-informed synthetic estimate
KHP103136,Pathanamthitta,Adoor,Semi-Urban,Independent House,2649,4,4,27,0,Unfurnished,0,4.0,Narrow Road,No,6370000,3900,Research-informed synthetic estimate
KHP103137,Kozhikode,Cyberpark,Rural,Villa,2294,4,4,27,3,Fully Furnished,0,3.0,Narrow Road,Yes,8570000,5000,Research-informed synthetic estimate
KHP103138,Thiruvananthapuram,Pattom,Urban,Independent House,3604,5,5,28,2,Unfurnished,2,1.8,Local Road,Yes,23680000,7200,Research-informed synthetic estimate
KHP103139,Malappuram,Tirur,Semi-Urban,Apartment,825,1,1,15,2,Semi-Furnished,7,6.7,Local Road,No,3000000,4200,Research-informed synthetic estimate
KHP103140,Wayanad,Sulthan Bathery,Rural,Independent House,1649,2,2,0,0,Semi-Furnished,0,5.7,Local Road,Yes,6050000,3900,Research-informed synthetic estimate
KHP103141,Kottayam,Kanjirappally,Rural,Apartment,689,1,1,11,1,Unfurnished,5,1.5,Highway Access,Yes,2070000,3000,Research-informed synthetic estimate
KHP103142,Kannur,Thalassery,Rural,Independent House,3373,6,5,4,1,Unfurnished,2,9.8,Local Road,Yes,14080000,4300,Research-informed synthetic estimate
KHP103143,Kasaragod,Nileshwar,Semi-Urban,Independent House,1942,2,2,14,2,Fully Furnished,0,3.6,Local Road,No,6170000,3200,Research-informed synthetic estimate
KHP103144,Kasaragod,Manjeshwar,Semi-Urban,Independent House,2084,2,2,17,1,Semi-Furnished,0,18.0,Main Road,Yes,5360000,3400,Research-informed synthetic estimate
KHP103145,Thrissur,Koorkenchery,Semi-Urban,Apartment,3964,6,5,28,1,Unfurnished,0,5.6,Local Road,Yes,22700000,6500,Research-informed synthetic estimate
KHP103146,Thrissur,Kunnamkulam,Semi-Urban,Villa,3247,5,5,28,1,Semi-Furnished,1,18.0,Highway Access,Yes,11900000,3500,Research-informed synthetic estimate
KHP103147,Palakkad,Shoranur,Semi-Urban,Independent House,2619,3,3,22,3,Fully Furnished,0,4.3,Local Road,No,7100000,3100,Research-informed synthetic estimate
KHP103148,Palakkad,Chittur,Semi-Urban,Independent House,1796,4,4,21,0,Semi-Furnished,1,3.7,Local Road,Yes,5390000,2900,Research-informed synthetic estimate
KHP103149,Kottayam,Kanjirappally,Rural,Residential Plot,939,1,1,16,1,Semi-Furnished,2,8.8,Local Road,No,1450000,3000,Research-informed synthetic estimate
KHP103150,Kasaragod,Kanhangad,Rural,Villa,3600,6,5,12,0,Semi-Furnished,1,5.0,Narrow Road,No,11970000,3500,Research-informed synthetic estimate
KHP103151,Pathanamthitta,Adoor,Semi-Urban,Independent House,1263,3,3,9,0,Unfurnished,0,0.9,Local Road,No,4400000,3900,Research-informed synthetic estimate
KHP103152,Kannur,Thalassery,Rural,Apartment,901,2,2,8,3,Unfurnished,3,12.1,Main Road,No,3120000,4300,Research-informed synthetic estimate
KHP103153,Ernakulam,Pallikkara,Rural,Villa,2013,3,3,10,1,Fully Furnished,1,5.5,Local Road,No,8800000,4600,Research-informed synthetic estimate
KHP103154,Thrissur,Muthuvattoor,Semi-Urban,Apartment,1295,2,2,28,0,Fully Furnished,2,4.0,Local Road,No,3640000,3500,Research-informed synthetic estimate
KHP103155,Kottayam,Manarcadu,Rural,Residential Plot,4132,6,5,26,1,Semi-Furnished,1,5.0,Narrow Road,Yes,8910000,3600,Research-informed synthetic estimate
KHP103156,Palakkad,Alathur,Rural,Apartment,3705,6,5,0,0,Unfurnished,7,4.6,Main Road,No,11690000,2900,Research-informed synthetic estimate
KHP103157,Thiruvananthapuram,Pattom,Urban,Independent House,2816,4,4,9,3,Unfurnished,1,3.6,Highway Access,Yes,25150000,7200,Research-informed synthetic estimate
KHP103158,Kottayam,Kumarakom,Rural,Residential Plot,1223,2,2,0,0,Semi-Furnished,2,7.0,Main Road,No,6820000,6500,Research-informed synthetic estimate
KHP103159,Kollam,Kavanad,Semi-Urban,Independent House,1871,3,3,23,1,Semi-Furnished,0,4.8,Main Road,Yes,9160000,5000,Research-informed synthetic estimate
KHP103160,Thrissur,Kuttanellur,Semi-Urban,Independent House,2158,4,3,13,1,Semi-Furnished,0,3.2,Local Road,No,11700000,5500,Research-informed synthetic estimate
KHP103161,Pathanamthitta,Pandalam,Semi-Urban,Apartment,2577,3,3,23,1,Fully Furnished,3,5.1,Narrow Road,No,7610000,3400,Research-informed synthetic estimate
KHP103162,Kannur,Iritty,Rural,Independent House,1117,2,2,27,1,Semi-Furnished,1,3.0,Local Road,No,2000000,2800,Research-informed synthetic estimate
KHP103163,Kozhikode,Feroke,Rural,Apartment,821,2,2,2,1,Unfurnished,6,7.5,Narrow Road,Yes,2010000,3700,Research-informed synthetic estimate
KHP103164,Idukki,Painavu,Rural,Villa,3171,4,4,6,1,Unfurnished,2,3.7,Highway Access,No,8800000,2600,Research-informed synthetic estimate
KHP103165,Kannur,Kannur Town,Urban,Apartment,1162,1,1,24,1,Semi-Furnished,5,3.3,Local Road,No,4560000,4500,Research-informed synthetic estimate
KHP103166,Thiruvananthapuram,Nedumangad,Semi-Urban,Independent House,3115,5,4,11,1,Fully Furnished,1,4.3,Local Road,No,10700000,3600,Research-informed synthetic estimate
KHP103167,Ernakulam,Kaloor,Urban,Independent House,2586,4,4,22,1,Semi-Furnished,0,8.1,Highway Access,No,22490000,8200,Research-informed synthetic estimate
KHP103168,Kasaragod,Uppala,Semi-Urban,Villa,1079,2,2,29,3,Unfurnished,2,5.0,Local Road,No,2680000,3000,Research-informed synthetic estimate
KHP103169,Alappuzha,Muhamma,Rural,Apartment,3217,5,5,28,3,Unfurnished,4,1.6,Main Road,Yes,10890000,4000,Research-informed synthetic estimate
KHP103170,Wayanad,Panamaram,Rural,Villa,2323,4,4,10,0,Unfurnished,1,0.8,Local Road,No,6380000,2900,Research-informed synthetic estimate
KHP103171,Palakkad,Mannarkkad,Rural,Residential Plot,1115,1,1,16,1,Unfurnished,1,3.0,Main Road,Yes,2430000,2800,Research-informed synthetic estimate
KHP103172,Kollam,Karunagappally,Semi-Urban,Apartment,4093,5,4,16,1,Fully Furnished,5,1.5,Local Road,No,17790000,3800,Research-informed synthetic estimate
KHP103173,Kollam,Kottarakkara,Rural,Independent House,3405,5,5,20,0,Fully Furnished,2,2.9,Main Road,No,12180000,3400,Research-informed synthetic estimate
KHP103174,Idukki,Kattappana,Semi-Urban,Independent House,1583,3,3,28,2,Fully Furnished,2,3.3,Narrow Road,Yes,4160000,3000,Research-informed synthetic estimate
KHP103175,Kottayam,Kumarakom,Rural,Apartment,4105,6,5,4,0,Semi-Furnished,6,1.9,Local Road,No,26980000,6500,Research-informed synthetic estimate
KHP103176,Wayanad,Kalpetta,Semi-Urban,Apartment,2790,5,5,24,1,Unfurnished,1,6.8,Highway Access,No,13030000,4300,Research-informed synthetic estimate
KHP103177,Kozhikode,West Hill,Semi-Urban,Independent House,2569,3,3,16,3,Semi-Furnished,2,6.1,Local Road,No,8870000,4200,Research-informed synthetic estimate
KHP103178,Palakkad,Mannarkkad,Rural,Residential Plot,988,1,1,9,2,Semi-Furnished,0,1.4,Local Road,No,1870000,2800,Research-informed synthetic estimate
KHP103179,Ernakulam,Kadavanthra,Urban,Independent House,3450,5,4,11,1,Fully Furnished,2,6.9,Local Road,Yes,37040000,9000,Research-informed synthetic estimate
KHP103180,Kasaragod,Kasaragod Town,Urban,Independent House,1890,3,3,18,1,Semi-Furnished,2,3.1,Local Road,Yes,5280000,3600,Research-informed synthetic estimate
KHP103181,Thiruvananthapuram,Sreekaryam,Semi-Urban,Residential Plot,1151,1,1,23,1,Fully Furnished,0,5.2,Main Road,No,5760000,6200,Research-informed synthetic estimate
KHP103182,Palakkad,Alathur,Rural,Independent House,1087,1,1,12,1,Unfurnished,1,5.1,Narrow Road,Yes,1970000,2900,Research-informed synthetic estimate
KHP103183,Kozhikode,Ramanattukara,Semi-Urban,Independent House,3831,6,5,30,2,Semi-Furnished,1,2.9,Main Road,No,13950000,3900,Research-informed synthetic estimate
KHP103184,Kasaragod,Cheruvathur,Rural,Villa,2495,4,4,17,0,Semi-Furnished,2,1.3,Local Road,No,6310000,2900,Research-informed synthetic estimate
KHP103185,Thiruvananthapuram,Attingal,Semi-Urban,Apartment,2388,5,4,19,3,Semi-Furnished,0,7.6,Main Road,No,9580000,3900,Research-informed synthetic estimate
KHP103186,Alappuzha,Chengannur,Semi-Urban,Independent House,1193,2,2,30,0,Semi-Furnished,2,17.0,Main Road,No,3590000,4300,Research-informed synthetic estimate
KHP103187,Kottayam,Kottayam Town,Urban,Independent House,854,2,2,11,0,Unfurnished,2,3.5,Local Road,Yes,3860000,5200,Research-informed synthetic estimate
KHP103188,Alappuzha,Muhamma,Semi-Urban,Apartment,1316,1,1,23,0,Unfurnished,1,6.6,Highway Access,No,4520000,4000,Research-informed synthetic estimate
KHP103189,Kottayam,Vaikom,Rural,Villa,4001,6,5,27,0,Unfurnished,1,6.5,Local Road,No,11520000,3500,Research-informed synthetic estimate
KHP103190,Alappuzha,Cherthala,Semi-Urban,Residential Plot,1923,4,4,8,1,Semi-Furnished,0,4.3,Main Road,Yes,10000000,4700,Research-informed synthetic estimate
KHP103191,Kozhikode,West Hill,Semi-Urban,Independent House,3425,4,3,11,1,Semi-Furnished,2,1.0,Local Road,No,12560000,4200,Research-informed synthetic estimate
KHP103192,Kottayam,Pala,Semi-Urban,Apartment,3324,5,5,5,1,Semi-Furnished,4,1.8,Highway Access,No,19290000,4200,Research-informed synthetic estimate
KHP103193,Palakkad,Palakkad Town,Urban,Independent House,4154,5,4,13,1,Semi-Furnished,2,3.2,Main Road,Yes,19460000,3900,Research-informed synthetic estimate
KHP103194,Kollam,Paravur,Rural,Villa,1993,3,3,9,2,Semi-Furnished,2,2.2,Narrow Road,Yes,6190000,3600,Research-informed synthetic estimate
KHP103195,Malappuram,Parappanangadi,Semi-Urban,Apartment,710,2,2,6,0,Unfurnished,7,3.1,Main Road,No,2580000,3600,Research-informed synthetic estimate
KHP103196,Ernakulam,Kakkanad,Semi-Urban,Independent House,2476,4,3,2,2,Unfurnished,2,1.5,Local Road,No,15510000,6500,Research-informed synthetic estimate
KHP103197,Thiruvananthapuram,Technopark,Semi-Urban,Independent House,3390,5,5,26,1,Unfurnished,0,9.2,Local Road,Yes,19430000,7000,Research-informed synthetic estimate
KHP103198,Ernakulam,Panampilly Nagar,Urban,Independent House,3049,5,5,6,1,Fully Furnished,1,0.8,Main Road,No,44840000,9500,Research-informed synthetic estimate
KHP103199,Idukki,Nedumkandam,Rural,Apartment,1218,2,2,0,0,Unfurnished,6,11.1,Narrow Road,No,2610000,2700,Research-informed synthetic estimate
KHP103200,Pathanamthitta,Ranni,Rural,Residential Plot,1375,3,3,1,1,Semi-Furnished,0,3.9,Main Road,No,3330000,3000,Research-informed synthetic estimate
KHP103201,Thrissur,Ayyanthole,Semi-Urban,Villa,1589,2,2,27,0,Semi-Furnished,0,2.7,Narrow Road,Yes,6130000,5000,Research-informed synthetic estimate
KHP103202,Malappuram,Tirur,Rural,Independent House,2864,5,5,16,3,Semi-Furnished,1,0.6,Local Road,Yes,10090000,4200,Research-informed synthetic estimate
KHP103203,Pathanamthitta,Thiruvalla,Semi-Urban,Independent House,1325,1,1,1,3,Unfurnished,1,2.4,Main Road,No,5990000,4700,Research-informed synthetic estimate
KHP103204,Kollam,Karunagappally,Rural,Independent House,3510,4,4,9,1,Fully Furnished,1,6.2,Narrow Road,No,12320000,3800,Research-informed synthetic estimate
KHP103205,Thiruvananthapuram,Sreekaryam,Rural,Independent House,713,2,2,11,2,Semi-Furnished,2,1.0,Main Road,No,3960000,6200,Research-informed synthetic estimate
KHP103206,Kozhikode,Ramanattukara,Semi-Urban,Residential Plot,2230,3,3,3,1,Semi-Furnished,1,6.0,Main Road,No,8060000,3900,Research-informed synthetic estimate
KHP103207,Thiruvananthapuram,Vazhuthacaud,Urban,Independent House,2949,3,3,20,1,Semi-Furnished,1,0.5,Main Road,No,20980000,7800,Research-informed synthetic estimate
KHP103208,Wayanad,Meppadi,Semi-Urban,Apartment,1346,2,1,10,2,Semi-Furnished,7,5.9,Local Road,No,4280000,3300,Research-informed synthetic estimate
KHP103209,Kottayam,Kanjirappally,Rural,Independent House,1685,2,2,21,1,Fully Furnished,0,1.8,Local Road,No,3730000,3000,Research-informed synthetic estimate
KHP103210,Thiruvananthapuram,Technopark,Semi-Urban,Apartment,4159,6,5,17,1,Unfurnished,3,18.0,Main Road,No,27300000,7000,Research-informed synthetic estimate
KHP103211,Kollam,Chinnakada,Urban,Independent House,1978,3,3,1,1,Semi-Furnished,0,1.0,Main Road,Yes,12840000,5000,Research-informed synthetic estimate
KHP103212,Kannur,Thalassery,Rural,Independent House,2002,3,3,30,3,Unfurnished,0,7.9,Main Road,No,5020000,4300,Research-informed synthetic estimate
KHP103213,Kozhikode,Thondayad,Semi-Urban,Apartment,1079,2,2,0,1,Semi-Furnished,3,2.9,Main Road,No,6180000,5000,Research-informed synthetic estimate
KHP103214,Thiruvananthapuram,Nedumangad,Semi-Urban,Apartment,2952,3,3,29,0,Semi-Furnished,1,8.4,Local Road,No,8660000,3600,Research-informed synthetic estimate
KHP103215,Ernakulam,Maradu,Rural,Independent House,3304,5,5,2,2,Semi-Furnished,2,6.1,Local Road,No,21670000,7300,Research-informed synthetic estimate
KHP103216,Alappuzha,Ambalappuzha,Semi-Urban,Villa,1448,3,3,27,1,Unfurnished,0,5.7,Main Road,Yes,4250000,3400,Research-informed synthetic estimate
KHP103217,Kollam,Kottarakkara,Semi-Urban,Independent House,4140,6,5,16,1,Semi-Furnished,1,3.7,Local Road,Yes,14880000,3400,Research-informed synthetic estimate
KHP103218,Kollam,Paravur,Semi-Urban,Apartment,3146,5,5,25,1,Semi-Furnished,4,4.3,Main Road,No,11130000,3600,Research-informed synthetic estimate
KHP103219,Malappuram,Parappanangadi,Rural,Villa,998,1,1,22,1,Unfurnished,1,1.4,Local Road,No,2750000,3600,Research-informed synthetic estimate
KHP103220,Kottayam,Kottayam Town,Urban,Independent House,2638,5,5,24,1,Fully Furnished,2,2.2,Main Road,No,11660000,5200,Research-informed synthetic estimate
KHP103221,Pathanamthitta,Ranni,Rural,Independent House,1943,2,2,2,1,Unfurnished,2,5.0,Local Road,Yes,4640000,3000,Research-informed synthetic estimate
KHP103222,Wayanad,Panamaram,Rural,Independent House,2895,4,4,27,0,Unfurnished,1,0.6,Highway Access,No,7380000,2900,Research-informed synthetic estimate
KHP103223,Thrissur,Thrissur Town,Urban,Independent House,3875,6,5,5,0,Semi-Furnished,2,3.0,Main Road,No,24110000,5000,Research-informed synthetic estimate
KHP103224,Kottayam,Changanassery,Semi-Urban,Apartment,1292,2,1,8,0,Semi-Furnished,2,6.5,Main Road,No,5670000,4300,Research-informed synthetic estimate
KHP103225,Palakkad,Mannarkkad,Rural,Villa,1537,2,2,21,3,Unfurnished,0,2.3,Local Road,No,3600000,2800,Research-informed synthetic estimate
KHP103226,Thiruvananthapuram,Kazhakkoottam,Rural,Villa,1215,1,1,15,0,Fully Furnished,1,2.9,Local Road,No,7360000,6800,Research-informed synthetic estimate
KHP103227,Kannur,Kannur Town,Urban,Villa,3882,5,5,5,1,Unfurnished,2,1.8,Narrow Road,No,17760000,4500,Research-informed synthetic estimate
KHP103228,Kozhikode,Chevarambalam,Semi-Urban,Apartment,960,2,2,29,1,Unfurnished,1,11.0,Local Road,No,3970000,6300,Research-informed synthetic estimate
KHP103229,Kottayam,Kumarakom,Rural,Residential Plot,3388,5,5,1,0,Semi-Furnished,0,1.4,Highway Access,No,26790000,6500,Research-informed synthetic estimate
KHP103230,Kannur,Chala,Rural,Residential Plot,3926,6,5,27,3,Unfurnished,1,5.3,Highway Access,Yes,12290000,3600,Research-informed synthetic estimate
KHP103231,Alappuzha,Chengannur,Rural,Independent House,863,1,1,5,1,Semi-Furnished,1,3.1,Main Road,No,2920000,4300,Research-informed synthetic estimate
KHP103232,Kasaragod,Nileshwar,Semi-Urban,Apartment,3391,5,5,22,0,Unfurnished,5,1.0,Local Road,No,9840000,3200,Research-informed synthetic estimate
KHP103233,Kannur,Chala,Semi-Urban,Independent House,2187,3,3,2,0,Unfurnished,2,1.8,Narrow Road,No,7340000,3600,Research-informed synthetic estimate
KHP103234,Kozhikode,Vellayil,Semi-Urban,Apartment,1423,3,3,11,1,Semi-Furnished,4,1.5,Main Road,No,9500000,7100,Research-informed synthetic estimate
KHP103235,Idukki,Adimali,Semi-Urban,Apartment,861,2,2,5,1,Semi-Furnished,1,14.9,Main Road,No,2720000,3000,Research-informed synthetic estimate
KHP103236,Thrissur,Chalakudy,Semi-Urban,Independent House,1319,1,1,18,0,Unfurnished,0,4.2,Local Road,Yes,3930000,3900,Research-informed synthetic estimate
KHP103237,Palakkad,Mannarkkad,Rural,Independent House,1242,2,2,29,2,Unfurnished,2,8.2,Main Road,No,2240000,2800,Research-informed synthetic estimate
KHP103238,Palakkad,Alathur,Rural,Independent House,2062,3,3,2,0,Fully Furnished,0,6.6,Main Road,Yes,6850000,2900,Research-informed synthetic estimate
KHP103239,Kollam,Kollam Town,Urban,Independent House,1406,2,2,11,0,Unfurnished,0,1.3,Local Road,No,5690000,4800,Research-informed synthetic estimate
KHP103240,Malappuram,Perinthalmanna,Semi-Urban,Independent House,3629,5,5,18,0,Fully Furnished,2,4.8,Local Road,No,16480000,4500,Research-informed synthetic estimate
KHP103241,Ernakulam,Kadavanthra,Urban,Apartment,1473,2,2,11,0,Unfurnished,6,8.7,Narrow Road,No,10520000,9000,Research-informed synthetic estimate
KHP103242,Idukki,Adimali,Rural,Villa,1730,1,1,19,1,Semi-Furnished,0,6.1,Local Road,Yes,3930000,3000,Research-informed synthetic estimate
KHP103243,Alappuzha,Kayamkulam,Rural,Independent House,3900,6,5,11,0,Unfurnished,0,1.1,Local Road,No,13770000,3600,Research-informed synthetic estimate
KHP103244,Kottayam,Vaikom,Semi-Urban,Independent House,4191,6,5,28,2,Semi-Furnished,0,9.9,Highway Access,Yes,14860000,3500,Research-informed synthetic estimate
KHP103245,Kollam,Punalur,Semi-Urban,Independent House,3459,5,5,24,2,Unfurnished,2,1.6,Main Road,Yes,10930000,3000,Research-informed synthetic estimate
KHP103246,Thiruvananthapuram,Nedumangad,Semi-Urban,Villa,912,2,2,21,1,Semi-Furnished,0,5.0,Main Road,No,3000000,3600,Research-informed synthetic estimate
KHP103247,Thrissur,Kuttanellur,Semi-Urban,Apartment,2220,4,4,24,0,Unfurnished,4,4.2,Highway Access,Yes,13480000,5500,Research-informed synthetic estimate
KHP103248,Kasaragod,Nileshwar,Semi-Urban,Independent House,3159,5,5,21,1,Unfurnished,1,1.3,Main Road,No,9450000,3200,Research-informed synthetic estimate
KHP103249,Kasaragod,Cheruvathur,Rural,Residential Plot,1326,3,2,8,2,Unfurnished,2,4.9,Main Road,Yes,2480000,2900,Research-informed synthetic estimate
KHP103250,Kasaragod,Kanhangad,Semi-Urban,Villa,2634,4,4,30,1,Semi-Furnished,1,4.2,Main Road,No,8850000,3500,Research-informed synthetic estimate
KHP103251,Thiruvananthapuram,Kazhakkoottam,Rural,Residential Plot,2024,4,4,25,2,Unfurnished,2,5.5,Highway Access,No,9240000,6800,Research-informed synthetic estimate
KHP103252,Palakkad,Mannarkkad,Rural,Apartment,4123,6,5,3,2,Fully Furnished,2,3.9,Main Road,No,15690000,2800,Research-informed synthetic estimate
KHP103253,Kozhikode,Karaparamba,Semi-Urban,Independent House,3820,5,4,13,0,Semi-Furnished,2,0.9,Narrow Road,Yes,14390000,4000,Research-informed synthetic estimate
KHP103254,Pathanamthitta,Pathanamthitta Town,Semi-Urban,Independent House,830,1,1,16,0,Unfurnished,1,9.7,Local Road,Yes,2240000,3800,Research-informed synthetic estimate
KHP103255,Palakkad,Mannarkkad,Rural,Independent House,2351,3,3,2,1,Unfurnished,2,5.8,Highway Access,No,5960000,2800,Research-informed synthetic estimate
KHP103256,Kasaragod,Kasaragod Town,Urban,Apartment,3553,6,5,19,1,Semi-Furnished,6,7.4,Main Road,No,13810000,3600,Research-informed synthetic estimate
KHP103257,Thiruvananthapuram,Peroorkada,Rural,Villa,2135,4,4,26,3,Unfurnished,0,5.9,Main Road,No,8810000,5900,Research-informed synthetic estimate
KHP103258,Alappuzha,Ambalappuzha,Semi-Urban,Apartment,1349,1,1,1,0,Fully Furnished,1,6.0,Local Road,No,4740000,3400,Research-informed synthetic estimate
KHP103259,Thiruvananthapuram,Kazhakoottam,Semi-Urban,Independent House,1273,2,1,25,1,Unfurnished,2,5.3,Local Road,No,6030000,6800,Research-informed synthetic estimate
KHP103260,Malappuram,Nilambur,Semi-Urban,Independent House,2696,4,4,4,2,Unfurnished,2,2.2,Local Road,Yes,9980000,3300,Research-informed synthetic estimate
KHP103261,Palakkad,Shoranur,Semi-Urban,Villa,2820,5,5,8,1,Semi-Furnished,0,4.8,Narrow Road,No,8940000,3100,Research-informed synthetic estimate
KHP103262,Palakkad,Ottapalam,Semi-Urban,Independent House,1704,2,2,12,1,Semi-Furnished,1,9.3,Main Road,No,4360000,3200,Research-informed synthetic estimate
KHP103263,Ernakulam,Edappally,Urban,Villa,655,1,1,13,3,Unfurnished,1,1.6,Narrow Road,No,3710000,7600,Research-informed synthetic estimate
KHP103264,Kozhikode,Puthiyangadi,Semi-Urban,Independent House,1186,3,3,15,0,Semi-Furnished,1,1.0,Local Road,No,8260000,7900,Research-informed synthetic estimate
KHP103265,Thrissur,Chalakudy,Semi-Urban,Independent House,1667,3,3,3,1,Semi-Furnished,2,2.6,Main Road,Yes,6870000,3900,Research-informed synthetic estimate
KHP103266,Kollam,Paravur,Rural,Independent House,3686,5,5,14,1,Semi-Furnished,0,1.4,Main Road,No,12730000,3600,Research-informed synthetic estimate
KHP103267,Pathanamthitta,Ranni,Rural,Apartment,1140,3,3,25,1,Unfurnished,3,2.0,Narrow Road,Yes,2420000,3000,Research-informed synthetic estimate
KHP103268,Kasaragod,Cheruvathur,Rural,Villa,1270,2,2,8,3,Fully Furnished,1,2.7,Narrow Road,Yes,3320000,2900,Research-informed synthetic estimate
KHP103269,Thiruvananthapuram,Pattom,Urban,Apartment,868,1,1,16,1,Unfurnished,7,3.9,Main Road,No,5650000,7200,Research-informed synthetic estimate
KHP103270,Malappuram,Malappuram Town,Urban,Villa,3879,6,5,16,2,Fully Furnished,1,3.9,Narrow Road,No,20220000,4400,Research-informed synthetic estimate
KHP103271,Wayanad,Kalpetta,Semi-Urban,Independent House,1723,3,3,19,1,Unfurnished,0,3.3,Local Road,No,5860000,4300,Research-informed synthetic estimate
KHP103272,Thrissur,Koorkenchery,Semi-Urban,Villa,2910,5,5,27,2,Semi-Furnished,1,2.9,Main Road,No,20270000,6500,Research-informed synthetic estimate
KHP103273,Kasaragod,Bekal,Semi-Urban,Independent House,2811,4,4,21,0,Unfurnished,2,5.8,Highway Access,No,13720000,4200,Research-informed synthetic estimate
KHP103274,Alappuzha,Kayamkulam,Semi-Urban,Villa,3972,6,5,4,0,Unfurnished,0,9.5,Local Road,Yes,14990000,3600,Research-informed synthetic estimate
KHP103275,Palakkad,Olavakkode,Rural,Apartment,794,2,1,23,1,Fully Furnished,3,1.9,Highway Access,Yes,3290000,4100,Research-informed synthetic estimate
KHP103276,Kozhikode,Puthiyangadi,Semi-Urban,Independent House,3732,6,5,23,0,Unfurnished,0,10.4,Narrow Road,Yes,19150000,7900,Research-informed synthetic estimate
KHP103277,Thrissur,Chalakudy,Semi-Urban,Independent House,1563,3,3,23,2,Semi-Furnished,0,6.3,Narrow Road,No,3820000,3900,Research-informed synthetic estimate
KHP103278,Thiruvananthapuram,Attingal,Semi-Urban,Residential Plot,3127,5,5,26,2,Semi-Furnished,2,3.8,Main Road,No,10750000,3900,Research-informed synthetic estimate
KHP103279,Wayanad,Ambalavayal,Semi-Urban,Independent House,2865,5,5,25,3,Semi-Furnished,2,1.1,Main Road,No,9740000,3200,Research-informed synthetic estimate
KHP103280,Malappuram,Parappanangadi,Semi-Urban,Independent House,2868,5,5,13,1,Unfurnished,0,4.8,Local Road,No,9380000,3600,Research-informed synthetic estimate
KHP103281,Kannur,Thalassery,Semi-Urban,Apartment,3429,5,5,19,1,Fully Furnished,4,3.2,Main Road,Yes,17420000,4300,Research-informed synthetic estimate
KHP103282,Pathanamthitta,Konni,Rural,Independent House,823,1,1,8,0,Semi-Furnished,0,7.0,Main Road,Yes,1930000,2900,Research-informed synthetic estimate
KHP103283,Malappuram,Perinthalmanna,Semi-Urban,Apartment,2864,4,4,1,0,Unfurnished,2,8.4,Local Road,Yes,13600000,4500,Research-informed synthetic estimate
KHP103284,Thrissur,Naikkanal,Rural,Apartment,1490,2,2,10,2,Unfurnished,3,5.5,Narrow Road,No,5540000,5300,Research-informed synthetic estimate
KHP103285,Kannur,Chala,Semi-Urban,Apartment,3278,6,5,7,1,Fully Furnished,1,1.6,Local Road,Yes,15860000,3600,Research-informed synthetic estimate
KHP103286,Idukki,Nedumkandam,Rural,Apartment,3572,5,5,5,1,Semi-Furnished,4,5.4,Local Road,No,10680000,2700,Research-informed synthetic estimate
KHP103287,Pathanamthitta,Adoor,Semi-Urban,Independent House,2092,5,5,17,1,Semi-Furnished,1,0.3,Local Road,Yes,7610000,3900,Research-informed synthetic estimate
KHP103288,Pathanamthitta,Thiruvalla,Semi-Urban,Apartment,2689,4,4,13,1,Fully Furnished,6,1.1,Main Road,Yes,16120000,4700,Research-informed synthetic estimate
KHP103289,Palakkad,Alathur,Rural,Residential Plot,1450,2,1,22,0,Fully Furnished,1,1.6,Local Road,Yes,3160000,2900,Research-informed synthetic estimate
KHP103290,Wayanad,Sulthan Bathery,Rural,Independent House,3432,6,5,11,3,Semi-Furnished,2,6.0,Local Road,No,13210000,3900,Research-informed synthetic estimate
KHP103291,Thiruvananthapuram,Kesavadasapuram,Semi-Urban,Independent House,2830,5,5,3,0,Fully Furnished,1,12.1,Local Road,No,19770000,7000,Research-informed synthetic estimate
KHP103292,Palakkad,Ottapalam,Semi-Urban,Independent House,2936,4,4,20,2,Fully Furnished,2,1.4,Highway Access,No,11250000,3200,Research-informed synthetic estimate
KHP103293,Idukki,Adimali,Rural,Apartment,1824,3,3,21,2,Semi-Furnished,2,1.2,Main Road,No,4570000,3000,Research-informed synthetic estimate
KHP103294,Kollam,Punalur,Semi-Urban,Independent House,2695,4,4,19,0,Unfurnished,2,0.3,Narrow Road,Yes,6700000,3000,Research-informed synthetic estimate
KHP103295,Wayanad,Mananthavady,Semi-Urban,Villa,1449,1,1,25,1,Fully Furnished,0,7.2,Narrow Road,Yes,3780000,3400,Research-informed synthetic estimate
KHP103296,Kottayam,Pala,Semi-Urban,Villa,2552,5,5,6,1,Semi-Furnished,1,6.1,Local Road,No,11500000,4200,Research-informed synthetic estimate
KHP103297,Malappuram,Parappanangadi,Rural,Independent House,2453,4,4,28,0,Semi-Furnished,2,2.2,Main Road,No,6870000,3600,Research-informed synthetic estimate
KHP103298,Kollam,Kavanad,Rural,Independent House,1687,3,3,22,1,Semi-Furnished,2,2.1,Main Road,No,6360000,5000,Research-informed synthetic estimate
KHP103299,Idukki,Nedumkandam,Rural,Apartment,1709,3,3,24,1,Fully Furnished,2,10.5,Main Road,No,4210000,2700,Research-informed synthetic estimate
KHP103300,Palakkad,Ottapalam,Semi-Urban,Independent House,2424,4,4,0,1,Unfurnished,0,4.1,Main Road,No,7540000,3200,Research-informed synthetic estimate
KHP103301,Kannur,Chala,Semi-Urban,Apartment,3448,6,5,13,1,Semi-Furnished,1,1.6,Local Road,No,13460000,3600,Research-informed synthetic estimate
KHP103302,Thiruvananthapuram,Kazhakoottam,Semi-Urban,Apartment,3488,6,5,1,3,Unfurnished,3,4.4,Local Road,Yes,27590000,6800,Research-informed synthetic estimate
KHP103303,Kollam,Kavanad,Semi-Urban,Apartment,1034,2,2,16,1,Semi-Furnished,3,9.6,Highway Access,No,4660000,5000,Research-informed synthetic estimate
KHP103304,Wayanad,Vythiri,Semi-Urban,Independent House,1796,2,1,23,1,Unfurnished,1,0.9,Local Road,No,7540000,4700,Research-informed synthetic estimate
KHP103305,Alappuzha,Haripad,Rural,Villa,3165,4,3,4,2,Semi-Furnished,2,4.5,Main Road,Yes,11110000,3200,Research-informed synthetic estimate
KHP103306,Wayanad,Panamaram,Rural,Villa,3651,6,5,9,1,Unfurnished,2,6.8,Main Road,No,11520000,2900,Research-informed synthetic estimate
KHP103307,Pathanamthitta,Adoor,Rural,Residential Plot,3598,5,5,0,0,Semi-Furnished,2,6.3,Main Road,No,10420000,3900,Research-informed synthetic estimate
KHP103308,Kannur,Chala,Semi-Urban,Residential Plot,3215,5,5,27,1,Semi-Furnished,1,4.5,Main Road,No,8990000,3600,Research-informed synthetic estimate
KHP103309,Kannur,Kannur Town,Urban,Residential Plot,1649,2,1,28,2,Unfurnished,0,6.7,Local Road,Yes,4080000,4500,Research-informed synthetic estimate
KHP103310,Palakkad,Olavakkode,Semi-Urban,Independent House,3354,6,5,27,1,Semi-Furnished,0,0.5,Main Road,No,13230000,4100,Research-informed synthetic estimate
KHP103311,Kottayam,Vaikom,Semi-Urban,Apartment,1671,2,2,23,2,Semi-Furnished,7,12.9,Main Road,No,4620000,3500,Research-informed synthetic estimate
KHP103312,Kannur,Thottada,Semi-Urban,Independent House,1815,2,2,27,2,Fully Furnished,0,3.6,Main Road,Yes,6720000,4200,Research-informed synthetic estimate
KHP103313,Thrissur,Chalakudy,Semi-Urban,Apartment,1577,2,2,7,1,Unfurnished,7,5.7,Highway Access,No,6000000,3900,Research-informed synthetic estimate
KHP103314,Thrissur,Guruvayur,Rural,Apartment,3898,6,5,3,1,Fully Furnished,0,2.7,Local Road,No,19090000,3700,Research-informed synthetic estimate
KHP103315,Kollam,Paravur,Semi-Urban,Independent House,2089,3,3,17,0,Unfurnished,0,4.4,Local Road,No,5710000,3600,Research-informed synthetic estimate
KHP103316,Kasaragod,Nileshwar,Semi-Urban,Villa,3835,5,5,20,2,Semi-Furnished,0,3.9,Local Road,Yes,13090000,3200,Research-informed synthetic estimate
KHP103317,Pathanamthitta,Mallappally,Semi-Urban,Independent House,2873,4,4,26,0,Fully Furnished,1,4.3,Local Road,No,7240000,3000,Research-informed synthetic estimate
KHP103318,Kozhikode,Government Medical College,Urban,Villa,3683,5,4,10,0,Semi-Furnished,1,1.3,Main Road,No,44810000,9300,Research-informed synthetic estimate
KHP103319,Ernakulam,Kakkanad,Semi-Urban,Apartment,745,1,1,5,2,Fully Furnished,3,2.2,Highway Access,No,5780000,6500,Research-informed synthetic estimate
KHP103320,Pathanamthitta,Adoor,Semi-Urban,Villa,2262,2,2,7,1,Unfurnished,2,1.2,Narrow Road,No,8420000,3900,Research-informed synthetic estimate
KHP103321,Kottayam,Pala,Semi-Urban,Independent House,2564,5,5,19,1,Semi-Furnished,2,2.4,Narrow Road,No,9690000,4200,Research-informed synthetic estimate
KHP103322,Kottayam,Vaikom,Semi-Urban,Independent House,2328,4,4,5,1,Unfurnished,2,0.6,Local Road,Yes,7860000,3500,Research-informed synthetic estimate
KHP103323,Malappuram,Ponnani,Semi-Urban,Villa,953,1,1,8,0,Fully Furnished,2,8.4,Main Road,Yes,3560000,3500,Research-informed synthetic estimate
KHP103324,Palakkad,Palakkad Town,Urban,Apartment,1848,3,3,18,0,Semi-Furnished,7,10.2,Local Road,No,6050000,3900,Research-informed synthetic estimate
KHP103325,Alappuzha,Chengannur,Semi-Urban,Independent House,3699,5,5,15,0,Fully Furnished,1,9.1,Narrow Road,No,12980000,4300,Research-informed synthetic estimate
KHP103326,Alappuzha,Alappuzha Town,Urban,Residential Plot,2614,5,5,7,1,Semi-Furnished,2,1.3,Local Road,No,11020000,6000,Research-informed synthetic estimate
KHP103327,Kannur,Chala,Semi-Urban,Independent House,3936,5,5,15,1,Unfurnished,2,8.0,Narrow Road,No,10900000,3600,Research-informed synthetic estimate
KHP103328,Ernakulam,North Paravur,Semi-Urban,Independent House,1223,2,2,19,0,Semi-Furnished,0,3.9,Main Road,Yes,4590000,4100,Research-informed synthetic estimate
KHP103329,Kottayam,Ettumanoor,Semi-Urban,Independent House,1630,3,3,24,2,Semi-Furnished,2,4.2,Main Road,Yes,6050000,3900,Research-informed synthetic estimate
KHP103330,Kollam,Asramam,Semi-Urban,Independent House,1376,3,3,20,2,Unfurnished,0,5.2,Main Road,No,6180000,5200,Research-informed synthetic estimate
KHP103331,Kasaragod,Uppala,Rural,Residential Plot,1806,4,4,10,3,Semi-Furnished,0,12.1,Main Road,No,3990000,3000,Research-informed synthetic estimate
KHP103332,Palakkad,Alathur,Rural,Independent House,2167,2,2,24,0,Semi-Furnished,0,2.5,Local Road,No,4490000,2900,Research-informed synthetic estimate
KHP103333,Alappuzha,Ambalappuzha,Semi-Urban,Residential Plot,867,2,2,8,2,Fully Furnished,1,2.1,Highway Access,Yes,3620000,3400,Research-informed synthetic estimate
KHP103334,Idukki,Munnar,Semi-Urban,Villa,859,1,1,1,3,Semi-Furnished,2,3.6,Highway Access,No,7590000,6500,Research-informed synthetic estimate
KHP103335,Wayanad,Meppadi,Rural,Apartment,3864,6,5,24,3,Unfurnished,3,3.1,Main Road,No,12190000,3300,Research-informed synthetic estimate
KHP103336,Idukki,Painavu,Rural,Villa,2293,3,2,12,0,Semi-Furnished,1,5.7,Local Road,No,4620000,2600,Research-informed synthetic estimate
KHP103337,Idukki,Adimali,Semi-Urban,Independent House,4075,6,5,6,0,Unfurnished,2,6.3,Main Road,No,12210000,3000,Research-informed synthetic estimate
KHP103338,Ernakulam,Kizhakkambalam,Semi-Urban,Independent House,978,2,1,20,0,Unfurnished,2,3.9,Narrow Road,No,3180000,4700,Research-informed synthetic estimate
KHP103339,Kozhikode,West Hill,Semi-Urban,Villa,2881,4,4,27,1,Unfurnished,2,3.0,Main Road,No,11280000,4200,Research-informed synthetic estimate
KHP103340,Thiruvananthapuram,Attingal,Rural,Apartment,2586,4,4,2,2,Fully Furnished,3,1.1,Main Road,No,12180000,3900,Research-informed synthetic estimate
KHP103341,Alappuzha,Haripad,Semi-Urban,Apartment,1139,1,1,13,2,Semi-Furnished,6,3.3,Main Road,Yes,3580000,3200,Research-informed synthetic estimate
KHP103342,Kasaragod,Kasaragod Town,Urban,Apartment,2600,4,4,15,2,Fully Furnished,3,2.4,Local Road,No,11030000,3600,Research-informed synthetic estimate
KHP103343,Pathanamthitta,Ranni,Rural,Independent House,1153,2,1,12,1,Unfurnished,2,7.3,Local Road,No,2360000,3000,Research-informed synthetic estimate
KHP103344,Alappuzha,Alappuzha Town,Urban,Independent House,982,2,2,13,2,Semi-Furnished,0,6.3,Main Road,No,6070000,6000,Research-informed synthetic estimate
KHP103345,Kasaragod,Cheruvathur,Rural,Independent House,3869,5,5,24,3,Unfurnished,2,13.3,Main Road,Yes,10040000,2900,Research-informed synthetic estimate
KHP103346,Kottayam,Kottayam Town,Urban,Apartment,1388,1,1,4,1,Semi-Furnished,2,17.0,Local Road,No,6710000,5200,Research-informed synthetic estimate
KHP103347,Ernakulam,Palarivattom,Urban,Independent House,2740,4,4,22,3,Semi-Furnished,0,14.0,Local Road,Yes,17930000,7500,Research-informed synthetic estimate
KHP103348,Idukki,Thodupuzha,Semi-Urban,Apartment,3695,5,5,13,1,Unfurnished,0,1.7,Narrow Road,No,13500000,3900,Research-informed synthetic estimate
KHP103349,Idukki,Adimali,Rural,Villa,3074,4,4,30,2,Semi-Furnished,1,5.7,Narrow Road,No,6770000,3000,Research-informed synthetic estimate
KHP103350,Kasaragod,Uppala,Rural,Independent House,1943,3,3,11,1,Fully Furnished,2,10.7,Local Road,Yes,5170000,3000,Research-informed synthetic estimate
KHP103351,Idukki,Munnar,Semi-Urban,Residential Plot,1980,3,3,20,0,Semi-Furnished,0,7.6,Narrow Road,No,7890000,6500,Research-informed synthetic estimate
KHP103352,Kannur,Taliparamba,Semi-Urban,Independent House,1347,2,2,27,0,Semi-Furnished,2,2.0,Main Road,No,4290000,3500,Research-informed synthetic estimate
KHP103353,Ernakulam,Kadavanthra,Urban,Villa,2710,4,4,20,0,Semi-Furnished,0,3.4,Local Road,No,21030000,9000,Research-informed synthetic estimate
KHP103354,Thrissur,Guruvayur,Semi-Urban,Independent House,1971,3,3,16,0,Unfurnished,2,1.9,Local Road,Yes,6690000,3700,Research-informed synthetic estimate
KHP103355,Kottayam,Kottayam Town,Urban,Independent House,4095,5,5,13,0,Fully Furnished,0,4.4,Main Road,No,25130000,5200,Research-informed synthetic estimate
KHP103356,Alappuzha,Alappuzha Beach,Rural,Independent House,1472,3,3,26,0,Semi-Furnished,0,4.8,Local Road,No,6300000,6800,Research-informed synthetic estimate
KHP103357,Malappuram,Ponnani,Semi-Urban,Independent House,2678,4,3,25,0,Semi-Furnished,2,3.2,Local Road,No,7880000,3500,Research-informed synthetic estimate
KHP103358,Alappuzha,Kayamkulam,Semi-Urban,Independent House,2422,3,3,7,1,Unfurnished,1,11.5,Local Road,No,7480000,3600,Research-informed synthetic estimate
KHP103359,Kannur,Iritty,Rural,Independent House,713,2,2,19,2,Unfurnished,2,13.7,Main Road,No,1280000,2800,Research-informed synthetic estimate
KHP103360,Idukki,Munnar,Semi-Urban,Residential Plot,3836,5,5,29,0,Unfurnished,1,3.0,Main Road,No,18410000,6500,Research-informed synthetic estimate
KHP103361,Pathanamthitta,Pandalam,Semi-Urban,Apartment,3614,6,5,14,2,Fully Furnished,6,0.4,Local Road,No,12340000,3400,Research-informed synthetic estimate
KHP103362,Thiruvananthapuram,Technopark,Semi-Urban,Independent House,2477,5,5,14,0,Semi-Furnished,2,2.2,Local Road,No,16880000,7000,Research-informed synthetic estimate
KHP103363,Pathanamthitta,Ranni,Rural,Villa,1946,3,3,23,0,Unfurnished,0,10.2,Highway Access,No,4630000,3000,Research-informed synthetic estimate
KHP103364,Thrissur,Punkunnam,Rural,Residential Plot,1443,3,3,21,1,Semi-Furnished,2,4.1,Highway Access,No,6220000,5500,Research-informed synthetic estimate
KHP103365,Kozhikode,Kottooli,Semi-Urban,Residential Plot,1000,1,1,12,0,Fully Furnished,1,0.5,Local Road,Yes,5760000,6500,Research-informed synthetic estimate
KHP103366,Thiruvananthapuram,Kesavadasapuram,Semi-Urban,Residential Plot,2924,5,4,15,1,Unfurnished,1,5.3,Local Road,No,16480000,7000,Research-informed synthetic estimate
KHP103367,Thrissur,Patturaikkal,Semi-Urban,Independent House,2172,3,3,22,2,Semi-Furnished,0,1.0,Narrow Road,No,10640000,5600,Research-informed synthetic estimate
KHP103368,Thiruvananthapuram,Kowdiar,Urban,Independent House,2320,4,4,0,2,Semi-Furnished,2,10.0,Main Road,No,26050000,9000,Research-informed synthetic estimate
KHP103369,Kollam,Asramam,Semi-Urban,Apartment,3037,6,5,10,2,Fully Furnished,7,3.2,Local Road,Yes,19950000,5200,Research-informed synthetic estimate
KHP103370,Thiruvananthapuram,Kazhakkoottam,Rural,Apartment,657,1,1,18,2,Semi-Furnished,0,4.5,Main Road,No,3530000,6800,Research-informed synthetic estimate
KHP103371,Kasaragod,Kanhangad,Semi-Urban,Independent House,1839,3,3,12,1,Unfurnished,1,2.9,Main Road,No,6510000,3500,Research-informed synthetic estimate
KHP103372,Wayanad,Sulthan Bathery,Semi-Urban,Apartment,2172,3,3,20,1,Semi-Furnished,0,12.8,Main Road,No,6460000,3900,Research-informed synthetic estimate
KHP103373,Thrissur,Guruvayur,Semi-Urban,Independent House,4100,6,5,19,1,Unfurnished,1,4.6,Main Road,No,15730000,3700,Research-informed synthetic estimate
KHP103374,Kasaragod,Uppala,Semi-Urban,Independent House,2796,5,5,2,1,Fully Furnished,1,4.9,Narrow Road,No,8640000,3000,Research-informed synthetic estimate
KHP103375,Ernakulam,Edappally,Urban,Independent House,3201,4,4,9,0,Unfurnished,2,4.6,Local Road,No,23170000,7600,Research-informed synthetic estimate
KHP103376,Thiruvananthapuram,Neyyattinkara,Semi-Urban,Residential Plot,811,1,1,29,2,Unfurnished,1,2.5,Main Road,No,2020000,4200,Research-informed synthetic estimate
KHP103377,Thrissur,Kuttanellur,Semi-Urban,Independent House,1981,3,3,6,3,Unfurnished,1,2.7,Main Road,No,11950000,5500,Research-informed synthetic estimate
KHP103378,Palakkad,Shoranur,Semi-Urban,Residential Plot,2025,3,3,20,2,Semi-Furnished,0,0.3,Main Road,No,5900000,3100,Research-informed synthetic estimate
KHP103379,Kollam,Chinnakada,Urban,Independent House,2643,5,5,3,0,Unfurnished,1,1.4,Main Road,No,14910000,5000,Research-informed synthetic estimate
KHP103380,Pathanamthitta,Mallappally,Semi-Urban,Villa,814,2,2,24,3,Semi-Furnished,0,7.3,Main Road,Yes,2690000,3000,Research-informed synthetic estimate
KHP103381,Palakkad,Palakkad Town,Urban,Independent House,2905,5,4,3,3,Semi-Furnished,0,7.1,Local Road,Yes,12660000,3900,Research-informed synthetic estimate
KHP103382,Kollam,Kavanad,Semi-Urban,Villa,1534,2,2,1,1,Unfurnished,1,1.3,Local Road,No,7970000,5000,Research-informed synthetic estimate
KHP103383,Pathanamthitta,Pandalam,Semi-Urban,Independent House,2658,4,4,14,1,Fully Furnished,2,6.6,Local Road,No,9440000,3400,Research-informed synthetic estimate
KHP103384,Kozhikode,Chevayur,Rural,Villa,2162,3,3,14,0,Semi-Furnished,0,3.7,Local Road,Yes,7970000,4700,Research-informed synthetic estimate
KHP103385,Idukki,Adimali,Semi-Urban,Villa,3244,4,4,15,0,Unfurnished,1,7.2,Local Road,No,7980000,3000,Research-informed synthetic estimate
KHP103386,Kozhikode,Pantheerankavu,Semi-Urban,Independent House,2768,3,3,4,0,Semi-Furnished,1,7.6,Local Road,No,20400000,8500,Research-informed synthetic estimate
KHP103387,Idukki,Painavu,Rural,Apartment,2413,3,3,2,1,Unfurnished,7,4.3,Main Road,No,6040000,2600,Research-informed synthetic estimate
KHP103388,Malappuram,Tirur,Semi-Urban,Independent House,3845,6,5,4,0,Semi-Furnished,0,18.0,Narrow Road,No,15640000,4200,Research-informed synthetic estimate
KHP103389,Pathanamthitta,Adoor,Rural,Residential Plot,3407,5,5,12,0,Semi-Furnished,2,4.0,Local Road,No,10170000,3900,Research-informed synthetic estimate
KHP103390,Kollam,Kottarakkara,Rural,Villa,1672,3,3,29,1,Fully Furnished,1,1.6,Main Road,No,5030000,3400,Research-informed synthetic estimate
KHP103391,Thrissur,Ollur,Rural,Apartment,1129,1,1,13,1,Unfurnished,2,12.4,Main Road,Yes,7550000,9000,Research-informed synthetic estimate
KHP103392,Kollam,Chathannoor,Rural,Apartment,2229,3,3,1,1,Semi-Furnished,4,0.8,Local Road,No,6000000,3200,Research-informed synthetic estimate
KHP103393,Palakkad,Pattambi,Semi-Urban,Residential Plot,2643,2,2,3,1,Unfurnished,1,11.4,Local Road,No,6200000,3000,Research-informed synthetic estimate
KHP103394,Kozhikode,Cyberpark,Semi-Urban,Villa,954,1,1,3,1,Semi-Furnished,0,2.7,Local Road,No,4800000,5000,Research-informed synthetic estimate
KHP103395,Kozhikode,Chevayur,Semi-Urban,Villa,1710,3,3,17,2,Semi-Furnished,1,8.0,Local Road,Yes,8890000,4700,Research-informed synthetic estimate
KHP103396,Pathanamthitta,Thiruvalla,Semi-Urban,Residential Plot,1293,2,2,3,3,Semi-Furnished,0,1.2,Main Road,No,4580000,4700,Research-informed synthetic estimate
KHP103397,Malappuram,Ponnani,Rural,Apartment,2238,4,3,11,0,Unfurnished,7,5.1,Narrow Road,No,4740000,3500,Research-informed synthetic estimate
KHP103398,Thrissur,Punkunnam,Rural,Apartment,1848,3,3,5,2,Unfurnished,3,15.3,Highway Access,No,9780000,5500,Research-informed synthetic estimate
KHP103399,Kannur,Mattannur,Semi-Urban,Independent House,4075,6,5,6,0,Semi-Furnished,2,2.4,Main Road,No,16070000,3400,Research-informed synthetic estimate
KHP103400,Wayanad,Kalpetta,Rural,Independent House,1135,2,2,13,0,Fully Furnished,0,4.3,Main Road,No,4300000,4300,Research-informed synthetic estimate
KHP103401,Pathanamthitta,Konni,Rural,Independent House,2119,3,3,21,1,Semi-Furnished,1,3.4,Narrow Road,No,4040000,2900,Research-informed synthetic estimate
KHP103402,Palakkad,Alathur,Rural,Independent House,1306,2,2,24,3,Semi-Furnished,1,1.2,Local Road,Yes,3410000,2900,Research-informed synthetic estimate
KHP103403,Ernakulam,Kalamassery,Semi-Urban,Villa,1886,3,2,6,0,Semi-Furnished,1,0.5,Local Road,No,12140000,6000,Research-informed synthetic estimate
KHP103404,Kozhikode,Government Medical College,Urban,Independent House,3457,5,5,29,0,Fully Furnished,0,3.3,Main Road,No,35770000,9300,Research-informed synthetic estimate
KHP103405,Alappuzha,Alappuzha Beach,Rural,Independent House,3800,6,5,4,0,Unfurnished,2,3.1,Local Road,Yes,26640000,6800,Research-informed synthetic estimate
KHP103406,Kozhikode,Mukkam,Rural,Independent House,904,1,1,20,1,Semi-Furnished,1,3.5,Highway Access,No,2270000,3000,Research-informed synthetic estimate
KHP103407,Kozhikode,Pantheerankavu,Semi-Urban,Villa,1508,3,2,14,2,Semi-Furnished,1,1.1,Main Road,No,15010000,8500,Research-informed synthetic estimate
KHP103408,Kannur,Thottada,Semi-Urban,Independent House,2401,4,4,17,2,Unfurnished,1,5.7,Main Road,Yes,9920000,4200,Research-informed synthetic estimate
KHP103409,Kollam,Paravur,Semi-Urban,Villa,3319,4,4,7,3,Unfurnished,1,5.6,Highway Access,No,16390000,3600,Research-informed synthetic estimate
KHP103410,Pathanamthitta,Mallappally,Semi-Urban,Residential Plot,1449,2,2,25,2,Unfurnished,0,7.1,Local Road,No,2410000,3000,Research-informed synthetic estimate
KHP103411,Kasaragod,Kasaragod Town,Urban,Independent House,1815,3,3,12,1,Fully Furnished,0,3.4,Local Road,Yes,6870000,3600,Research-informed synthetic estimate
KHP103412,Palakkad,Ottapalam,Semi-Urban,Independent House,2992,4,4,29,2,Semi-Furnished,0,6.1,Main Road,No,8560000,3200,Research-informed synthetic estimate
KHP103413,Kozhikode,Mukkam,Rural,Residential Plot,1382,2,2,19,2,Unfurnished,1,8.0,Main Road,No,2360000,3000,Research-informed synthetic estimate
KHP103414,Wayanad,Meppadi,Rural,Independent House,2508,3,2,9,1,Fully Furnished,2,14.6,Main Road,Yes,7310000,3300,Research-informed synthetic estimate
KHP103415,Kannur,Iritty,Rural,Residential Plot,4156,6,5,20,2,Unfurnished,2,0.9,Main Road,Yes,9860000,2800,Research-informed synthetic estimate
KHP103416,Pathanamthitta,Thiruvalla,Semi-Urban,Independent House,3811,6,5,2,1,Unfurnished,0,5.1,Local Road,Yes,18250000,4700,Research-informed synthetic estimate
KHP103417,Kasaragod,Hosdurg,Semi-Urban,Villa,2598,4,4,10,0,Unfurnished,2,2.3,Local Road,Yes,8180000,3300,Research-informed synthetic estimate
KHP103418,Kannur,Sreekandapuram,Rural,Apartment,1823,4,4,30,0,Semi-Furnished,7,1.5,Local Road,No,3510000,2900,Research-informed synthetic estimate
KHP103419,Ernakulam,Kalamassery,Semi-Urban,Independent House,908,2,2,0,1,Fully Furnished,1,8.0,Main Road,No,6250000,6000,Research-informed synthetic estimate
KHP103420,Thrissur,Kunnamkulam,Semi-Urban,Independent House,3019,5,5,4,0,Fully Furnished,1,8.7,Narrow Road,No,10540000,3500,Research-informed synthetic estimate
KHP103421,Alappuzha,Cherthala,Rural,Independent House,652,1,1,8,2,Semi-Furnished,2,7.7,Local Road,Yes,2470000,4700,Research-informed synthetic estimate
KHP103422,Ernakulam,Kizhakkambalam,Semi-Urban,Independent House,3500,6,5,0,3,Unfurnished,0,5.4,Narrow Road,Yes,16980000,4700,Research-informed synthetic estimate
KHP103423,Idukki,Thodupuzha,Rural,Apartment,3527,5,4,10,1,Semi-Furnished,2,6.1,Main Road,No,13530000,3900,Research-informed synthetic estimate
KHP103424,Wayanad,Ambalavayal,Semi-Urban,Residential Plot,1339,3,3,8,1,Semi-Furnished,0,4.4,Local Road,No,3040000,3200,Research-informed synthetic estimate
KHP103425,Kollam,Karunagappally,Semi-Urban,Apartment,754,1,1,24,1,Semi-Furnished,5,6.2,Narrow Road,No,1570000,3800,Research-informed synthetic estimate
KHP103426,Pathanamthitta,Mallappally,Semi-Urban,Independent House,744,2,2,7,0,Unfurnished,0,3.1,Local Road,No,1720000,3000,Research-informed synthetic estimate
KHP103427,Thiruvananthapuram,Kazhakoottam,Semi-Urban,Villa,1732,1,1,9,0,Unfurnished,1,1.6,Highway Access,Yes,13280000,6800,Research-informed synthetic estimate
KHP103428,Palakkad,Olavakkode,Semi-Urban,Villa,3927,5,5,6,0,Fully Furnished,0,6.5,Local Road,No,20590000,4100,Research-informed synthetic estimate
KHP103429,Kannur,Mattannur,Rural,Apartment,4143,5,5,17,0,Semi-Furnished,2,2.6,Main Road,No,13320000,3400,Research-informed synthetic estimate
KHP103430,Kannur,Sreekandapuram,Rural,Apartment,3437,4,4,28,1,Semi-Furnished,2,2.8,Narrow Road,No,8110000,2900,Research-informed synthetic estimate
KHP103431,Kasaragod,Cheruvathur,Rural,Villa,2628,4,4,17,3,Unfurnished,1,6.4,Highway Access,Yes,7340000,2900,Research-informed synthetic estimate
KHP103432,Kottayam,Kumarakom,Semi-Urban,Villa,3586,4,4,2,1,Unfurnished,1,3.5,Main Road,No,29570000,6500,Research-informed synthetic estimate
KHP103433,Idukki,Kattappana,Semi-Urban,Independent House,2495,4,4,19,0,Unfurnished,2,9.2,Local Road,No,6230000,3000,Research-informed synthetic estimate
KHP103434,Idukki,Adimali,Semi-Urban,Independent House,3216,5,5,23,2,Semi-Furnished,1,3.7,Main Road,No,8730000,3000,Research-informed synthetic estimate
KHP103435,Thiruvananthapuram,Pattom,Urban,Independent House,3393,6,5,4,1,Unfurnished,2,1.2,Local Road,No,28970000,7200,Research-informed synthetic estimate
KHP103436,Kasaragod,Nileshwar,Semi-Urban,Independent House,876,2,2,19,3,Unfurnished,1,5.5,Local Road,No,1980000,3200,Research-informed synthetic estimate
KHP103437,Thiruvananthapuram,Sreekaryam,Semi-Urban,Independent House,1893,3,3,21,0,Semi-Furnished,1,0.8,Local Road,Yes,11140000,6200,Research-informed synthetic estimate
KHP103438,Idukki,Munnar,Semi-Urban,Apartment,4043,6,5,15,1,Unfurnished,7,0.6,Narrow Road,Yes,26750000,6500,Research-informed synthetic estimate
KHP103439,Kottayam,Vaikom,Semi-Urban,Villa,1709,3,3,8,1,Semi-Furnished,2,8.1,Main Road,Yes,6630000,3500,Research-informed synthetic estimate
KHP103440,Thrissur,Punkunnam,Semi-Urban,Independent House,3489,5,5,16,0,Semi-Furnished,1,6.9,Local Road,Yes,19500000,5500,Research-informed synthetic estimate
KHP103441,Thrissur,Naikkanal,Rural,Independent House,1415,1,1,16,1,Unfurnished,0,2.8,Highway Access,Yes,6840000,5300,Research-informed synthetic estimate
KHP103442,Kannur,Kannur Town,Urban,Independent House,2392,3,3,19,1,Unfurnished,1,3.9,Highway Access,No,11260000,4500,Research-informed synthetic estimate
KHP103443,Thrissur,Ollur,Semi-Urban,Villa,1777,3,3,23,0,Fully Furnished,1,9.8,Narrow Road,No,13180000,9000,Research-informed synthetic estimate
KHP103444,Alappuzha,Chengannur,Semi-Urban,Independent House,3703,5,5,20,1,Unfurnished,1,1.0,Local Road,No,13450000,4300,Research-informed synthetic estimate
KHP103445,Kottayam,Kottayam Town,Urban,Independent House,2393,4,4,13,1,Semi-Furnished,1,2.7,Local Road,Yes,13700000,5200,Research-informed synthetic estimate
KHP103446,Ernakulam,Palarivattom,Urban,Villa,3145,5,5,1,1,Unfurnished,1,8.0,Local Road,No,24670000,7500,Research-informed synthetic estimate
KHP103447,Ernakulam,Edappally,Urban,Independent House,2194,3,3,2,1,Semi-Furnished,1,3.2,Highway Access,Yes,23290000,7600,Research-informed synthetic estimate
KHP103448,Thrissur,Kunnamkulam,Semi-Urban,Apartment,1689,3,3,26,3,Semi-Furnished,2,2.4,Local Road,Yes,5600000,3500,Research-informed synthetic estimate
KHP103449,Thrissur,Chalakudy,Semi-Urban,Independent House,4023,6,5,26,3,Semi-Furnished,1,4.9,Local Road,Yes,13950000,3900,Research-informed synthetic estimate
KHP103450,Thiruvananthapuram,Kazhakoottam,Semi-Urban,Apartment,2475,3,3,21,0,Unfurnished,4,7.6,Main Road,No,13180000,6800,Research-informed synthetic estimate
KHP103451,Kannur,Thalassery,Rural,Independent House,3296,4,4,15,0,Semi-Furnished,0,6.1,Main Road,No,14090000,4300,Research-informed synthetic estimate
KHP103452,Kasaragod,Kanhangad,Rural,Independent House,2594,4,3,10,0,Semi-Furnished,2,6.5,Main Road,Yes,8610000,3500,Research-informed synthetic estimate
KHP103453,Idukki,Munnar,Semi-Urban,Independent House,1710,3,3,30,1,Semi-Furnished,0,8.0,Local Road,No,9860000,6500,Research-informed synthetic estimate
KHP103454,Kollam,Paravur,Semi-Urban,Villa,4016,6,5,20,1,Unfurnished,1,4.0,Local Road,No,14170000,3600,Research-informed synthetic estimate
KHP103455,Kollam,Paravur,Semi-Urban,Independent House,3148,4,4,8,1,Fully Furnished,0,4.2,Local Road,No,12050000,3600,Research-informed synthetic estimate
KHP103456,Palakkad,Mannarkkad,Rural,Villa,3767,6,5,6,1,Unfurnished,1,3.8,Local Road,No,11990000,2800,Research-informed synthetic estimate
KHP103457,Palakkad,Pattambi,Semi-Urban,Independent House,1372,2,2,18,2,Unfurnished,0,6.8,Narrow Road,No,3420000,3000,Research-informed synthetic estimate
KHP103458,Pathanamthitta,Konni,Rural,Villa,1303,2,2,11,0,Semi-Furnished,1,1.1,Main Road,No,3490000,2900,Research-informed synthetic estimate
KHP103459,Wayanad,Panamaram,Rural,Apartment,2425,4,4,18,3,Semi-Furnished,3,2.0,Main Road,No,7380000,2900,Research-informed synthetic estimate
KHP103460,Malappuram,Malappuram Town,Urban,Independent House,1797,3,3,10,1,Semi-Furnished,0,2.0,Local Road,No,7450000,4400,Research-informed synthetic estimate
KHP103461,Thiruvananthapuram,Neyyattinkara,Semi-Urban,Independent House,1406,3,3,23,0,Fully Furnished,1,4.1,Local Road,Yes,5350000,4200,Research-informed synthetic estimate
KHP103462,Thrissur,Ollur,Semi-Urban,Independent House,1346,2,2,21,3,Semi-Furnished,0,5.0,Highway Access,No,11280000,9000,Research-informed synthetic estimate
KHP103463,Palakkad,Mannarkkad,Rural,Villa,1293,1,1,24,2,Unfurnished,2,3.7,Main Road,Yes,3260000,2800,Research-informed synthetic estimate
KHP103464,Alappuzha,Kayamkulam,Semi-Urban,Independent House,1798,3,3,13,1,Semi-Furnished,1,18.0,Local Road,No,5330000,3600,Research-informed synthetic estimate
KHP103465,Kozhikode,Mukkam,Rural,Villa,2802,4,4,24,0,Unfurnished,1,2.4,Main Road,Yes,7110000,3000,Research-informed synthetic estimate
KHP103466,Palakkad,Ottapalam,Rural,Independent House,1579,3,3,21,0,Semi-Furnished,0,3.9,Local Road,No,3080000,3200,Research-informed synthetic estimate
KHP103467,Ernakulam,Palarivattom,Urban,Villa,3571,5,5,24,1,Semi-Furnished,1,0.9,Main Road,No,32170000,7500,Research-informed synthetic estimate
KHP103468,Palakkad,Chittur,Semi-Urban,Independent House,3449,5,4,18,2,Unfurnished,0,3.6,Local Road,No,8790000,2900,Research-informed synthetic estimate
KHP103469,Wayanad,Vythiri,Semi-Urban,Villa,1740,3,3,9,0,Unfurnished,1,4.1,Main Road,No,9440000,4700,Research-informed synthetic estimate
KHP103470,Kollam,Asramam,Semi-Urban,Villa,1341,2,1,26,0,Semi-Furnished,1,2.2,Narrow Road,No,5460000,5200,Research-informed synthetic estimate
KHP103471,Kannur,Payyannur,Rural,Apartment,1324,2,2,28,2,Semi-Furnished,0,5.9,Main Road,No,4010000,3900,Research-informed synthetic estimate
KHP103472,Kannur,Taliparamba,Semi-Urban,Independent House,2150,3,3,1,3,Fully Furnished,1,3.5,Local Road,No,8130000,3500,Research-informed synthetic estimate
KHP103473,Pathanamthitta,Pathanamthitta Town,Semi-Urban,Independent House,900,1,1,12,0,Fully Furnished,2,1.4,Main Road,No,3260000,3800,Research-informed synthetic estimate
KHP103474,Thiruvananthapuram,Pattom,Urban,Residential Plot,2584,4,4,16,1,Unfurnished,2,4.8,Highway Access,Yes,17000000,7200,Research-informed synthetic estimate
KHP103475,Kannur,Taliparamba,Semi-Urban,Apartment,2423,4,4,6,3,Semi-Furnished,3,1.6,Main Road,No,10170000,3500,Research-informed synthetic estimate
KHP103476,Kozhikode,West Hill,Rural,Villa,2756,5,5,14,2,Unfurnished,1,8.3,Main Road,Yes,10300000,4200,Research-informed synthetic estimate
KHP103477,Malappuram,Manjeri,Semi-Urban,Apartment,1742,2,2,29,1,Fully Furnished,1,3.0,Local Road,No,5820000,4300,Research-informed synthetic estimate
KHP103478,Thiruvananthapuram,Kazhakoottam,Semi-Urban,Independent House,2152,3,3,15,0,Unfurnished,0,3.2,Highway Access,No,15890000,6800,Research-informed synthetic estimate
KHP103479,Pathanamthitta,Thiruvalla,Semi-Urban,Independent House,2278,3,3,1,1,Semi-Furnished,2,4.5,Main Road,Yes,12320000,4700,Research-informed synthetic estimate
KHP103480,Alappuzha,Alappuzha Beach,Semi-Urban,Independent House,2192,4,4,28,1,Unfurnished,2,2.9,Local Road,Yes,10540000,6800,Research-informed synthetic estimate
KHP103481,Wayanad,Panamaram,Rural,Residential Plot,2923,4,4,15,1,Unfurnished,2,7.4,Local Road,Yes,4950000,2900,Research-informed synthetic estimate
KHP103482,Wayanad,Kalpetta,Semi-Urban,Villa,3351,6,5,13,3,Fully Furnished,1,3.5,Main Road,No,21820000,4300,Research-informed synthetic estimate
KHP103483,Pathanamthitta,Ranni,Rural,Apartment,2814,4,4,7,3,Fully Furnished,6,2.1,Main Road,No,9960000,3000,Research-informed synthetic estimate
KHP103484,Kollam,Paravur,Semi-Urban,Independent House,3373,6,5,11,0,Semi-Furnished,1,2.8,Narrow Road,Yes,11220000,3600,Research-informed synthetic estimate
KHP103485,Wayanad,Meppadi,Semi-Urban,Apartment,3138,5,5,17,1,Semi-Furnished,2,2.9,Local Road,No,11460000,3300,Research-informed synthetic estimate
KHP103486,Ernakulam,Thrippunithura,Semi-Urban,Independent House,2474,3,3,30,0,Semi-Furnished,1,2.5,Local Road,No,11820000,6000,Research-informed synthetic estimate
KHP103487,Pathanamthitta,Pandalam,Semi-Urban,Apartment,1698,2,2,10,0,Unfurnished,5,1.9,Local Road,No,4550000,3400,Research-informed synthetic estimate
KHP103488,Kottayam,Kottayam Town,Urban,Residential Plot,3810,5,5,6,1,Semi-Furnished,1,1.3,Local Road,No,19050000,5200,Research-informed synthetic estimate
KHP103489,Kozhikode,Puthiyangadi,Rural,Independent House,1755,3,3,4,3,Fully Furnished,1,1.7,Local Road,Yes,13120000,7900,Research-informed synthetic estimate
KHP103490,Pathanamthitta,Konni,Rural,Independent House,4124,6,5,3,3,Semi-Furnished,0,2.1,Narrow Road,No,12960000,2900,Research-informed synthetic estimate
KHP103491,Wayanad,Kalpetta,Semi-Urban,Independent House,1966,2,2,24,2,Semi-Furnished,0,18.0,Local Road,No,6290000,4300,Research-informed synthetic estimate
KHP103492,Kozhikode,Government Medical College,Urban,Independent House,1166,2,2,2,1,Unfurnished,2,10.5,Highway Access,No,11870000,9300,Research-informed synthetic estimate
KHP103493,Kottayam,Vaikom,Rural,Independent House,2516,5,5,18,3,Semi-Furnished,2,1.8,Narrow Road,No,6070000,3500,Research-informed synthetic estimate
KHP103494,Kottayam,Ettumanoor,Semi-Urban,Residential Plot,3102,5,5,4,0,Unfurnished,1,0.8,Narrow Road,Yes,8130000,3900,Research-informed synthetic estimate
KHP103495,Kollam,Kavanad,Rural,Independent House,1316,1,1,30,1,Semi-Furnished,0,9.1,Narrow Road,No,3510000,5000,Research-informed synthetic estimate
KHP103496,Idukki,Adimali,Rural,Independent House,1818,4,4,15,2,Semi-Furnished,1,0.7,Main Road,Yes,4610000,3000,Research-informed synthetic estimate
KHP103497,Kasaragod,Cheruvathur,Rural,Independent House,1268,2,2,3,0,Fully Furnished,0,7.5,Main Road,Yes,3760000,2900,Research-informed synthetic estimate
KHP103498,Thrissur,Ollur,Rural,Independent House,2102,2,2,4,1,Semi-Furnished,2,3.4,Local Road,Yes,14700000,9000,Research-informed synthetic estimate
KHP103499,Kozhikode,Puthiyangadi,Rural,Apartment,1187,2,2,19,2,Semi-Furnished,7,3.5,Main Road,No,6830000,7900,Research-informed synthetic estimate
KHP103500,Kollam,Chathannoor,Semi-Urban,Apartment,1702,4,4,23,0,Semi-Furnished,2,2.1,Local Road,No,4330000,3200,Research-informed synthetic estimate
KHP103501,Thiruvananthapuram,Neyyattinkara,Semi-Urban,Independent House,685,2,2,2,0,Semi-Furnished,2,5.9,Local Road,Yes,2850000,4200,Research-informed synthetic estimate
KHP103502,Alappuzha,Chengannur,Semi-Urban,Villa,2281,4,4,19,0,Fully Furnished,2,6.5,Narrow Road,Yes,9450000,4300,Research-informed synthetic estimate
KHP103503,Kasaragod,Cheruvathur,Rural,Residential Plot,2076,3,3,10,0,Unfurnished,2,3.9,Local Road,No,4170000,2900,Research-informed synthetic estimate
KHP103504,Thrissur,Thrissur Town,Urban,Villa,670,1,1,5,0,Semi-Furnished,2,5.5,Main Road,No,3910000,5000,Research-informed synthetic estimate
KHP103505,Kannur,Mattannur,Semi-Urban,Residential Plot,1164,1,1,10,3,Unfurnished,2,2.4,Local Road,No,2570000,3400,Research-informed synthetic estimate
KHP103506,Kottayam,Manarcadu,Semi-Urban,Apartment,3881,6,5,2,2,Unfurnished,5,3.4,Main Road,Yes,16570000,3600,Research-informed synthetic estimate
KHP103507,Thiruvananthapuram,Vazhuthacaud,Urban,Independent House,3107,5,5,30,1,Semi-Furnished,1,1.1,Local Road,No,23140000,7800,Research-informed synthetic estimate
KHP103508,Kollam,Kottarakkara,Semi-Urban,Villa,2377,3,3,4,0,Semi-Furnished,0,2.3,Local Road,No,9210000,3400,Research-informed synthetic estimate
KHP103509,Kottayam,Kanjirappally,Rural,Apartment,3217,5,5,8,0,Semi-Furnished,2,1.8,Main Road,Yes,11610000,3000,Research-informed synthetic estimate
KHP103510,Kasaragod,Kasaragod Town,Urban,Apartment,2458,4,4,12,0,Fully Furnished,1,3.1,Local Road,No,9880000,3600,Research-informed synthetic estimate
KHP103511,Kollam,Punalur,Semi-Urban,Residential Plot,1764,3,3,11,1,Unfurnished,2,1.7,Main Road,No,4750000,3000,Research-informed synthetic estimate
KHP103512,Thiruvananthapuram,Peroorkada,Semi-Urban,Apartment,939,1,1,18,3,Unfurnished,6,5.4,Local Road,Yes,4690000,5900,Research-informed synthetic estimate
KHP103513,Kollam,Chathannoor,Semi-Urban,Apartment,3434,4,4,12,1,Semi-Furnished,2,3.0,Local Road,No,9840000,3200,Research-informed synthetic estimate
KHP103514,Thiruvananthapuram,Technopark,Rural,Independent House,1777,3,3,18,1,Unfurnished,1,5.3,Local Road,No,7930000,7000,Research-informed synthetic estimate
KHP103515,Idukki,Adimali,Semi-Urban,Independent House,3041,6,5,19,1,Unfurnished,2,16.1,Main Road,No,8720000,3000,Research-informed synthetic estimate
KHP103516,Wayanad,Meppadi,Semi-Urban,Apartment,3301,4,4,16,3,Semi-Furnished,7,5.6,Local Road,No,10370000,3300,Research-informed synthetic estimate
KHP103517,Thiruvananthapuram,Vazhuthacaud,Urban,Independent House,2892,4,4,11,2,Fully Furnished,1,5.1,Narrow Road,No,22640000,7800,Research-informed synthetic estimate
KHP103518,Kannur,Iritty,Rural,Residential Plot,3525,5,5,10,2,Unfurnished,0,3.5,Highway Access,Yes,10090000,2800,Research-informed synthetic estimate
KHP103519,Ernakulam,Thevakkal,Rural,Independent House,1197,3,3,25,1,Unfurnished,2,7.8,Local Road,No,4050000,5400,Research-informed synthetic estimate
KHP103520,Kottayam,Ettumanoor,Semi-Urban,Apartment,1103,1,1,2,2,Semi-Furnished,1,4.8,Main Road,No,4710000,3900,Research-informed synthetic estimate
KHP103521,Kasaragod,Kasaragod Town,Urban,Villa,2135,2,2,4,1,Unfurnished,2,7.1,Main Road,No,8510000,3600,Research-informed synthetic estimate
KHP103522,Alappuzha,Alappuzha Town,Urban,Independent House,3674,4,4,0,1,Semi-Furnished,2,9.0,Highway Access,No,26770000,6000,Research-informed synthetic estimate
KHP103523,Kottayam,Ettumanoor,Semi-Urban,Independent House,1957,3,3,4,1,Unfurnished,2,8.1,Narrow Road,No,5610000,3900,Research-informed synthetic estimate
KHP103524,Idukki,Adimali,Semi-Urban,Residential Plot,1465,2,2,21,1,Fully Furnished,2,8.9,Narrow Road,No,2740000,3000,Research-informed synthetic estimate
KHP103525,Malappuram,Manjeri,Rural,Residential Plot,3425,6,5,29,0,Semi-Furnished,0,4.0,Main Road,Yes,11360000,4300,Research-informed synthetic estimate
KHP103526,Alappuzha,Cherthala,Rural,Apartment,1029,3,3,6,0,Semi-Furnished,2,6.0,Highway Access,No,4650000,4700,Research-informed synthetic estimate
KHP103527,Pathanamthitta,Pathanamthitta Town,Rural,Independent House,2796,5,5,20,3,Semi-Furnished,2,5.9,Local Road,No,7380000,3800,Research-informed synthetic estimate
KHP103528,Alappuzha,Kayamkulam,Rural,Villa,1636,2,2,4,0,Fully Furnished,2,3.2,Local Road,Yes,5910000,3600,Research-informed synthetic estimate
KHP103529,Ernakulam,Vyttila,Urban,Apartment,1898,3,3,29,1,Semi-Furnished,5,1.5,Local Road,Yes,15820000,8000,Research-informed synthetic estimate
KHP103530,Thrissur,Koorkenchery,Semi-Urban,Independent House,1447,2,1,6,0,Unfurnished,0,9.7,Main Road,No,9130000,6500,Research-informed synthetic estimate
KHP103531,Kollam,Punalur,Semi-Urban,Independent House,2046,4,4,15,3,Fully Furnished,2,5.2,Main Road,No,6580000,3000,Research-informed synthetic estimate
KHP103532,Thiruvananthapuram,Kazhakoottam,Semi-Urban,Apartment,2458,4,4,5,1,Semi-Furnished,2,2.2,Local Road,Yes,18630000,6800,Research-informed synthetic estimate
KHP103533,Ernakulam,Panampilly Nagar,Urban,Residential Plot,3398,4,3,8,3,Fully Furnished,0,9.2,Highway Access,No,35690000,9500,Research-informed synthetic estimate
KHP103534,Ernakulam,Maradu,Rural,Residential Plot,2558,3,2,23,0,Unfurnished,2,3.5,Main Road,Yes,10050000,7300,Research-informed synthetic estimate
KHP103535,Ernakulam,Pallikkara,Rural,Villa,1587,2,2,11,1,Semi-Furnished,1,2.7,Main Road,Yes,6690000,4600,Research-informed synthetic estimate
KHP103536,Alappuzha,Muhamma,Semi-Urban,Independent House,2707,4,4,28,1,Semi-Furnished,0,6.8,Local Road,No,8490000,4000,Research-informed synthetic estimate
KHP103537,Kottayam,Kanjirappally,Rural,Independent House,1809,5,4,20,1,Fully Furnished,1,16.9,Main Road,No,4670000,3000,Research-informed synthetic estimate
KHP103538,Palakkad,Shoranur,Semi-Urban,Independent House,1905,3,3,0,0,Fully Furnished,0,2.0,Highway Access,No,7660000,3100,Research-informed synthetic estimate
KHP103539,Pathanamthitta,Pandalam,Semi-Urban,Villa,1988,3,3,22,0,Unfurnished,0,2.4,Narrow Road,No,4380000,3400,Research-informed synthetic estimate
KHP103540,Palakkad,Pattambi,Semi-Urban,Residential Plot,2731,4,4,30,1,Semi-Furnished,2,1.1,Narrow Road,No,4570000,3000,Research-informed synthetic estimate
KHP103541,Kasaragod,Bekal,Semi-Urban,Independent House,1490,2,2,14,3,Unfurnished,1,8.0,Local Road,No,5270000,4200,Research-informed synthetic estimate
KHP103542,Thrissur,Kodungallur,Semi-Urban,Apartment,1684,3,2,18,2,Semi-Furnished,2,2.8,Local Road,No,5250000,3600,Research-informed synthetic estimate
KHP103543,Kollam,Chinnakada,Urban,Independent House,3374,4,4,29,0,Semi-Furnished,0,6.8,Narrow Road,No,11360000,5000,Research-informed synthetic estimate
KHP103544,Thrissur,Chalakudy,Semi-Urban,Apartment,2226,3,3,24,1,Fully Furnished,4,2.2,Main Road,No,9320000,3900,Research-informed synthetic estimate
KHP103545,Pathanamthitta,Pandalam,Semi-Urban,Apartment,837,2,2,25,0,Semi-Furnished,4,3.8,Highway Access,No,2490000,3400,Research-informed synthetic estimate
KHP103546,Kottayam,Changanassery,Semi-Urban,Residential Plot,3359,5,5,7,1,Semi-Furnished,1,1.7,Main Road,No,14940000,4300,Research-informed synthetic estimate
KHP103547,Kasaragod,Hosdurg,Rural,Independent House,1359,2,2,18,3,Semi-Furnished,1,0.7,Highway Access,Yes,4470000,3300,Research-informed synthetic estimate
KHP103548,Malappuram,Malappuram Town,Urban,Villa,1904,3,3,22,1,Fully Furnished,2,1.4,Main Road,No,9750000,4400,Research-informed synthetic estimate
KHP103549,Palakkad,Shoranur,Semi-Urban,Independent House,2202,3,3,8,1,Unfurnished,2,1.8,Local Road,No,5930000,3100,Research-informed synthetic estimate
KHP103550,Idukki,Nedumkandam,Rural,Apartment,1710,3,3,0,2,Fully Furnished,2,3.9,Main Road,Yes,5140000,2700,Research-informed synthetic estimate
KHP103551,Kannur,Chala,Rural,Villa,1762,3,3,4,0,Semi-Furnished,1,10.2,Local Road,Yes,6090000,3600,Research-informed synthetic estimate
KHP103552,Pathanamthitta,Thiruvalla,Semi-Urban,Villa,1243,2,2,15,1,Fully Furnished,0,4.1,Highway Access,No,6680000,4700,Research-informed synthetic estimate
KHP103553,Pathanamthitta,Mallappally,Semi-Urban,Apartment,3114,6,5,30,0,Fully Furnished,2,7.0,Highway Access,No,10250000,3000,Research-informed synthetic estimate
KHP103554,Palakkad,Olavakkode,Semi-Urban,Independent House,3555,5,5,29,1,Unfurnished,0,7.9,Local Road,Yes,10500000,4100,Research-informed synthetic estimate
KHP103555,Pathanamthitta,Pathanamthitta Town,Rural,Residential Plot,1739,3,2,17,0,Fully Furnished,2,0.6,Local Road,No,4600000,3800,Research-informed synthetic estimate
KHP103556,Idukki,Nedumkandam,Rural,Apartment,3719,6,5,0,3,Semi-Furnished,4,3.0,Highway Access,No,14280000,2700,Research-informed synthetic estimate
KHP103557,Palakkad,Chittur,Rural,Apartment,3301,5,5,0,1,Semi-Furnished,4,1.6,Main Road,No,11810000,2900,Research-informed synthetic estimate
KHP103558,Kasaragod,Nileshwar,Rural,Independent House,3202,5,4,8,0,Fully Furnished,1,3.6,Main Road,No,10740000,3200,Research-informed synthetic estimate
KHP103559,Kottayam,Kanjirappally,Rural,Independent House,1837,5,5,9,1,Unfurnished,0,5.7,Main Road,No,5800000,3000,Research-informed synthetic estimate
KHP103560,Thiruvananthapuram,Nedumangad,Semi-Urban,Independent House,2237,4,4,7,0,Semi-Furnished,1,2.6,Main Road,No,9270000,3600,Research-informed synthetic estimate
KHP103561,Malappuram,Ponnani,Semi-Urban,Residential Plot,3713,5,5,23,1,Fully Furnished,0,4.8,Local Road,No,10640000,3500,Research-informed synthetic estimate
KHP103562,Pathanamthitta,Adoor,Semi-Urban,Independent House,1707,1,1,10,1,Semi-Furnished,1,5.4,Local Road,No,5550000,3900,Research-informed synthetic estimate
KHP103563,Kozhikode,Nellikode,Semi-Urban,Independent House,4157,6,5,28,1,Semi-Furnished,0,3.7,Local Road,Yes,15250000,4500,Research-informed synthetic estimate
KHP103564,Wayanad,Mananthavady,Semi-Urban,Apartment,2638,3,3,21,0,Semi-Furnished,1,7.3,Narrow Road,No,6630000,3400,Research-informed synthetic estimate
KHP103565,Kasaragod,Kasaragod Town,Urban,Independent House,2933,5,5,4,3,Fully Furnished,1,5.1,Local Road,No,13760000,3600,Research-informed synthetic estimate
KHP103566,Malappuram,Tirur,Semi-Urban,Apartment,2021,4,3,8,3,Fully Furnished,1,4.5,Local Road,Yes,11280000,4200,Research-informed synthetic estimate
KHP103567,Ernakulam,Thevakkal,Semi-Urban,Residential Plot,2322,3,3,1,1,Semi-Furnished,2,4.5,Main Road,No,12170000,5400,Research-informed synthetic estimate
KHP103568,Pathanamthitta,Ranni,Rural,Independent House,2215,3,3,10,2,Fully Furnished,1,4.4,Main Road,Yes,6570000,3000,Research-informed synthetic estimate
KHP103569,Pathanamthitta,Adoor,Semi-Urban,Residential Plot,3447,5,5,28,1,Fully Furnished,1,2.9,Main Road,No,11860000,3900,Research-informed synthetic estimate
KHP103570,Thiruvananthapuram,Sreekaryam,Semi-Urban,Apartment,3734,6,5,26,1,Unfurnished,6,4.7,Main Road,No,21240000,6200,Research-informed synthetic estimate
KHP103571,Alappuzha,Cherthala,Semi-Urban,Apartment,3093,4,4,30,1,Fully Furnished,4,2.2,Narrow Road,No,10900000,4700,Research-informed synthetic estimate
KHP103572,Palakkad,Alathur,Rural,Independent House,1546,2,1,10,1,Fully Furnished,1,4.5,Local Road,No,3670000,2900,Research-informed synthetic estimate
KHP103573,Palakkad,Mannarkkad,Rural,Independent House,3895,6,5,11,0,Semi-Furnished,2,4.1,Local Road,Yes,11830000,2800,Research-informed synthetic estimate
KHP103574,Kollam,Kollam Town,Urban,Villa,3189,5,5,13,0,Semi-Furnished,0,8.4,Local Road,No,16640000,4800,Research-informed synthetic estimate
KHP103575,Alappuzha,Muhamma,Rural,Independent House,4010,6,5,7,2,Semi-Furnished,2,4.7,Main Road,No,17960000,4000,Research-informed synthetic estimate
KHP103576,Kasaragod,Uppala,Semi-Urban,Residential Plot,1915,4,4,5,1,Semi-Furnished,2,4.2,Local Road,No,4350000,3000,Research-informed synthetic estimate
KHP103577,Wayanad,Vythiri,Semi-Urban,Independent House,2647,5,5,24,1,Unfurnished,1,2.9,Local Road,No,10560000,4700,Research-informed synthetic estimate
KHP103578,Kozhikode,Puthiyangadi,Semi-Urban,Independent House,1077,2,2,23,2,Semi-Furnished,0,8.0,Local Road,No,5950000,7900,Research-informed synthetic estimate
KHP103579,Kannur,Iritty,Rural,Villa,2604,5,5,28,1,Unfurnished,2,2.1,Local Road,No,5980000,2800,Research-informed synthetic estimate
KHP103580,Kasaragod,Hosdurg,Semi-Urban,Residential Plot,2069,3,3,0,1,Fully Furnished,1,1.4,Main Road,No,7770000,3300,Research-informed synthetic estimate
KHP103581,Kozhikode,Cyberpark,Rural,Independent House,3913,6,5,27,0,Unfurnished,1,7.6,Highway Access,No,17800000,5000,Research-informed synthetic estimate
KHP103582,Alappuzha,Ambalappuzha,Rural,Independent House,1113,1,1,0,0,Semi-Furnished,0,8.0,Narrow Road,Yes,2910000,3400,Research-informed synthetic estimate
KHP103583,Wayanad,Ambalavayal,Rural,Apartment,3887,6,5,23,0,Semi-Furnished,7,4.7,Local Road,No,10470000,3200,Research-informed synthetic estimate
KHP103584,Kozhikode,Vadakara,Semi-Urban,Apartment,1852,2,2,26,2,Semi-Furnished,3,5.3,Main Road,No,11310000,6800,Research-informed synthetic estimate
KHP103585,Thiruvananthapuram,Kazhakkoottam,Rural,Apartment,3673,6,5,2,1,Semi-Furnished,7,8.1,Main Road,No,29280000,6800,Research-informed synthetic estimate
KHP103586,Palakkad,Pattambi,Semi-Urban,Apartment,1455,3,2,20,1,Semi-Furnished,0,10.4,Main Road,No,3900000,3000,Research-informed synthetic estimate
KHP103587,Alappuzha,Haripad,Semi-Urban,Apartment,1845,3,3,14,0,Fully Furnished,4,3.9,Main Road,Yes,6530000,3200,Research-informed synthetic estimate
KHP103588,Malappuram,Malappuram Town,Urban,Villa,2163,3,2,14,0,Unfurnished,0,5.4,Local Road,No,8580000,4400,Research-informed synthetic estimate
KHP103589,Pathanamthitta,Konni,Rural,Apartment,1360,2,2,9,0,Unfurnished,5,7.1,Highway Access,No,3590000,2900,Research-informed synthetic estimate
KHP103590,Idukki,Kumily,Rural,Independent House,3126,5,5,15,1,Semi-Furnished,2,1.6,Highway Access,No,10600000,3400,Research-informed synthetic estimate
KHP103591,Wayanad,Meppadi,Semi-Urban,Apartment,2980,5,5,17,1,Semi-Furnished,4,2.6,Local Road,No,10330000,3300,Research-informed synthetic estimate
KHP103592,Thrissur,Patturaikkal,Semi-Urban,Villa,3271,5,5,25,1,Unfurnished,2,5.0,Highway Access,Yes,20280000,5600,Research-informed synthetic estimate
KHP103593,Kasaragod,Nileshwar,Semi-Urban,Apartment,3584,5,5,20,1,Unfurnished,5,4.2,Local Road,No,9490000,3200,Research-informed synthetic estimate
KHP103594,Alappuzha,Chengannur,Rural,Independent House,3702,6,5,15,1,Semi-Furnished,2,7.5,Narrow Road,No,13070000,4300,Research-informed synthetic estimate
KHP103595,Palakkad,Shoranur,Rural,Apartment,855,1,1,3,0,Unfurnished,2,1.0,Narrow Road,Yes,1830000,3100,Research-informed synthetic estimate
KHP103596,Thrissur,Kunnamkulam,Semi-Urban,Independent House,2791,4,4,7,0,Semi-Furnished,1,2.5,Main Road,No,10210000,3500,Research-informed synthetic estimate
KHP103597,Kozhikode,Palazhi,Semi-Urban,Independent House,2703,5,5,11,2,Semi-Furnished,0,4.2,Local Road,No,19950000,8600,Research-informed synthetic estimate
KHP103598,Kozhikode,Vadakara,Semi-Urban,Apartment,2035,4,4,7,2,Semi-Furnished,4,2.8,Main Road,No,14790000,6800,Research-informed synthetic estimate
KHP103599,Ernakulam,Pallikkara,Rural,Residential Plot,3511,4,4,16,1,Fully Furnished,1,4.8,Local Road,Yes,10050000,4600,Research-informed synthetic estimate
KHP103600,Thrissur,Kunnamkulam,Rural,Residential Plot,1347,3,3,27,2,Fully Furnished,1,2.4,Local Road,Yes,3000000,3500,Research-informed synthetic estimate
KHP103601,Malappuram,Tirur,Rural,Residential Plot,2012,4,4,19,1,Semi-Furnished,0,7.8,Highway Access,Yes,6760000,4200,Research-informed synthetic estimate
KHP103602,Palakkad,Alathur,Rural,Independent House,1959,2,2,19,1,Semi-Furnished,2,2.1,Narrow Road,No,3410000,2900,Research-informed synthetic estimate
KHP103603,Idukki,Munnar,Semi-Urban,Apartment,1819,3,3,14,0,Fully Furnished,0,6.6,Main Road,No,13470000,6500,Research-informed synthetic estimate
KHP103604,Kozhikode,Cyberpark,Semi-Urban,Apartment,2012,3,3,19,0,Unfurnished,4,4.6,Highway Access,No,10060000,5000,Research-informed synthetic estimate
KHP103605,Thiruvananthapuram,Kazhakkoottam,Semi-Urban,Independent House,2520,5,5,29,1,Semi-Furnished,2,5.8,Local Road,No,13520000,6800,Research-informed synthetic estimate
KHP103606,Kannur,Iritty,Rural,Independent House,2953,4,4,22,1,Unfurnished,2,2.8,Local Road,Yes,6730000,2800,Research-informed synthetic estimate
KHP103607,Kannur,Iritty,Rural,Independent House,4056,6,5,4,3,Unfurnished,0,11.6,Main Road,No,10710000,2800,Research-informed synthetic estimate
KHP103608,Kottayam,Kottayam Town,Urban,Villa,3256,5,5,3,0,Semi-Furnished,2,4.2,Local Road,Yes,21670000,5200,Research-informed synthetic estimate
KHP103609,Kasaragod,Uppala,Semi-Urban,Independent House,3929,6,5,17,3,Unfurnished,2,6.6,Main Road,Yes,12470000,3000,Research-informed synthetic estimate
KHP103610,Malappuram,Manjeri,Semi-Urban,Apartment,3157,5,5,17,2,Unfurnished,3,6.5,Narrow Road,No,12360000,4300,Research-informed synthetic estimate
KHP103611,Ernakulam,Thrippunithura,Semi-Urban,Apartment,2763,4,4,1,0,Unfurnished,2,2.7,Local Road,No,15010000,6000,Research-informed synthetic estimate
KHP103612,Wayanad,Panamaram,Rural,Independent House,1128,2,2,11,1,Semi-Furnished,2,8.9,Local Road,No,2350000,2900,Research-informed synthetic estimate
KHP103613,Idukki,Adimali,Semi-Urban,Apartment,1279,3,3,16,0,Semi-Furnished,0,3.7,Main Road,No,3930000,3000,Research-informed synthetic estimate
KHP103614,Kollam,Chinnakada,Urban,Independent House,3720,5,5,18,1,Semi-Furnished,1,5.9,Main Road,No,22050000,5000,Research-informed synthetic estimate
KHP103615,Kasaragod,Nileshwar,Semi-Urban,Independent House,874,2,2,13,3,Fully Furnished,2,10.5,Highway Access,No,3050000,3200,Research-informed synthetic estimate
KHP103616,Thrissur,Ayyanthole,Semi-Urban,Independent House,4066,5,5,16,1,Semi-Furnished,0,6.4,Local Road,No,17230000,5000,Research-informed synthetic estimate
KHP103617,Kozhikode,Palazhi,Rural,Villa,1684,1,1,17,2,Semi-Furnished,0,0.9,Local Road,No,12330000,8600,Research-informed synthetic estimate
KHP103618,Malappuram,Malappuram Town,Urban,Apartment,3006,3,3,8,0,Unfurnished,3,7.7,Main Road,No,13770000,4400,Research-informed synthetic estimate
KHP103619,Thrissur,Kunnamkulam,Rural,Independent House,3912,6,5,4,1,Semi-Furnished,0,3.5,Local Road,No,12220000,3500,Research-informed synthetic estimate
KHP103620,Thiruvananthapuram,Pattom,Urban,Residential Plot,2965,4,4,21,0,Semi-Furnished,1,4.9,Main Road,No,20300000,7200,Research-informed synthetic estimate
KHP103621,Palakkad,Alathur,Rural,Residential Plot,2395,4,4,15,2,Unfurnished,0,2.2,Local Road,No,4570000,2900,Research-informed synthetic estimate
KHP103622,Thiruvananthapuram,Kazhakoottam,Semi-Urban,Independent House,2517,3,3,20,1,Semi-Furnished,0,1.9,Narrow Road,No,13980000,6800,Research-informed synthetic estimate
KHP103623,Kozhikode,Chevarambalam,Semi-Urban,Apartment,1185,1,1,7,1,Unfurnished,0,4.1,Local Road,No,6790000,6300,Research-informed synthetic estimate
KHP103624,Kozhikode,Mukkam,Rural,Villa,3954,6,5,0,2,Semi-Furnished,1,3.6,Main Road,No,16480000,3000,Research-informed synthetic estimate
KHP103625,Ernakulam,Marine Drive,Urban,Residential Plot,3520,5,5,12,1,Fully Furnished,2,4.0,Main Road,No,45490000,12500,Research-informed synthetic estimate
KHP103626,Thrissur,Patturaikkal,Semi-Urban,Independent House,2835,5,5,25,0,Unfurnished,1,6.2,Local Road,No,12750000,5600,Research-informed synthetic estimate
KHP103627,Ernakulam,Perumbavoor,Semi-Urban,Villa,1944,3,3,4,1,Unfurnished,2,3.7,Main Road,Yes,8440000,3600,Research-informed synthetic estimate
KHP103628,Kasaragod,Uppala,Semi-Urban,Villa,2919,4,3,3,0,Semi-Furnished,1,1.3,Main Road,No,9940000,3000,Research-informed synthetic estimate
KHP103629,Kottayam,Kumarakom,Semi-Urban,Independent House,1774,3,3,12,0,Semi-Furnished,2,5.2,Main Road,No,13130000,6500,Research-informed synthetic estimate
KHP103630,Thrissur,Ollur,Semi-Urban,Independent House,1746,3,3,7,0,Unfurnished,0,1.0,Local Road,No,13530000,9000,Research-informed synthetic estimate
KHP103631,Idukki,Painavu,Rural,Villa,3389,4,4,7,2,Fully Furnished,1,7.6,Main Road,No,11490000,2600,Research-informed synthetic estimate
KHP103632,Pathanamthitta,Mallappally,Semi-Urban,Independent House,1139,1,1,24,3,Unfurnished,1,7.6,Local Road,Yes,2870000,3000,Research-informed synthetic estimate
KHP103633,Kasaragod,Hosdurg,Semi-Urban,Independent House,2241,4,4,29,0,Semi-Furnished,2,9.5,Main Road,No,6510000,3300,Research-informed synthetic estimate
KHP103634,Ernakulam,Kizhakkambalam,Semi-Urban,Independent House,1647,2,2,1,1,Unfurnished,1,9.5,Main Road,No,7910000,4700,Research-informed synthetic estimate
KHP103635,Kottayam,Manarcadu,Semi-Urban,Independent House,3822,6,5,21,1,Unfurnished,0,4.4,Local Road,Yes,11520000,3600,Research-informed synthetic estimate
KHP103636,Thiruvananthapuram,Vazhuthacaud,Urban,Apartment,3497,4,4,20,2,Unfurnished,6,1.3,Main Road,Yes,29880000,7800,Research-informed synthetic estimate
KHP103637,Pathanamthitta,Adoor,Semi-Urban,Independent House,2818,4,4,14,0,Unfurnished,0,2.3,Main Road,No,10540000,3900,Research-informed synthetic estimate
KHP103638,Kottayam,Kanjirappally,Rural,Villa,3226,5,4,10,0,Semi-Furnished,2,5.4,Highway Access,No,12620000,3000,Research-informed synthetic estimate
KHP103639,Thiruvananthapuram,Neyyattinkara,Rural,Apartment,1387,2,2,9,0,Fully Furnished,7,7.0,Narrow Road,No,4270000,4200,Research-informed synthetic estimate
KHP103640,Wayanad,Panamaram,Rural,Villa,1035,2,2,16,1,Unfurnished,2,1.1,Main Road,Yes,2610000,2900,Research-informed synthetic estimate
KHP103641,Idukki,Kattappana,Semi-Urban,Villa,1446,2,2,17,0,Semi-Furnished,0,5.6,Main Road,No,3880000,3000,Research-informed synthetic estimate
KHP103642,Palakkad,Olavakkode,Semi-Urban,Apartment,3242,5,5,26,1,Semi-Furnished,4,2.3,Local Road,No,13060000,4100,Research-informed synthetic estimate
KHP103643,Kottayam,Manarcadu,Rural,Independent House,3977,6,5,27,0,Fully Furnished,1,3.8,Local Road,Yes,13560000,3600,Research-informed synthetic estimate
KHP103644,Idukki,Munnar,Semi-Urban,Independent House,3257,4,3,24,0,Semi-Furnished,0,2.2,Narrow Road,No,16380000,6500,Research-informed synthetic estimate
KHP103645,Kannur,Iritty,Rural,Apartment,3902,6,5,17,0,Unfurnished,4,4.7,Highway Access,No,11750000,2800,Research-informed synthetic estimate
KHP103646,Kannur,Chala,Rural,Independent House,3713,6,5,7,1,Fully Furnished,1,2.7,Highway Access,No,17980000,3600,Research-informed synthetic estimate
KHP103647,Kasaragod,Hosdurg,Semi-Urban,Villa,1702,4,4,14,0,Semi-Furnished,2,3.4,Narrow Road,No,5930000,3300,Research-informed synthetic estimate
KHP103648,Thrissur,Koorkenchery,Semi-Urban,Villa,1803,3,3,28,2,Semi-Furnished,0,3.0,Main Road,No,11440000,6500,Research-informed synthetic estimate
KHP103649,Thiruvananthapuram,Kazhakkoottam,Semi-Urban,Independent House,695,1,1,15,2,Semi-Furnished,2,5.7,Narrow Road,No,3290000,6800,Research-informed synthetic estimate
KHP103650,Kasaragod,Kasaragod Town,Urban,Residential Plot,3389,4,4,7,1,Fully Furnished,1,1.0,Main Road,No,13400000,3600,Research-informed synthetic estimate
KHP103651,Kasaragod,Kasaragod Town,Urban,Independent House,1846,3,3,15,2,Fully Furnished,2,1.3,Local Road,Yes,6850000,3600,Research-informed synthetic estimate
KHP103652,Thiruvananthapuram,Peroorkada,Semi-Urban,Independent House,1876,3,3,4,1,Fully Furnished,0,10.0,Main Road,No,12590000,5900,Research-informed synthetic estimate
KHP103653,Palakkad,Pattambi,Rural,Independent House,1103,2,2,29,0,Semi-Furnished,2,1.9,Narrow Road,No,1620000,3000,Research-informed synthetic estimate
KHP103654,Kollam,Punalur,Semi-Urban,Residential Plot,1112,2,2,24,0,Unfurnished,1,3.7,Highway Access,No,2250000,3000,Research-informed synthetic estimate
KHP103655,Palakkad,Ottapalam,Semi-Urban,Apartment,3089,4,4,26,0,Semi-Furnished,2,0.3,Highway Access,No,9970000,3200,Research-informed synthetic estimate
KHP103656,Kasaragod,Bekal,Semi-Urban,Independent House,660,2,2,4,1,Unfurnished,0,3.0,Main Road,No,3120000,4200,Research-informed synthetic estimate
KHP103657,Kannur,Iritty,Rural,Independent House,2341,3,2,6,1,Semi-Furnished,0,5.3,Local Road,No,5790000,2800,Research-informed synthetic estimate
KHP103658,Ernakulam,Kakkanad,Semi-Urban,Residential Plot,1628,3,3,16,1,Fully Furnished,0,4.3,Local Road,No,9540000,6500,Research-informed synthetic estimate
KHP103659,Kasaragod,Uppala,Semi-Urban,Apartment,2664,3,3,14,1,Fully Furnished,6,4.7,Main Road,No,8460000,3000,Research-informed synthetic estimate
KHP103660,Ernakulam,Pallikkara,Rural,Villa,2289,4,4,6,1,Semi-Furnished,1,6.3,Main Road,No,10150000,4600,Research-informed synthetic estimate
KHP103661,Thrissur,Thrissur Town,Urban,Villa,3253,6,5,7,1,Semi-Furnished,1,5.0,Local Road,No,18740000,5000,Research-informed synthetic estimate
KHP103662,Idukki,Painavu,Rural,Independent House,836,2,2,4,1,Unfurnished,2,6.8,Main Road,No,2000000,2600,Research-informed synthetic estimate
KHP103663,Idukki,Adimali,Semi-Urban,Independent House,809,1,1,15,1,Semi-Furnished,1,4.6,Main Road,No,2080000,3000,Research-informed synthetic estimate
KHP103664,Kottayam,Pala,Semi-Urban,Residential Plot,1586,3,3,28,1,Unfurnished,0,3.1,Local Road,No,3870000,4200,Research-informed synthetic estimate
KHP103665,Palakkad,Ottapalam,Semi-Urban,Apartment,1199,3,3,19,1,Unfurnished,2,0.8,Local Road,No,3130000,3200,Research-informed synthetic estimate
KHP103666,Kollam,Chathannoor,Semi-Urban,Villa,807,1,1,1,2,Unfurnished,0,4.7,Narrow Road,No,2330000,3200,Research-informed synthetic estimate
KHP103667,Ernakulam,Muvattupuzha,Semi-Urban,Independent House,1776,2,2,22,2,Unfurnished,1,0.7,Main Road,Yes,6310000,3700,Research-informed synthetic estimate
KHP103668,Thrissur,Patturaikkal,Semi-Urban,Independent House,2085,3,3,18,1,Fully Furnished,1,6.5,Main Road,No,11470000,5600,Research-informed synthetic estimate
KHP103669,Thiruvananthapuram,Nedumangad,Rural,Independent House,1386,2,2,29,1,Semi-Furnished,0,0.9,Local Road,Yes,4180000,3600,Research-informed synthetic estimate
KHP103670,Kozhikode,West Hill,Semi-Urban,Villa,3335,5,5,6,0,Semi-Furnished,1,3.2,Highway Access,Yes,19060000,4200,Research-informed synthetic estimate
KHP103671,Kottayam,Ettumanoor,Semi-Urban,Apartment,3606,5,4,22,1,Unfurnished,1,10.3,Narrow Road,Yes,10760000,3900,Research-informed synthetic estimate
KHP103672,Palakkad,Shoranur,Rural,Villa,904,1,1,23,1,Semi-Furnished,1,2.2,Local Road,No,1800000,3100,Research-informed synthetic estimate
KHP103673,Pathanamthitta,Ranni,Rural,Independent House,2559,4,4,2,0,Semi-Furnished,2,4.5,Local Road,Yes,6760000,3000,Research-informed synthetic estimate
KHP103674,Kollam,Paravur,Semi-Urban,Villa,834,1,1,2,2,Unfurnished,0,5.0,Highway Access,No,3670000,3600,Research-informed synthetic estimate
KHP103675,Pathanamthitta,Pandalam,Rural,Residential Plot,3474,6,5,3,0,Semi-Furnished,1,6.2,Main Road,Yes,10560000,3400,Research-informed synthetic estimate
KHP103676,Wayanad,Sulthan Bathery,Rural,Apartment,3811,6,5,25,1,Semi-Furnished,2,1.2,Narrow Road,Yes,13210000,3900,Research-informed synthetic estimate
KHP103677,Thrissur,Mannuthy,Semi-Urban,Residential Plot,1571,3,3,26,2,Unfurnished,1,1.9,Narrow Road,No,4300000,4000,Research-informed synthetic estimate
KHP103678,Malappuram,Kottakkal,Semi-Urban,Apartment,3308,5,5,13,1,Semi-Furnished,6,1.5,Local Road,Yes,17230000,4400,Research-informed synthetic estimate
KHP103679,Malappuram,Perinthalmanna,Rural,Independent House,1153,2,2,16,1,Unfurnished,1,3.3,Main Road,Yes,4400000,4500,Research-informed synthetic estimate
KHP103680,Kottayam,Ettumanoor,Semi-Urban,Independent House,4095,6,5,22,0,Fully Furnished,2,2.3,Local Road,No,14450000,3900,Research-informed synthetic estimate
KHP103681,Kollam,Paravur,Rural,Apartment,3526,6,5,1,0,Semi-Furnished,0,1.0,Main Road,No,15880000,3600,Research-informed synthetic estimate
KHP103682,Thrissur,Guruvayur,Rural,Apartment,1839,3,3,17,1,Fully Furnished,0,5.5,Local Road,No,6400000,3700,Research-informed synthetic estimate
KHP103683,Idukki,Munnar,Semi-Urban,Independent House,3166,4,4,29,0,Semi-Furnished,1,2.3,Main Road,No,16200000,6500,Research-informed synthetic estimate
KHP103684,Wayanad,Mananthavady,Semi-Urban,Independent House,2091,3,3,12,1,Unfurnished,1,10.9,Local Road,No,5950000,3400,Research-informed synthetic estimate
KHP103685,Ernakulam,Palarivattom,Urban,Apartment,760,1,1,5,2,Fully Furnished,5,7.8,Local Road,No,6440000,7500,Research-informed synthetic estimate
KHP103686,Thiruvananthapuram,Kazhakkoottam,Semi-Urban,Independent House,1260,2,2,26,2,Semi-Furnished,2,7.8,Local Road,No,5700000,6800,Research-informed synthetic estimate
KHP103687,Kozhikode,Vadakara,Semi-Urban,Apartment,2732,5,5,16,3,Semi-Furnished,7,2.2,Local Road,Yes,17800000,6800,Research-informed synthetic estimate
KHP103688,Idukki,Kumily,Semi-Urban,Independent House,2494,4,4,28,0,Semi-Furnished,1,4.0,Main Road,Yes,7620000,3400,Research-informed synthetic estimate
KHP103689,Kozhikode,Palazhi,Semi-Urban,Independent House,1528,2,1,12,0,Unfurnished,2,1.3,Narrow Road,Yes,9230000,8600,Research-informed synthetic estimate
KHP103690,Palakkad,Pattambi,Semi-Urban,Independent House,2953,4,4,4,0,Unfurnished,2,4.4,Local Road,No,7590000,3000,Research-informed synthetic estimate
KHP103691,Thrissur,Muthuvattoor,Semi-Urban,Independent House,2144,3,3,1,2,Semi-Furnished,0,7.2,Local Road,No,7280000,3500,Research-informed synthetic estimate
KHP103692,Kasaragod,Nileshwar,Semi-Urban,Independent House,3615,6,5,16,1,Unfurnished,2,0.8,Main Road,No,11140000,3200,Research-informed synthetic estimate
KHP103693,Wayanad,Panamaram,Rural,Apartment,3852,6,5,29,0,Semi-Furnished,3,8.5,Highway Access,No,12120000,2900,Research-informed synthetic estimate
KHP103694,Thrissur,Patturaikkal,Semi-Urban,Apartment,3188,5,5,29,0,Fully Furnished,1,0.3,Local Road,No,17260000,5600,Research-informed synthetic estimate
KHP103695,Pathanamthitta,Konni,Rural,Residential Plot,1527,3,3,2,2,Unfurnished,2,2.7,Main Road,Yes,4340000,2900,Research-informed synthetic estimate
KHP103696,Ernakulam,Pallikkara,Semi-Urban,Villa,3268,6,5,12,0,Fully Furnished,2,1.4,Main Road,No,18700000,4600,Research-informed synthetic estimate
KHP103697,Idukki,Painavu,Rural,Independent House,2599,4,4,15,0,Semi-Furnished,1,6.9,Local Road,No,4730000,2600,Research-informed synthetic estimate
KHP103698,Pathanamthitta,Thiruvalla,Semi-Urban,Independent House,3664,6,5,21,0,Semi-Furnished,2,1.8,Local Road,Yes,17800000,4700,Research-informed synthetic estimate
KHP103699,Kasaragod,Kanhangad,Semi-Urban,Villa,3111,5,5,13,2,Semi-Furnished,0,7.5,Narrow Road,Yes,10700000,3500,Research-informed synthetic estimate
KHP103700,Pathanamthitta,Pandalam,Rural,Apartment,1737,3,3,20,0,Semi-Furnished,5,1.1,Main Road,No,4650000,3400,Research-informed synthetic estimate
KHP103701,Palakkad,Chittur,Rural,Independent House,1016,2,1,27,1,Fully Furnished,2,7.7,Local Road,Yes,2080000,2900,Research-informed synthetic estimate
KHP103702,Thrissur,Muthuvattoor,Semi-Urban,Independent House,3328,5,5,12,2,Semi-Furnished,1,4.2,Highway Access,No,14100000,3500,Research-informed synthetic estimate
KHP103703,Kottayam,Kottayam Town,Urban,Independent House,4131,6,5,28,0,Unfurnished,0,1.2,Local Road,Yes,18750000,5200,Research-informed synthetic estimate
KHP103704,Pathanamthitta,Mallappally,Rural,Independent House,2108,4,4,26,0,Unfurnished,2,1.1,Local Road,No,4310000,3000,Research-informed synthetic estimate
KHP103705,Alappuzha,Alappuzha Beach,Semi-Urban,Residential Plot,1345,3,3,4,1,Semi-Furnished,0,3.8,Main Road,Yes,9340000,6800,Research-informed synthetic estimate
KHP103706,Alappuzha,Alappuzha Beach,Rural,Residential Plot,2520,4,4,1,1,Unfurnished,1,8.3,Main Road,No,12060000,6800,Research-informed synthetic estimate
KHP103707,Alappuzha,Alappuzha Beach,Semi-Urban,Apartment,2208,3,3,5,0,Semi-Furnished,5,3.5,Main Road,No,16130000,6800,Research-informed synthetic estimate
KHP103708,Kozhikode,Mavoor Road,Urban,Villa,880,2,2,15,0,Unfurnished,0,4.6,Main Road,No,6010000,6400,Research-informed synthetic estimate
KHP103709,Kollam,Kottarakkara,Semi-Urban,Apartment,4121,5,4,6,1,Unfurnished,6,3.2,Local Road,Yes,13650000,3400,Research-informed synthetic estimate
KHP103710,Idukki,Painavu,Rural,Residential Plot,3450,6,5,16,2,Unfurnished,1,4.0,Main Road,No,7030000,2600,Research-informed synthetic estimate
KHP103711,Malappuram,Parappanangadi,Rural,Independent House,1746,3,3,18,1,Unfurnished,2,4.8,Narrow Road,No,4240000,3600,Research-informed synthetic estimate
KHP103712,Pathanamthitta,Ranni,Rural,Villa,1160,2,2,0,0,Semi-Furnished,2,3.8,Narrow Road,No,3240000,3000,Research-informed synthetic estimate
KHP103713,Alappuzha,Kayamkulam,Rural,Independent House,1633,3,3,4,0,Unfurnished,0,8.9,Local Road,Yes,4660000,3600,Research-informed synthetic estimate
KHP103714,Kottayam,Kottayam Town,Urban,Apartment,2261,2,2,6,3,Semi-Furnished,6,0.7,Local Road,No,11350000,5200,Research-informed synthetic estimate
KHP103715,Ernakulam,Kizhakkambalam,Semi-Urban,Apartment,964,3,3,24,1,Unfurnished,3,3.3,Local Road,Yes,3660000,4700,Research-informed synthetic estimate
KHP103716,Thrissur,Ollur,Semi-Urban,Independent House,1303,2,1,14,1,Semi-Furnished,1,3.5,Local Road,No,9650000,9000,Research-informed synthetic estimate
KHP103717,Pathanamthitta,Mallappally,Rural,Independent House,3280,4,4,18,0,Unfurnished,1,3.8,Local Road,Yes,8440000,3000,Research-informed synthetic estimate
KHP103718,Idukki,Thodupuzha,Semi-Urban,Villa,2297,4,4,9,0,Semi-Furnished,2,1.9,Narrow Road,No,9310000,3900,Research-informed synthetic estimate
KHP103719,Malappuram,Perinthalmanna,Semi-Urban,Residential Plot,1179,1,1,2,0,Semi-Furnished,0,1.1,Narrow Road,No,4160000,4500,Research-informed synthetic estimate
KHP103720,Wayanad,Meppadi,Rural,Independent House,2183,4,3,24,0,Unfurnished,1,16.0,Local Road,No,4310000,3300,Research-informed synthetic estimate
KHP103721,Wayanad,Meppadi,Semi-Urban,Apartment,3580,6,5,20,2,Unfurnished,5,2.1,Local Road,No,11100000,3300,Research-informed synthetic estimate
KHP103722,Kozhikode,Ramanattukara,Rural,Independent House,2177,3,3,24,1,Fully Furnished,2,0.4,Main Road,No,7290000,3900,Research-informed synthetic estimate
KHP103723,Alappuzha,Muhamma,Rural,Independent House,3261,4,4,26,0,Unfurnished,2,2.5,Local Road,No,9520000,4000,Research-informed synthetic estimate
KHP103724,Pathanamthitta,Mallappally,Semi-Urban,Independent House,2683,5,5,3,1,Unfurnished,1,3.3,Narrow Road,Yes,7040000,3000,Research-informed synthetic estimate
KHP103725,Thiruvananthapuram,Pattom,Urban,Residential Plot,2557,4,4,24,0,Unfurnished,2,7.2,Local Road,No,13500000,7200,Research-informed synthetic estimate
KHP103726,Kottayam,Vaikom,Rural,Independent House,3983,6,5,4,1,Fully Furnished,2,1.8,Local Road,No,16420000,3500,Research-informed synthetic estimate
KHP103727,Kasaragod,Kanhangad,Semi-Urban,Independent House,3436,6,5,24,0,Unfurnished,2,0.7,Main Road,No,11350000,3500,Research-informed synthetic estimate
KHP103728,Idukki,Munnar,Semi-Urban,Apartment,2947,4,4,5,3,Semi-Furnished,4,1.3,Narrow Road,No,24100000,6500,Research-informed synthetic estimate
KHP103729,Kollam,Kavanad,Semi-Urban,Independent House,3281,5,4,19,1,Fully Furnished,1,1.4,Main Road,No,18810000,5000,Research-informed synthetic estimate
KHP103730,Thrissur,Mannuthy,Semi-Urban,Residential Plot,1484,2,2,13,2,Semi-Furnished,2,11.6,Narrow Road,No,4540000,4000,Research-informed synthetic estimate
KHP103731,Kannur,Kannur Town,Urban,Residential Plot,4161,6,5,2,1,Unfurnished,0,3.8,Main Road,No,14810000,4500,Research-informed synthetic estimate
KHP103732,Thiruvananthapuram,Peroorkada,Rural,Independent House,2383,4,4,24,1,Fully Furnished,0,2.1,Main Road,Yes,13170000,5900,Research-informed synthetic estimate
KHP103733,Pathanamthitta,Thiruvalla,Rural,Apartment,2272,3,2,25,2,Unfurnished,5,9.6,Local Road,No,6370000,4700,Research-informed synthetic estimate
KHP103734,Thrissur,Irinjalakuda,Rural,Independent House,2909,5,5,10,1,Semi-Furnished,2,6.6,Main Road,No,8860000,3400,Research-informed synthetic estimate
KHP103735,Alappuzha,Alappuzha Town,Urban,Villa,853,2,2,15,2,Semi-Furnished,0,12.3,Main Road,No,5080000,6000,Research-informed synthetic estimate
KHP103736,Thiruvananthapuram,Vazhuthacaud,Urban,Apartment,2731,4,4,22,1,Fully Furnished,7,1.3,Main Road,Yes,27860000,7800,Research-informed synthetic estimate
KHP103737,Malappuram,Parappanangadi,Semi-Urban,Residential Plot,2396,2,1,15,3,Unfurnished,2,2.0,Main Road,No,6650000,3600,Research-informed synthetic estimate
KHP103738,Kozhikode,Kottooli,Semi-Urban,Apartment,2066,2,2,18,0,Semi-Furnished,3,3.8,Narrow Road,Yes,10780000,6500,Research-informed synthetic estimate
KHP103739,Kozhikode,Cyberpark,Rural,Apartment,2899,3,3,25,0,Semi-Furnished,5,3.6,Main Road,No,11960000,5000,Research-informed synthetic estimate
KHP103740,Ernakulam,Thrippunithura,Semi-Urban,Independent House,2916,5,5,3,0,Unfurnished,0,2.9,Narrow Road,No,17950000,6000,Research-informed synthetic estimate
KHP103741,Thrissur,Naikkanal,Semi-Urban,Independent House,4039,5,5,24,1,Fully Furnished,0,3.1,Main Road,No,20130000,5300,Research-informed synthetic estimate
KHP103742,Kannur,Thalassery,Semi-Urban,Villa,2110,2,2,5,3,Semi-Furnished,2,3.5,Local Road,No,9200000,4300,Research-informed synthetic estimate
KHP103743,Thrissur,Naikkanal,Semi-Urban,Independent House,977,1,1,27,0,Unfurnished,1,10.8,Main Road,No,3240000,5300,Research-informed synthetic estimate
KHP103744,Pathanamthitta,Pathanamthitta Town,Rural,Residential Plot,2935,4,4,23,2,Unfurnished,2,2.0,Narrow Road,No,7050000,3800,Research-informed synthetic estimate
KHP103745,Thrissur,Guruvayur,Rural,Apartment,3048,5,5,19,0,Unfurnished,3,6.4,Local Road,No,12760000,3700,Research-informed synthetic estimate
KHP103746,Ernakulam,Kadavanthra,Urban,Independent House,2903,5,5,3,2,Unfurnished,2,13.4,Main Road,Yes,29440000,9000,Research-informed synthetic estimate
KHP103747,Kozhikode,Thondayad,Rural,Apartment,1044,3,3,11,0,Unfurnished,5,3.6,Local Road,No,3790000,5000,Research-informed synthetic estimate
KHP103748,Idukki,Munnar,Semi-Urban,Apartment,3932,5,4,11,0,Semi-Furnished,4,4.9,Local Road,No,26630000,6500,Research-informed synthetic estimate
KHP103749,Thrissur,Naikkanal,Rural,Villa,3386,6,5,22,0,Semi-Furnished,0,5.0,Main Road,No,15350000,5300,Research-informed synthetic estimate
KHP103750,Thiruvananthapuram,Technopark,Semi-Urban,Villa,3557,5,5,22,2,Semi-Furnished,0,6.2,Narrow Road,No,24100000,7000,Research-informed synthetic estimate
KHP103751,Kozhikode,Thondayad,Rural,Independent House,1199,1,1,19,1,Unfurnished,0,3.1,Main Road,No,3810000,5000,Research-informed synthetic estimate
KHP103752,Kannur,Chala,Semi-Urban,Villa,1762,3,3,8,0,Semi-Furnished,2,2.7,Highway Access,No,6810000,3600,Research-informed synthetic estimate
KHP103753,Kozhikode,Feroke,Semi-Urban,Independent House,1454,2,1,20,2,Semi-Furnished,2,1.6,Narrow Road,Yes,4230000,3700,Research-informed synthetic estimate
KHP103754,Alappuzha,Alappuzha Beach,Semi-Urban,Independent House,2977,5,5,18,0,Unfurnished,2,4.6,Main Road,No,18080000,6800,Research-informed synthetic estimate
KHP103755,Alappuzha,Cherthala,Semi-Urban,Independent House,2264,4,4,28,1,Unfurnished,1,1.6,Narrow Road,No,7420000,4700,Research-informed synthetic estimate
KHP103756,Kottayam,Kumarakom,Semi-Urban,Independent House,2345,3,3,26,1,Semi-Furnished,1,6.1,Highway Access,No,14910000,6500,Research-informed synthetic estimate
KHP103757,Kozhikode,Feroke,Semi-Urban,Apartment,4142,5,5,14,1,Semi-Furnished,3,4.4,Highway Access,Yes,18520000,3700,Research-informed synthetic estimate
KHP103758,Kollam,Kottarakkara,Semi-Urban,Apartment,2298,3,3,26,1,Semi-Furnished,7,8.0,Main Road,No,7580000,3400,Research-informed synthetic estimate
KHP103759,Kozhikode,Kottooli,Semi-Urban,Residential Plot,3020,6,5,24,0,Fully Furnished,1,4.0,Local Road,No,13520000,6500,Research-informed synthetic estimate
KHP103760,Kollam,Chinnakada,Urban,Apartment,1823,2,2,20,1,Unfurnished,6,1.3,Main Road,No,8080000,5000,Research-informed synthetic estimate
KHP103761,Malappuram,Kondotty,Semi-Urban,Independent House,3811,6,5,17,1,Unfurnished,2,3.9,Main Road,No,16010000,4300,Research-informed synthetic estimate
KHP103762,Wayanad,Kalpetta,Semi-Urban,Independent House,1259,1,1,17,0,Unfurnished,1,6.4,Main Road,Yes,4420000,4300,Research-informed synthetic estimate
KHP103763,Thrissur,Kodungallur,Semi-Urban,Independent House,2844,3,2,23,0,Semi-Furnished,1,7.9,Local Road,No,8520000,3600,Research-informed synthetic estimate
KHP103764,Malappuram,Parappanangadi,Semi-Urban,Independent House,4190,6,5,7,2,Unfurnished,1,2.1,Local Road,No,16440000,3600,Research-informed synthetic estimate
KHP103765,Kollam,Karunagappally,Rural,Residential Plot,3474,6,5,12,1,Unfurnished,0,6.3,Highway Access,No,12310000,3800,Research-informed synthetic estimate
KHP103766,Palakkad,Palakkad Town,Urban,Villa,3905,6,5,25,1,Semi-Furnished,0,8.5,Local Road,No,13810000,3900,Research-informed synthetic estimate
KHP103767,Kozhikode,Malaparamba,Rural,Independent House,4147,6,5,1,0,Semi-Furnished,0,1.6,Local Road,No,33530000,7500,Research-informed synthetic estimate
KHP103768,Kozhikode,Chevayur,Semi-Urban,Independent House,3465,4,4,1,1,Unfurnished,2,3.4,Local Road,No,17300000,4700,Research-informed synthetic estimate
KHP103769,Thrissur,Irinjalakuda,Semi-Urban,Independent House,1814,3,3,1,3,Fully Furnished,0,3.4,Main Road,Yes,7260000,3400,Research-informed synthetic estimate
KHP103770,Wayanad,Sulthan Bathery,Rural,Independent House,3539,5,5,13,2,Fully Furnished,2,5.1,Local Road,Yes,15910000,3900,Research-informed synthetic estimate
KHP103771,Kottayam,Manarcadu,Semi-Urban,Independent House,677,1,1,27,0,Unfurnished,1,0.3,Main Road,Yes,1880000,3600,Research-informed synthetic estimate
KHP103772,Kasaragod,Cheruvathur,Rural,Residential Plot,2372,3,3,21,1,Semi-Furnished,1,1.1,Local Road,No,5380000,2900,Research-informed synthetic estimate
KHP103773,Kasaragod,Bekal,Semi-Urban,Apartment,3742,5,5,5,1,Unfurnished,4,3.4,Narrow Road,No,16320000,4200,Research-informed synthetic estimate
KHP103774,Kozhikode,Nellikode,Rural,Villa,1880,2,2,1,1,Unfurnished,0,4.1,Main Road,No,8070000,4500,Research-informed synthetic estimate
KHP103775,Thrissur,Thrissur Town,Urban,Independent House,2724,5,5,21,1,Semi-Furnished,0,4.8,Main Road,No,13080000,5000,Research-informed synthetic estimate
KHP103776,Thiruvananthapuram,Vazhuthacaud,Urban,Apartment,809,2,1,5,0,Unfurnished,2,0.4,Highway Access,No,7700000,7800,Research-informed synthetic estimate
KHP103777,Thrissur,Kunnamkulam,Semi-Urban,Residential Plot,2779,5,4,25,1,Unfurnished,0,0.5,Local Road,No,5860000,3500,Research-informed synthetic estimate
KHP103778,Thrissur,Chalakudy,Semi-Urban,Villa,2803,4,4,15,1,Semi-Furnished,1,1.7,Highway Access,No,13500000,3900,Research-informed synthetic estimate
KHP103779,Kottayam,Pala,Rural,Independent House,2533,2,1,9,2,Semi-Furnished,2,9.5,Main Road,No,8480000,4200,Research-informed synthetic estimate
KHP103780,Palakkad,Chittur,Rural,Residential Plot,2856,3,3,18,2,Unfurnished,2,7.1,Local Road,No,4910000,2900,Research-informed synthetic estimate
KHP103781,Kasaragod,Hosdurg,Semi-Urban,Independent House,3150,4,4,27,0,Unfurnished,2,1.9,Local Road,Yes,8010000,3300,Research-informed synthetic estimate
KHP103782,Kollam,Kavanad,Semi-Urban,Villa,2198,4,4,25,1,Semi-Furnished,0,7.9,Main Road,No,10700000,5000,Research-informed synthetic estimate
KHP103783,Pathanamthitta,Adoor,Semi-Urban,Apartment,1238,3,3,9,0,Fully Furnished,0,0.3,Narrow Road,No,4520000,3900,Research-informed synthetic estimate
KHP103784,Kannur,Sreekandapuram,Rural,Apartment,2057,2,2,4,1,Unfurnished,1,2.8,Main Road,No,5940000,2900,Research-informed synthetic estimate
KHP103785,Wayanad,Ambalavayal,Rural,Apartment,1765,2,2,25,3,Unfurnished,2,1.5,Main Road,No,4330000,3200,Research-informed synthetic estimate
KHP103786,Kozhikode,Government Medical College,Urban,Independent House,3525,6,5,24,0,Semi-Furnished,2,8.5,Main Road,No,29730000,9300,Research-informed synthetic estimate
KHP103787,Kasaragod,Kasaragod Town,Urban,Apartment,1248,1,1,13,3,Semi-Furnished,7,16.1,Highway Access,No,4740000,3600,Research-informed synthetic estimate
KHP103788,Kasaragod,Uppala,Rural,Independent House,2182,3,3,1,0,Fully Furnished,2,2.1,Local Road,Yes,6290000,3000,Research-informed synthetic estimate
KHP103789,Idukki,Munnar,Rural,Apartment,1779,3,3,8,2,Semi-Furnished,0,1.0,Main Road,No,12400000,6500,Research-informed synthetic estimate
KHP103790,Palakkad,Alathur,Rural,Apartment,4095,6,5,29,1,Semi-Furnished,6,3.9,Local Road,Yes,13010000,2900,Research-informed synthetic estimate
KHP103791,Kollam,Punalur,Rural,Residential Plot,1890,3,2,12,1,Fully Furnished,1,3.6,Main Road,No,4070000,3000,Research-informed synthetic estimate
KHP103792,Thrissur,Koorkenchery,Semi-Urban,Independent House,2207,3,2,22,1,Unfurnished,2,8.5,Narrow Road,No,9690000,6500,Research-informed synthetic estimate
KHP103793,Malappuram,Nilambur,Semi-Urban,Apartment,3861,6,5,17,0,Semi-Furnished,7,1.3,Main Road,No,15110000,3300,Research-informed synthetic estimate
KHP103794,Idukki,Nedumkandam,Rural,Independent House,800,1,1,14,1,Unfurnished,1,5.4,Local Road,No,1610000,2700,Research-informed synthetic estimate
KHP103795,Idukki,Thodupuzha,Rural,Independent House,2576,4,4,18,1,Semi-Furnished,1,11.3,Local Road,Yes,7730000,3900,Research-informed synthetic estimate
KHP103796,Alappuzha,Muhamma,Semi-Urban,Residential Plot,1998,3,3,22,0,Semi-Furnished,0,2.1,Main Road,No,5920000,4000,Research-informed synthetic estimate
KHP103797,Kottayam,Kottayam Town,Urban,Independent House,4175,6,5,13,0,Fully Furnished,1,4.2,Main Road,No,26500000,5200,Research-informed synthetic estimate
KHP103798,Thrissur,Chalakudy,Semi-Urban,Apartment,3725,6,5,29,2,Semi-Furnished,7,5.2,Main Road,No,13030000,3900,Research-informed synthetic estimate
KHP103799,Ernakulam,Marine Drive,Urban,Apartment,2970,6,5,4,0,Unfurnished,4,3.3,Narrow Road,No,34030000,12500,Research-informed synthetic estimate
KHP103800,Idukki,Nedumkandam,Rural,Independent House,824,1,1,25,0,Unfurnished,0,0.9,Main Road,No,1510000,2700,Research-informed synthetic estimate
KHP103801,Kottayam,Ettumanoor,Semi-Urban,Residential Plot,3895,5,5,24,3,Unfurnished,1,2.5,Narrow Road,No,10660000,3900,Research-informed synthetic estimate
KHP103802,Ernakulam,Kizhakkambalam,Semi-Urban,Villa,1237,1,1,13,0,Unfurnished,2,0.8,Main Road,No,5440000,4700,Research-informed synthetic estimate
KHP103803,Malappuram,Tirur,Semi-Urban,Residential Plot,1047,1,1,2,1,Semi-Furnished,2,5.1,Local Road,No,3620000,4200,Research-informed synthetic estimate
KHP103804,Pathanamthitta,Pathanamthitta Town,Semi-Urban,Apartment,3083,5,5,24,1,Fully Furnished,6,2.8,Highway Access,No,14270000,3800,Research-informed synthetic estimate
KHP103805,Malappuram,Perinthalmanna,Semi-Urban,Independent House,1422,3,3,4,0,Unfurnished,1,7.6,Highway Access,Yes,6920000,4500,Research-informed synthetic estimate
KHP103806,Wayanad,Panamaram,Rural,Residential Plot,1718,3,3,22,2,Unfurnished,2,1.0,Highway Access,No,3890000,2900,Research-informed synthetic estimate
KHP103807,Idukki,Thodupuzha,Rural,Independent House,2456,4,3,9,1,Unfurnished,0,1.0,Local Road,Yes,8180000,3900,Research-informed synthetic estimate
KHP103808,Alappuzha,Haripad,Semi-Urban,Residential Plot,1191,1,1,23,1,Semi-Furnished,1,4.4,Narrow Road,Yes,2110000,3200,Research-informed synthetic estimate
KHP103809,Kollam,Punalur,Semi-Urban,Residential Plot,925,3,3,24,2,Semi-Furnished,2,11.7,Narrow Road,No,1670000,3000,Research-informed synthetic estimate
KHP103810,Kasaragod,Kasaragod Town,Urban,Apartment,3994,6,5,26,0,Semi-Furnished,4,2.3,Highway Access,No,16510000,3600,Research-informed synthetic estimate
KHP103811,Palakkad,Pattambi,Rural,Residential Plot,2421,4,4,12,0,Fully Furnished,0,2.8,Local Road,No,4900000,3000,Research-informed synthetic estimate
KHP103812,Pathanamthitta,Mallappally,Semi-Urban,Villa,701,2,2,21,1,Semi-Furnished,2,2.0,Local Road,Yes,2110000,3000,Research-informed synthetic estimate
KHP103813,Kollam,Paravur,Rural,Independent House,1417,2,2,5,3,Semi-Furnished,2,3.1,Main Road,No,4850000,3600,Research-informed synthetic estimate
KHP103814,Thiruvananthapuram,Sreekaryam,Rural,Residential Plot,2286,3,3,16,2,Semi-Furnished,2,5.5,Local Road,No,7370000,6200,Research-informed synthetic estimate
KHP103815,Wayanad,Ambalavayal,Semi-Urban,Residential Plot,3642,6,5,27,2,Unfurnished,1,3.6,Highway Access,Yes,9930000,3200,Research-informed synthetic estimate
KHP103816,Palakkad,Shoranur,Rural,Apartment,1352,2,2,22,1,Unfurnished,0,4.4,Main Road,No,2790000,3100,Research-informed synthetic estimate
KHP103817,Ernakulam,Edappally,Urban,Independent House,1377,1,1,16,0,Fully Furnished,2,1.9,Narrow Road,No,9550000,7600,Research-informed synthetic estimate
KHP103818,Kozhikode,Malaparamba,Semi-Urban,Independent House,4131,6,5,21,3,Fully Furnished,0,8.8,Main Road,No,38450000,7500,Research-informed synthetic estimate
KHP103819,Thrissur,Patturaikkal,Semi-Urban,Villa,1779,2,2,28,3,Semi-Furnished,0,2.1,Narrow Road,Yes,8640000,5600,Research-informed synthetic estimate
KHP103820,Kottayam,Vaikom,Semi-Urban,Independent House,839,2,2,20,1,Fully Furnished,2,5.4,Local Road,No,2550000,3500,Research-informed synthetic estimate
KHP103821,Kasaragod,Uppala,Semi-Urban,Villa,2616,3,3,21,0,Unfurnished,2,2.8,Local Road,Yes,7320000,3000,Research-informed synthetic estimate
KHP103822,Kottayam,Kumarakom,Semi-Urban,Residential Plot,2940,4,3,9,2,Semi-Furnished,2,1.6,Main Road,Yes,22920000,6500,Research-informed synthetic estimate
KHP103823,Kozhikode,Thondayad,Semi-Urban,Apartment,3921,6,5,12,2,Unfurnished,3,11.7,Local Road,No,19140000,5000,Research-informed synthetic estimate
KHP103824,Ernakulam,Thrippunithura,Semi-Urban,Apartment,2675,4,3,1,1,Fully Furnished,2,5.1,Local Road,No,16040000,6000,Research-informed synthetic estimate
KHP103825,Kottayam,Manarcadu,Semi-Urban,Independent House,1764,2,2,10,1,Unfurnished,0,1.5,Narrow Road,No,4270000,3600,Research-informed synthetic estimate
KHP103826,Wayanad,Meppadi,Semi-Urban,Independent House,1563,3,3,17,0,Unfurnished,2,0.5,Main Road,No,5010000,3300,Research-informed synthetic estimate
KHP103827,Ernakulam,Kalamassery,Semi-Urban,Apartment,1150,2,2,12,0,Fully Furnished,5,2.5,Main Road,No,7590000,6000,Research-informed synthetic estimate
KHP103828,Idukki,Painavu,Rural,Independent House,3163,6,5,9,0,Fully Furnished,1,0.3,Highway Access,No,11450000,2600,Research-informed synthetic estimate
KHP103829,Kannur,Chala,Semi-Urban,Residential Plot,725,1,1,0,2,Unfurnished,2,4.4,Local Road,Yes,1800000,3600,Research-informed synthetic estimate
KHP103830,Wayanad,Vythiri,Semi-Urban,Villa,1735,2,2,7,1,Semi-Furnished,2,5.0,Local Road,No,7980000,4700,Research-informed synthetic estimate
KHP103831,Pathanamthitta,Adoor,Semi-Urban,Independent House,1538,2,2,13,1,Unfurnished,2,10.9,Main Road,No,4470000,3900,Research-informed synthetic estimate
KHP103832,Kottayam,Manarcadu,Rural,Independent House,2542,4,4,22,1,Unfurnished,2,2.8,Local Road,No,6500000,3600,Research-informed synthetic estimate
KHP103833,Kasaragod,Manjeshwar,Semi-Urban,Apartment,1013,3,3,9,3,Semi-Furnished,4,0.5,Main Road,No,3830000,3400,Research-informed synthetic estimate
KHP103834,Thrissur,Irinjalakuda,Semi-Urban,Independent House,1484,3,3,13,1,Semi-Furnished,1,5.1,Narrow Road,No,4690000,3400,Research-informed synthetic estimate
KHP103835,Kozhikode,Vadakara,Semi-Urban,Residential Plot,3139,4,3,13,1,Fully Furnished,0,7.8,Local Road,No,16880000,6800,Research-informed synthetic estimate
KHP103836,Palakkad,Pattambi,Semi-Urban,Villa,1133,1,1,4,0,Semi-Furnished,2,4.7,Local Road,No,3400000,3000,Research-informed synthetic estimate
KHP103837,Malappuram,Kottakkal,Semi-Urban,Independent House,3824,6,5,15,1,Fully Furnished,0,1.5,Main Road,Yes,22720000,4400,Research-informed synthetic estimate
KHP103838,Wayanad,Mananthavady,Semi-Urban,Apartment,2726,4,4,18,0,Fully Furnished,2,5.6,Local Road,Yes,9320000,3400,Research-informed synthetic estimate
KHP103839,Kozhikode,Puthiyangadi,Rural,Villa,2987,5,5,5,2,Semi-Furnished,1,1.9,Main Road,No,26650000,7900,Research-informed synthetic estimate
KHP103840,Thrissur,Patturaikkal,Rural,Independent House,1104,1,1,16,3,Unfurnished,0,2.2,Main Road,No,4620000,5600,Research-informed synthetic estimate
KHP103841,Kasaragod,Bekal,Semi-Urban,Independent House,1928,3,3,13,0,Fully Furnished,0,3.1,Local Road,No,7580000,4200,Research-informed synthetic estimate
KHP103842,Palakkad,Mannarkkad,Rural,Apartment,2365,2,2,5,3,Unfurnished,3,2.6,Local Road,Yes,5300000,2800,Research-informed synthetic estimate
KHP103843,Pathanamthitta,Adoor,Semi-Urban,Independent House,4083,6,5,19,1,Unfurnished,1,2.7,Local Road,No,14820000,3900,Research-informed synthetic estimate
KHP103844,Thiruvananthapuram,Vazhuthacaud,Urban,Apartment,1753,3,2,28,2,Semi-Furnished,6,4.6,Narrow Road,No,10460000,7800,Research-informed synthetic estimate
KHP103845,Wayanad,Vythiri,Rural,Villa,3632,5,5,0,1,Unfurnished,2,3.8,Main Road,Yes,22250000,4700,Research-informed synthetic estimate
KHP103846,Kannur,Payyannur,Semi-Urban,Independent House,1432,3,3,23,1,Semi-Furnished,1,4.1,Main Road,No,4910000,3900,Research-informed synthetic estimate
KHP103847,Wayanad,Mananthavady,Semi-Urban,Independent House,1343,2,1,23,2,Semi-Furnished,0,3.1,Narrow Road,No,3050000,3400,Research-informed synthetic estimate
KHP103848,Malappuram,Kottakkal,Semi-Urban,Independent House,1822,3,3,17,0,Unfurnished,1,6.9,Main Road,No,7590000,4400,Research-informed synthetic estimate
KHP103849,Idukki,Nedumkandam,Rural,Apartment,2578,2,2,4,2,Semi-Furnished,5,4.4,Main Road,No,7030000,2700,Research-informed synthetic estimate
KHP103850,Ernakulam,Chottanikkara,Semi-Urban,Apartment,1193,2,2,19,1,Unfurnished,4,4.7,Main Road,No,4060000,4200,Research-informed synthetic estimate
KHP103851,Malappuram,Ponnani,Semi-Urban,Independent House,3667,6,5,22,1,Unfurnished,0,3.5,Local Road,No,10590000,3500,Research-informed synthetic estimate
KHP103852,Palakkad,Mannarkkad,Rural,Independent House,789,1,1,22,2,Fully Furnished,0,2.0,Main Road,No,2010000,2800,Research-informed synthetic estimate
KHP103853,Kozhikode,Puthiyangadi,Semi-Urban,Independent House,865,1,1,5,2,Semi-Furnished,1,5.3,Local Road,No,6010000,7900,Research-informed synthetic estimate
KHP103854,Thrissur,Guruvayur,Semi-Urban,Apartment,3409,4,4,30,3,Semi-Furnished,0,6.6,Main Road,No,13800000,3700,Research-informed synthetic estimate
KHP103855,Idukki,Nedumkandam,Rural,Apartment,1939,4,3,18,0,Fully Furnished,6,3.0,Local Road,No,4380000,2700,Research-informed synthetic estimate
KHP103856,Ernakulam,Chottanikkara,Semi-Urban,Apartment,1293,1,1,29,2,Fully Furnished,7,3.9,Highway Access,No,5560000,4200,Research-informed synthetic estimate
KHP103857,Kozhikode,Feroke,Semi-Urban,Residential Plot,2043,3,2,10,3,Unfurnished,1,5.0,Main Road,No,6190000,3700,Research-informed synthetic estimate
KHP103858,Kollam,Kollam Town,Urban,Villa,1628,2,2,27,2,Fully Furnished,2,1.3,Highway Access,No,9600000,4800,Research-informed synthetic estimate
KHP103859,Alappuzha,Alappuzha Town,Urban,Independent House,888,1,1,8,1,Unfurnished,2,5.6,Local Road,Yes,5190000,6000,Research-informed synthetic estimate
KHP103860,Kasaragod,Kasaragod Town,Urban,Residential Plot,4191,6,5,7,2,Fully Furnished,0,2.8,Local Road,No,17460000,3600,Research-informed synthetic estimate
KHP103861,Kannur,Kannur Town,Urban,Independent House,3182,6,5,3,1,Unfurnished,0,3.8,Highway Access,No,18570000,4500,Research-informed synthetic estimate
KHP103862,Wayanad,Meppadi,Semi-Urban,Residential Plot,2798,5,5,6,2,Fully Furnished,1,1.9,Narrow Road,No,9130000,3300,Research-informed synthetic estimate
KHP103863,Palakkad,Olavakkode,Semi-Urban,Villa,2066,3,3,2,1,Unfurnished,1,7.1,Local Road,No,8700000,4100,Research-informed synthetic estimate
KHP103864,Thrissur,Punkunnam,Semi-Urban,Villa,3933,6,5,11,2,Unfurnished,1,10.8,Local Road,No,21320000,5500,Research-informed synthetic estimate
KHP103865,Kollam,Asramam,Semi-Urban,Independent House,2138,3,3,14,1,Unfurnished,0,6.9,Highway Access,No,10880000,5200,Research-informed synthetic estimate
KHP103866,Malappuram,Manjeri,Semi-Urban,Apartment,926,1,1,25,2,Unfurnished,1,12.6,Main Road,No,3290000,4300,Research-informed synthetic estimate
KHP103867,Kollam,Chinnakada,Urban,Independent House,1077,1,1,8,1,Semi-Furnished,1,2.9,Narrow Road,No,4420000,5000,Research-informed synthetic estimate
KHP103868,Idukki,Nedumkandam,Rural,Independent House,2479,4,4,8,0,Semi-Furnished,1,3.3,Main Road,No,6550000,2700,Research-informed synthetic estimate
KHP103869,Kozhikode,Pantheerankavu,Rural,Independent House,1406,3,3,13,1,Semi-Furnished,2,1.4,Local Road,No,9280000,8500,Research-informed synthetic estimate
KHP103870,Alappuzha,Muhamma,Semi-Urban,Apartment,2981,5,5,15,3,Unfurnished,4,2.3,Main Road,Yes,11560000,4000,Research-informed synthetic estimate
KHP103871,Pathanamthitta,Konni,Rural,Independent House,3599,5,5,18,2,Fully Furnished,2,6.3,Narrow Road,No,9070000,2900,Research-informed synthetic estimate
KHP103872,Kollam,Asramam,Semi-Urban,Residential Plot,1376,2,2,24,0,Fully Furnished,1,3.5,Main Road,No,5590000,5200,Research-informed synthetic estimate
KHP103873,Ernakulam,Kadavanthra,Urban,Independent House,4051,5,5,4,1,Unfurnished,0,3.7,Main Road,Yes,42920000,9000,Research-informed synthetic estimate
KHP103874,Wayanad,Vythiri,Semi-Urban,Independent House,3509,6,5,9,2,Unfurnished,1,3.9,Narrow Road,Yes,16580000,4700,Research-informed synthetic estimate
KHP103875,Wayanad,Meppadi,Semi-Urban,Independent House,2319,4,3,29,3,Semi-Furnished,0,12.0,Local Road,Yes,5350000,3300,Research-informed synthetic estimate
KHP103876,Kozhikode,Vadakara,Semi-Urban,Apartment,2009,4,3,14,1,Semi-Furnished,2,6.7,Local Road,No,12420000,6800,Research-informed synthetic estimate
KHP103877,Wayanad,Ambalavayal,Rural,Independent House,3556,5,5,3,0,Semi-Furnished,1,3.7,Narrow Road,No,10840000,3200,Research-informed synthetic estimate
KHP103878,Kasaragod,Uppala,Rural,Apartment,1989,3,3,28,0,Semi-Furnished,5,3.1,Local Road,No,4220000,3000,Research-informed synthetic estimate
KHP103879,Kottayam,Kanjirappally,Rural,Independent House,1103,2,2,14,1,Unfurnished,0,5.4,Narrow Road,Yes,2380000,3000,Research-informed synthetic estimate
KHP103880,Kottayam,Kottayam Town,Urban,Independent House,3348,5,5,30,2,Fully Furnished,1,9.2,Main Road,No,17080000,5200,Research-informed synthetic estimate
KHP103881,Kasaragod,Manjeshwar,Semi-Urban,Independent House,1779,2,2,26,1,Unfurnished,1,2.1,Main Road,No,4640000,3400,Research-informed synthetic estimate
KHP103882,Kottayam,Kumarakom,Semi-Urban,Residential Plot,2731,4,3,24,3,Semi-Furnished,0,7.5,Main Road,No,14410000,6500,Research-informed synthetic estimate
KHP103883,Malappuram,Nilambur,Semi-Urban,Apartment,2094,4,4,24,0,Semi-Furnished,7,4.1,Narrow Road,No,4970000,3300,Research-informed synthetic estimate
KHP103884,Kasaragod,Manjeshwar,Semi-Urban,Villa,3743,6,5,4,1,Unfurnished,2,9.2,Main Road,No,14260000,3400,Research-informed synthetic estimate
KHP103885,Pathanamthitta,Mallappally,Rural,Independent House,1092,3,2,9,0,Semi-Furnished,2,1.3,Local Road,No,2780000,3000,Research-informed synthetic estimate
KHP103886,Pathanamthitta,Pathanamthitta Town,Rural,Villa,763,1,1,27,3,Unfurnished,0,15.7,Local Road,No,1700000,3800,Research-informed synthetic estimate
KHP103887,Kasaragod,Hosdurg,Semi-Urban,Villa,3583,4,4,17,2,Semi-Furnished,0,4.0,Narrow Road,No,12030000,3300,Research-informed synthetic estimate
KHP103888,Thrissur,Ollur,Semi-Urban,Villa,2046,5,5,27,1,Unfurnished,1,5.3,Main Road,No,17630000,9000,Research-informed synthetic estimate
KHP103889,Kollam,Chinnakada,Urban,Villa,3932,6,5,14,1,Unfurnished,2,2.4,Main Road,Yes,23300000,5000,Research-informed synthetic estimate
KHP103890,Kasaragod,Cheruvathur,Rural,Apartment,1889,3,3,22,3,Semi-Furnished,2,7.8,Highway Access,No,4760000,2900,Research-informed synthetic estimate
KHP103891,Kozhikode,Karaparamba,Rural,Apartment,2644,3,3,9,0,Fully Furnished,2,5.6,Main Road,No,9620000,4000,Research-informed synthetic estimate
KHP103892,Wayanad,Meppadi,Semi-Urban,Independent House,1914,4,4,26,0,Unfurnished,1,5.1,Local Road,No,4900000,3300,Research-informed synthetic estimate
KHP103893,Pathanamthitta,Pathanamthitta Town,Semi-Urban,Villa,4039,6,5,8,0,Unfurnished,1,1.9,Local Road,No,16760000,3800,Research-informed synthetic estimate
KHP103894,Alappuzha,Cherthala,Rural,Apartment,2284,4,4,2,3,Unfurnished,1,3.9,Local Road,No,9040000,4700,Research-informed synthetic estimate
KHP103895,Thiruvananthapuram,Technopark,Semi-Urban,Villa,3013,5,4,20,3,Unfurnished,0,2.5,Local Road,No,21870000,7000,Research-informed synthetic estimate
KHP103896,Kasaragod,Hosdurg,Semi-Urban,Independent House,3594,4,4,8,2,Semi-Furnished,1,3.6,Local Road,No,12630000,3300,Research-informed synthetic estimate
KHP103897,Thiruvananthapuram,Peroorkada,Semi-Urban,Independent House,4034,6,5,14,1,Semi-Furnished,1,1.6,Main Road,No,26080000,5900,Research-informed synthetic estimate
KHP103898,Kozhikode,Malaparamba,Rural,Apartment,1388,2,2,30,2,Unfurnished,2,6.7,Local Road,Yes,6680000,7500,Research-informed synthetic estimate
KHP103899,Kollam,Asramam,Semi-Urban,Villa,2211,3,3,19,1,Semi-Furnished,1,1.7,Main Road,No,11930000,5200,Research-informed synthetic estimate
KHP103900,Thiruvananthapuram,Nedumangad,Rural,Independent House,2018,3,3,26,1,Semi-Furnished,2,6.3,Main Road,No,5610000,3600,Research-informed synthetic estimate
KHP103901,Thrissur,Kodungallur,Rural,Apartment,1668,2,2,15,0,Fully Furnished,3,4.4,Main Road,Yes,5430000,3600,Research-informed synthetic estimate
KHP103902,Kottayam,Kanjirappally,Rural,Villa,916,3,3,0,2,Fully Furnished,2,4.0,Narrow Road,No,2730000,3000,Research-informed synthetic estimate
KHP103903,Palakkad,Palakkad Town,Urban,Independent House,4038,6,5,0,1,Unfurnished,2,4.3,Highway Access,Yes,21490000,3900,Research-informed synthetic estimate
KHP103904,Wayanad,Mananthavady,Semi-Urban,Residential Plot,3882,6,5,29,1,Unfurnished,0,3.2,Narrow Road,No,9820000,3400,Research-informed synthetic estimate
KHP103905,Kannur,Sreekandapuram,Rural,Villa,1294,1,1,26,2,Unfurnished,0,3.7,Local Road,Yes,2500000,2900,Research-informed synthetic estimate
KHP103906,Kasaragod,Manjeshwar,Semi-Urban,Villa,1362,3,2,2,1,Semi-Furnished,1,6.2,Local Road,No,3960000,3400,Research-informed synthetic estimate
KHP103907,Wayanad,Ambalavayal,Semi-Urban,Villa,715,1,1,13,2,Unfurnished,2,4.1,Highway Access,No,2310000,3200,Research-informed synthetic estimate
KHP103908,Kollam,Kottarakkara,Semi-Urban,Apartment,2311,3,3,7,0,Unfurnished,1,2.5,Main Road,No,8060000,3400,Research-informed synthetic estimate
KHP103909,Palakkad,Alathur,Rural,Independent House,3428,6,5,22,1,Unfurnished,1,3.9,Narrow Road,No,7880000,2900,Research-informed synthetic estimate
KHP103910,Malappuram,Tirur,Rural,Apartment,1522,2,2,17,1,Semi-Furnished,4,14.2,Narrow Road,Yes,4060000,4200,Research-informed synthetic estimate
KHP103911,Pathanamthitta,Pathanamthitta Town,Semi-Urban,Independent House,3010,4,4,26,3,Unfurnished,0,2.7,Main Road,No,10480000,3800,Research-informed synthetic estimate
KHP103912,Pathanamthitta,Thiruvalla,Rural,Independent House,2918,5,5,9,1,Semi-Furnished,1,2.9,Local Road,No,11320000,4700,Research-informed synthetic estimate
KHP103913,Kollam,Karunagappally,Rural,Independent House,2169,3,3,17,3,Fully Furnished,2,3.7,Main Road,No,6980000,3800,Research-informed synthetic estimate
KHP103914,Kottayam,Changanassery,Rural,Independent House,2811,5,5,29,2,Unfurnished,0,10.7,Local Road,No,7200000,4300,Research-informed synthetic estimate
KHP103915,Thiruvananthapuram,Kesavadasapuram,Semi-Urban,Independent House,2408,4,4,1,0,Semi-Furnished,1,5.2,Main Road,No,17600000,7000,Research-informed synthetic estimate
KHP103916,Palakkad,Palakkad Town,Urban,Residential Plot,3730,6,5,20,2,Semi-Furnished,2,2.1,Narrow Road,No,13250000,3900,Research-informed synthetic estimate
KHP103917,Palakkad,Ottapalam,Semi-Urban,Villa,2385,4,4,10,1,Fully Furnished,0,0.8,Main Road,No,10660000,3200,Research-informed synthetic estimate
KHP103918,Thrissur,Irinjalakuda,Semi-Urban,Residential Plot,1610,2,2,16,1,Semi-Furnished,2,3.0,Main Road,No,3810000,3400,Research-informed synthetic estimate
KHP103919,Malappuram,Malappuram Town,Urban,Villa,1530,2,2,8,1,Fully Furnished,2,2.3,Highway Access,No,9540000,4400,Research-informed synthetic estimate
KHP103920,Thiruvananthapuram,Peroorkada,Semi-Urban,Independent House,3735,6,5,17,1,Unfurnished,2,4.7,Narrow Road,Yes,19750000,5900,Research-informed synthetic estimate
KHP103921,Thiruvananthapuram,Kowdiar,Urban,Apartment,2002,3,3,24,0,Fully Furnished,0,10.2,Main Road,No,16150000,9000,Research-informed synthetic estimate
KHP103922,Malappuram,Tirur,Semi-Urban,Independent House,2438,4,4,19,0,Semi-Furnished,2,4.1,Main Road,No,9730000,4200,Research-informed synthetic estimate
KHP103923,Thrissur,Punkunnam,Rural,Villa,3815,6,5,12,0,Fully Furnished,0,4.0,Narrow Road,No,16950000,5500,Research-informed synthetic estimate
KHP103924,Kottayam,Ettumanoor,Rural,Apartment,3419,6,5,22,1,Semi-Furnished,3,4.2,Main Road,Yes,13470000,3900,Research-informed synthetic estimate
KHP103925,Palakkad,Alathur,Rural,Residential Plot,1568,1,1,13,3,Semi-Furnished,2,1.2,Local Road,No,2520000,2900,Research-informed synthetic estimate
KHP103926,Kasaragod,Kanhangad,Semi-Urban,Independent House,1801,3,3,29,3,Unfurnished,2,7.6,Local Road,No,4850000,3500,Research-informed synthetic estimate
KHP103927,Pathanamthitta,Pandalam,Semi-Urban,Independent House,3397,6,5,16,1,Fully Furnished,2,13.2,Main Road,No,12290000,3400,Research-informed synthetic estimate
KHP103928,Malappuram,Nilambur,Semi-Urban,Apartment,4187,6,5,10,0,Unfurnished,6,5.2,Local Road,No,14040000,3300,Research-informed synthetic estimate
KHP103929,Idukki,Nedumkandam,Rural,Independent House,1951,3,3,0,0,Unfurnished,2,4.0,Local Road,No,4010000,2700,Research-informed synthetic estimate
KHP103930,Kannur,Thalassery,Semi-Urban,Independent House,1091,1,1,6,1,Semi-Furnished,1,6.3,Highway Access,No,4820000,4300,Research-informed synthetic estimate
KHP103931,Thiruvananthapuram,Nedumangad,Semi-Urban,Independent House,3822,6,5,18,0,Semi-Furnished,1,5.9,Local Road,No,12140000,3600,Research-informed synthetic estimate
KHP103932,Kannur,Sreekandapuram,Rural,Independent House,2048,3,3,15,3,Unfurnished,0,5.8,Main Road,Yes,4800000,2900,Research-informed synthetic estimate
KHP103933,Kollam,Chathannoor,Semi-Urban,Apartment,2987,4,4,14,1,Semi-Furnished,6,4.8,Local Road,No,9240000,3200,Research-informed synthetic estimate
KHP103934,Malappuram,Parappanangadi,Semi-Urban,Villa,3932,6,5,12,1,Unfurnished,0,2.4,Local Road,No,13700000,3600,Research-informed synthetic estimate
KHP103935,Alappuzha,Muhamma,Rural,Independent House,686,1,1,3,2,Unfurnished,2,4.2,Main Road,No,1980000,4000,Research-informed synthetic estimate
KHP103936,Idukki,Painavu,Rural,Independent House,926,2,2,0,2,Semi-Furnished,0,0.4,Highway Access,No,2590000,2600,Research-informed synthetic estimate
KHP103937,Thiruvananthapuram,Sreekaryam,Rural,Apartment,2160,2,2,26,1,Unfurnished,3,5.4,Narrow Road,No,8490000,6200,Research-informed synthetic estimate
KHP103938,Malappuram,Parappanangadi,Semi-Urban,Independent House,3526,4,4,30,2,Unfurnished,0,1.5,Main Road,No,10530000,3600,Research-informed synthetic estimate
KHP103939,Kozhikode,Ramanattukara,Semi-Urban,Villa,3691,5,4,8,0,Fully Furnished,2,3.7,Highway Access,No,18840000,3900,Research-informed synthetic estimate
KHP103940,Kasaragod,Kanhangad,Semi-Urban,Apartment,3135,5,5,28,1,Semi-Furnished,3,5.4,Narrow Road,Yes,8600000,3500,Research-informed synthetic estimate
KHP103941,Kannur,Payyannur,Semi-Urban,Apartment,1966,3,3,26,2,Semi-Furnished,4,1.4,Local Road,No,6460000,3900,Research-informed synthetic estimate
KHP103942,Malappuram,Nilambur,Semi-Urban,Independent House,3396,4,4,9,1,Semi-Furnished,0,2.8,Main Road,No,10880000,3300,Research-informed synthetic estimate
KHP103943,Kozhikode,Ramanattukara,Semi-Urban,Independent House,3668,6,5,27,2,Semi-Furnished,1,2.6,Narrow Road,No,12010000,3900,Research-informed synthetic estimate
KHP103944,Kozhikode,Vellayil,Semi-Urban,Apartment,950,3,3,28,0,Unfurnished,1,18.0,Highway Access,No,4930000,7100,Research-informed synthetic estimate
KHP103945,Kannur,Kannur Town,Urban,Apartment,1950,3,3,22,0,Semi-Furnished,1,2.4,Main Road,Yes,9110000,4500,Research-informed synthetic estimate
KHP103946,Kozhikode,Koyilandy,Semi-Urban,Villa,3203,5,5,6,1,Semi-Furnished,2,5.0,Narrow Road,No,14050000,4100,Research-informed synthetic estimate
KHP103947,Alappuzha,Kayamkulam,Rural,Independent House,3316,5,5,9,2,Unfurnished,2,6.7,Main Road,No,12100000,3600,Research-informed synthetic estimate
KHP103948,Idukki,Nedumkandam,Rural,Independent House,3283,5,5,8,2,Unfurnished,1,2.1,Highway Access,No,10470000,2700,Research-informed synthetic estimate
KHP103949,Idukki,Kattappana,Semi-Urban,Apartment,4130,6,5,12,1,Unfurnished,1,1.0,Narrow Road,No,10410000,3000,Research-informed synthetic estimate
KHP103950,Idukki,Nedumkandam,Rural,Independent House,2721,4,4,9,1,Unfurnished,0,2.7,Local Road,No,6550000,2700,Research-informed synthetic estimate
KHP103951,Ernakulam,Thrippunithura,Rural,Independent House,771,1,1,19,1,Unfurnished,0,2.8,Local Road,No,3010000,6000,Research-informed synthetic estimate
KHP103952,Wayanad,Panamaram,Rural,Villa,1947,3,2,13,0,Unfurnished,1,15.7,Local Road,Yes,4290000,2900,Research-informed synthetic estimate
KHP103953,Idukki,Nedumkandam,Rural,Independent House,3506,5,4,14,1,Fully Furnished,2,1.4,Narrow Road,Yes,10250000,2700,Research-informed synthetic estimate
KHP103954,Idukki,Kattappana,Semi-Urban,Apartment,4090,6,5,26,2,Fully Furnished,6,1.7,Local Road,No,12550000,3000,Research-informed synthetic estimate
KHP103955,Kannur,Iritty,Rural,Independent House,3154,5,5,25,1,Semi-Furnished,1,0.7,Local Road,Yes,8000000,2800,Research-informed synthetic estimate
KHP103956,Kollam,Kollam Town,Urban,Independent House,3910,6,5,7,1,Semi-Furnished,2,11.2,Local Road,Yes,21460000,4800,Research-informed synthetic estimate
KHP103957,Kasaragod,Cheruvathur,Rural,Independent House,1057,3,2,17,1,Fully Furnished,2,5.4,Local Road,Yes,2440000,2900,Research-informed synthetic estimate
KHP103958,Thiruvananthapuram,Kazhakoottam,Semi-Urban,Apartment,3120,4,4,9,2,Semi-Furnished,0,7.6,Highway Access,Yes,24130000,6800,Research-informed synthetic estimate
KHP103959,Thrissur,Punkunnam,Semi-Urban,Villa,3460,6,5,27,2,Semi-Furnished,1,4.2,Narrow Road,Yes,17360000,5500,Research-informed synthetic estimate
KHP103960,Thrissur,Ollur,Rural,Independent House,1281,3,3,5,2,Semi-Furnished,2,4.1,Local Road,Yes,10780000,9000,Research-informed synthetic estimate
KHP103961,Pathanamthitta,Adoor,Rural,Residential Plot,795,1,1,10,1,Semi-Furnished,2,9.4,Local Road,No,1650000,3900,Research-informed synthetic estimate
KHP103962,Thrissur,Patturaikkal,Semi-Urban,Independent House,3780,6,5,27,1,Fully Furnished,2,1.6,Local Road,No,20520000,5600,Research-informed synthetic estimate
KHP103963,Palakkad,Alathur,Rural,Independent House,3998,6,5,15,1,Unfurnished,0,3.9,Narrow Road,Yes,10930000,2900,Research-informed synthetic estimate
KHP103964,Thiruvananthapuram,Kazhakkoottam,Rural,Apartment,2379,3,3,1,1,Fully Furnished,2,2.6,Local Road,Yes,15690000,6800,Research-informed synthetic estimate
KHP103965,Kasaragod,Manjeshwar,Semi-Urban,Independent House,3144,6,5,30,0,Unfurnished,0,12.4,Highway Access,No,9280000,3400,Research-informed synthetic estimate
KHP103966,Wayanad,Ambalavayal,Semi-Urban,Independent House,4099,6,5,25,1,Semi-Furnished,0,11.5,Main Road,No,11430000,3200,Research-informed synthetic estimate
KHP103967,Wayanad,Mananthavady,Semi-Urban,Residential Plot,2099,4,4,28,3,Fully Furnished,0,0.8,Local Road,Yes,6690000,3400,Research-informed synthetic estimate
KHP103968,Kozhikode,Ramanattukara,Semi-Urban,Independent House,4152,6,5,2,1,Unfurnished,2,5.9,Local Road,No,14920000,3900,Research-informed synthetic estimate
KHP103969,Kollam,Chathannoor,Semi-Urban,Apartment,1412,3,3,11,3,Semi-Furnished,2,4.9,Main Road,No,5080000,3200,Research-informed synthetic estimate
KHP103970,Kollam,Kollam Town,Urban,Residential Plot,1888,4,3,20,1,Fully Furnished,0,7.0,Main Road,No,9140000,4800,Research-informed synthetic estimate
KHP103971,Kannur,Taliparamba,Semi-Urban,Independent House,3349,5,5,23,2,Semi-Furnished,1,2.2,Narrow Road,No,8990000,3500,Research-informed synthetic estimate
KHP103972,Thiruvananthapuram,Kesavadasapuram,Semi-Urban,Independent House,2780,4,4,7,1,Unfurnished,1,8.6,Local Road,No,17220000,7000,Research-informed synthetic estimate
KHP103973,Ernakulam,Vennala,Semi-Urban,Apartment,1625,2,1,9,0,Fully Furnished,5,1.6,Main Road,No,14690000,7200,Research-informed synthetic estimate
KHP103974,Kottayam,Ettumanoor,Rural,Villa,2466,4,4,16,1,Semi-Furnished,2,3.7,Main Road,No,10070000,3900,Research-informed synthetic estimate
KHP103975,Kottayam,Ettumanoor,Semi-Urban,Independent House,1389,3,3,17,1,Unfurnished,0,2.7,Main Road,Yes,5460000,3900,Research-informed synthetic estimate
KHP103976,Malappuram,Perinthalmanna,Semi-Urban,Independent House,2345,4,4,21,1,Fully Furnished,2,3.7,Narrow Road,No,8160000,4500,Research-informed synthetic estimate
KHP103977,Kottayam,Kumarakom,Semi-Urban,Independent House,3256,4,4,0,0,Unfurnished,0,4.3,Main Road,No,24030000,6500,Research-informed synthetic estimate
KHP103978,Ernakulam,Pallikkara,Semi-Urban,Apartment,3428,5,5,15,1,Semi-Furnished,2,3.4,Local Road,No,13840000,4600,Research-informed synthetic estimate
KHP103979,Kottayam,Pala,Semi-Urban,Independent House,1118,1,1,29,1,Semi-Furnished,0,2.1,Local Road,No,3390000,4200,Research-informed synthetic estimate
KHP103980,Thrissur,Ollur,Semi-Urban,Independent House,4030,6,5,20,2,Semi-Furnished,1,1.5,Highway Access,No,43800000,9000,Research-informed synthetic estimate
KHP103981,Kozhikode,Ramanattukara,Rural,Residential Plot,2978,5,5,5,1,Unfurnished,0,1.0,Local Road,Yes,9150000,3900,Research-informed synthetic estimate
KHP103982,Thiruvananthapuram,Attingal,Semi-Urban,Independent House,3664,6,5,20,2,Unfurnished,0,9.6,Narrow Road,Yes,11560000,3900,Research-informed synthetic estimate
KHP103983,Kollam,Punalur,Semi-Urban,Villa,2253,4,4,16,1,Unfurnished,0,4.9,Main Road,Yes,6210000,3000,Research-informed synthetic estimate
KHP103984,Wayanad,Mananthavady,Semi-Urban,Independent House,1883,2,2,4,0,Semi-Furnished,0,4.8,Local Road,Yes,6100000,3400,Research-informed synthetic estimate
KHP103985,Pathanamthitta,Adoor,Rural,Villa,2184,3,3,24,1,Semi-Furnished,2,2.0,Main Road,No,7280000,3900,Research-informed synthetic estimate
KHP103986,Thrissur,Kodungallur,Semi-Urban,Apartment,3640,6,5,4,0,Semi-Furnished,1,3.0,Highway Access,No,18180000,3600,Research-informed synthetic estimate
KHP103987,Kottayam,Ettumanoor,Semi-Urban,Independent House,1764,2,2,20,0,Semi-Furnished,2,1.4,Local Road,Yes,6370000,3900,Research-informed synthetic estimate
KHP103988,Idukki,Kumily,Semi-Urban,Apartment,4040,6,5,16,0,Semi-Furnished,4,5.9,Main Road,Yes,15540000,3400,Research-informed synthetic estimate
KHP103989,Kottayam,Kumarakom,Semi-Urban,Residential Plot,1191,2,2,12,0,Fully Furnished,1,5.8,Highway Access,Yes,8760000,6500,Research-informed synthetic estimate
KHP103990,Kollam,Chinnakada,Urban,Independent House,2053,2,1,13,1,Unfurnished,0,7.4,Narrow Road,No,8710000,5000,Research-informed synthetic estimate
KHP103991,Thiruvananthapuram,Vazhuthacaud,Urban,Independent House,1889,3,3,22,1,Semi-Furnished,2,8.1,Main Road,No,12670000,7800,Research-informed synthetic estimate
KHP103992,Kannur,Kannur Town,Urban,Villa,3705,6,5,20,2,Semi-Furnished,2,7.5,Main Road,No,20070000,4500,Research-informed synthetic estimate
KHP103993,Malappuram,Kondotty,Semi-Urban,Apartment,2210,4,3,19,1,Unfurnished,1,7.0,Local Road,No,7340000,4300,Research-informed synthetic estimate
KHP103994,Idukki,Kumily,Rural,Independent House,3234,5,5,25,1,Unfurnished,0,0.4,Local Road,No,8790000,3400,Research-informed synthetic estimate
KHP103995,Kasaragod,Uppala,Semi-Urban,Residential Plot,1390,2,2,7,3,Semi-Furnished,2,1.7,Main Road,No,4300000,3000,Research-informed synthetic estimate
KHP103996,Malappuram,Kondotty,Semi-Urban,Independent House,1622,2,2,26,0,Fully Furnished,0,2.9,Main Road,No,6590000,4300,Research-informed synthetic estimate
KHP103997,Pathanamthitta,Adoor,Semi-Urban,Independent House,3573,6,5,27,3,Unfurnished,1,4.5,Highway Access,Yes,14000000,3900,Research-informed synthetic estimate
KHP103998,Malappuram,Parappanangadi,Semi-Urban,Villa,4026,6,5,3,1,Semi-Furnished,2,4.6,Local Road,No,19390000,3600,Research-informed synthetic estimate
KHP103999,Kottayam,Changanassery,Semi-Urban,Independent House,2882,5,5,22,0,Fully Furnished,2,4.4,Local Road,No,11120000,4300,Research-informed synthetic estimate
KHP104000,Kollam,Kollam Town,Urban,Residential Plot,760,1,1,23,0,Unfurnished,0,6.2,Narrow Road,No,2020000,4800,Research-informed synthetic estimate
KHP104001,Kannur,Payyannur,Semi-Urban,Residential Plot,3598,6,5,16,3,Unfurnished,2,4.2,Narrow Road,Yes,9740000,3900,Research-informed synthetic estimate
KHP104002,Kannur,Thalassery,Semi-Urban,Independent House,2955,4,4,14,0,Semi-Furnished,0,3.3,Highway Access,No,13410000,4300,Research-informed synthetic estimate
KHP104003,Idukki,Adimali,Semi-Urban,Independent House,3748,6,5,27,0,Semi-Furnished,1,9.6,Main Road,No,11090000,3000,Research-informed synthetic estimate
KHP104004,Wayanad,Mananthavady,Semi-Urban,Residential Plot,3733,5,4,25,0,Semi-Furnished,1,9.4,Main Road,No,7810000,3400,Research-informed synthetic estimate
KHP104005,Kasaragod,Manjeshwar,Semi-Urban,Apartment,3333,6,5,17,0,Unfurnished,0,0.4,Main Road,No,11070000,3400,Research-informed synthetic estimate
KHP104006,Thrissur,Guruvayur,Semi-Urban,Villa,1431,2,2,17,1,Fully Furnished,1,7.7,Local Road,No,5840000,3700,Research-informed synthetic estimate
KHP104007,Kottayam,Ettumanoor,Semi-Urban,Villa,3355,5,5,28,1,Fully Furnished,1,2.3,Local Road,No,13430000,3900,Research-informed synthetic estimate
KHP104008,Wayanad,Mananthavady,Semi-Urban,Independent House,1076,2,2,2,0,Unfurnished,1,2.8,Highway Access,No,4120000,3400,Research-informed synthetic estimate
KHP104009,Kottayam,Kanjirappally,Rural,Apartment,2231,4,3,0,2,Fully Furnished,7,8.0,Main Road,No,7300000,3000,Research-informed synthetic estimate
KHP104010,Kollam,Chathannoor,Semi-Urban,Independent House,1809,3,3,5,0,Unfurnished,0,7.5,Main Road,No,5250000,3200,Research-informed synthetic estimate
KHP104011,Idukki,Kattappana,Semi-Urban,Apartment,2289,4,4,15,1,Semi-Furnished,6,1.4,Local Road,No,6600000,3000,Research-informed synthetic estimate
KHP104012,Malappuram,Tirur,Semi-Urban,Independent House,3481,5,5,17,1,Unfurnished,0,7.2,Local Road,No,13320000,4200,Research-informed synthetic estimate
KHP104013,Kozhikode,Vellayil,Rural,Independent House,1850,3,3,23,1,Semi-Furnished,1,3.0,Main Road,No,10480000,7100,Research-informed synthetic estimate
KHP104014,Kollam,Kollam Town,Urban,Villa,2519,3,3,20,0,Unfurnished,2,18.0,Narrow Road,Yes,8470000,4800,Research-informed synthetic estimate
KHP104015,Palakkad,Ottapalam,Semi-Urban,Independent House,1648,2,1,26,2,Semi-Furnished,0,3.3,Main Road,No,4480000,3200,Research-informed synthetic estimate
KHP104016,Palakkad,Chittur,Semi-Urban,Independent House,1346,2,1,2,2,Fully Furnished,0,1.8,Local Road,No,3650000,2900,Research-informed synthetic estimate
KHP104017,Palakkad,Pattambi,Semi-Urban,Apartment,1074,1,1,8,1,Unfurnished,1,4.0,Local Road,Yes,2870000,3000,Research-informed synthetic estimate
KHP104018,Kasaragod,Hosdurg,Semi-Urban,Apartment,4105,5,5,21,1,Semi-Furnished,2,3.6,Narrow Road,No,11480000,3300,Research-informed synthetic estimate
KHP104019,Kannur,Taliparamba,Semi-Urban,Independent House,3652,6,5,6,0,Unfurnished,0,4.6,Narrow Road,No,10510000,3500,Research-informed synthetic estimate
KHP104020,Kozhikode,Karaparamba,Semi-Urban,Villa,3143,4,4,1,1,Fully Furnished,2,10.2,Local Road,No,14370000,4000,Research-informed synthetic estimate
KHP104021,Thiruvananthapuram,Kazhakkoottam,Rural,Villa,3929,6,5,7,0,Unfurnished,2,1.8,Local Road,No,28080000,6800,Research-informed synthetic estimate
KHP104022,Thiruvananthapuram,Neyyattinkara,Semi-Urban,Residential Plot,3659,5,4,23,1,Fully Furnished,2,5.6,Local Road,Yes,14010000,4200,Research-informed synthetic estimate
KHP104023,Kasaragod,Hosdurg,Semi-Urban,Apartment,2228,4,4,26,2,Semi-Furnished,2,7.0,Local Road,No,6610000,3300,Research-informed synthetic estimate
KHP104024,Kasaragod,Kanhangad,Semi-Urban,Independent House,3988,4,4,14,0,Unfurnished,2,8.1,Local Road,No,10180000,3500,Research-informed synthetic estimate
KHP104025,Kasaragod,Kasaragod Town,Urban,Apartment,3741,4,4,0,2,Semi-Furnished,2,7.8,Main Road,No,17710000,3600,Research-informed synthetic estimate
KHP104026,Thiruvananthapuram,Nedumangad,Semi-Urban,Independent House,1470,1,1,22,2,Semi-Furnished,0,1.5,Main Road,Yes,4540000,3600,Research-informed synthetic estimate
KHP104027,Idukki,Kumily,Rural,Apartment,4132,6,5,24,1,Unfurnished,6,10.7,Main Road,No,12180000,3400,Research-informed synthetic estimate
KHP104028,Kozhikode,Karaparamba,Semi-Urban,Independent House,3598,5,5,21,0,Fully Furnished,2,4.8,Local Road,No,14600000,4000,Research-informed synthetic estimate
KHP104029,Alappuzha,Alappuzha Town,Urban,Independent House,2143,4,4,16,2,Unfurnished,1,4.1,Narrow Road,No,11450000,6000,Research-informed synthetic estimate
KHP104030,Kozhikode,Mavoor Road,Urban,Residential Plot,729,1,1,4,3,Semi-Furnished,2,8.8,Local Road,No,3830000,6400,Research-informed synthetic estimate
KHP104031,Malappuram,Tirur,Semi-Urban,Independent House,2912,5,5,8,2,Unfurnished,0,2.1,Main Road,No,12640000,4200,Research-informed synthetic estimate
KHP104032,Malappuram,Malappuram Town,Urban,Villa,3796,6,5,20,0,Unfurnished,2,2.9,Main Road,No,21570000,4400,Research-informed synthetic estimate
KHP104033,Pathanamthitta,Pandalam,Semi-Urban,Villa,1531,3,3,3,1,Semi-Furnished,1,3.2,Local Road,No,6410000,3400,Research-informed synthetic estimate
KHP104034,Malappuram,Kottakkal,Rural,Residential Plot,1250,1,1,11,1,Unfurnished,1,6.5,Main Road,Yes,3680000,4400,Research-informed synthetic estimate
KHP104035,Kannur,Sreekandapuram,Rural,Apartment,2522,3,3,13,1,Semi-Furnished,3,2.2,Main Road,No,7490000,2900,Research-informed synthetic estimate
KHP104036,Kasaragod,Uppala,Semi-Urban,Independent House,2542,4,4,14,2,Unfurnished,2,1.5,Main Road,No,8390000,3000,Research-informed synthetic estimate
KHP104037,Alappuzha,Alappuzha Beach,Semi-Urban,Independent House,3380,6,5,21,3,Semi-Furnished,0,12.0,Local Road,Yes,22500000,6800,Research-informed synthetic estimate
KHP104038,Kozhikode,Ramanattukara,Semi-Urban,Residential Plot,1326,3,3,25,1,Unfurnished,0,0.6,Local Road,Yes,3950000,3900,Research-informed synthetic estimate
KHP104039,Wayanad,Panamaram,Rural,Independent House,1519,2,2,13,1,Unfurnished,1,0.7,Main Road,Yes,3860000,2900,Research-informed synthetic estimate
KHP104040,Wayanad,Mananthavady,Semi-Urban,Residential Plot,1510,4,3,2,0,Unfurnished,0,6.1,Local Road,Yes,4350000,3400,Research-informed synthetic estimate
KHP104041,Pathanamthitta,Pathanamthitta Town,Semi-Urban,Residential Plot,1070,1,1,26,2,Semi-Furnished,1,5.3,Narrow Road,No,2320000,3800,Research-informed synthetic estimate
KHP104042,Pathanamthitta,Pathanamthitta Town,Semi-Urban,Independent House,1286,4,4,12,3,Fully Furnished,0,7.2,Local Road,No,5280000,3800,Research-informed synthetic estimate
KHP104043,Thiruvananthapuram,Neyyattinkara,Rural,Independent House,1863,2,2,8,1,Semi-Furnished,2,8.4,Main Road,Yes,6960000,4200,Research-informed synthetic estimate
KHP104044,Alappuzha,Chengannur,Semi-Urban,Apartment,3875,6,5,23,0,Unfurnished,5,15.9,Local Road,No,13190000,4300,Research-informed synthetic estimate
KHP104045,Alappuzha,Kayamkulam,Rural,Independent House,789,1,1,7,2,Semi-Furnished,2,3.8,Main Road,No,2050000,3600,Research-informed synthetic estimate
KHP104046,Malappuram,Tirur,Semi-Urban,Independent House,3754,6,5,25,2,Fully Furnished,2,3.9,Local Road,No,14720000,4200,Research-informed synthetic estimate
KHP104047,Kannur,Payyannur,Semi-Urban,Independent House,782,1,1,25,1,Fully Furnished,2,14.6,Highway Access,No,2810000,3900,Research-informed synthetic estimate
KHP104048,Ernakulam,Muvattupuzha,Rural,Independent House,3768,5,5,6,1,Fully Furnished,0,13.5,Main Road,No,14650000,3700,Research-informed synthetic estimate
KHP104049,Palakkad,Ottapalam,Semi-Urban,Independent House,4009,6,5,20,3,Unfurnished,2,2.4,Narrow Road,No,10630000,3200,Research-informed synthetic estimate
KHP104050,Thrissur,Kodungallur,Semi-Urban,Independent House,3729,5,5,9,0,Unfurnished,0,6.4,Highway Access,No,14610000,3600,Research-informed synthetic estimate
KHP104051,Thrissur,Ollur,Rural,Apartment,2123,4,4,19,0,Semi-Furnished,1,18.0,Local Road,No,11000000,9000,Research-informed synthetic estimate
KHP104052,Thiruvananthapuram,Kowdiar,Urban,Independent House,3125,5,5,28,3,Unfurnished,1,2.5,Local Road,No,27820000,9000,Research-informed synthetic estimate
KHP104053,Kollam,Karunagappally,Rural,Independent House,1075,2,2,27,2,Semi-Furnished,0,1.8,Local Road,No,2720000,3800,Research-informed synthetic estimate
KHP104054,Idukki,Munnar,Semi-Urban,Independent House,1096,2,2,20,2,Semi-Furnished,0,5.9,Highway Access,No,6370000,6500,Research-informed synthetic estimate
KHP104055,Alappuzha,Alappuzha Town,Urban,Independent House,2740,5,5,18,1,Fully Furnished,1,3.8,Local Road,Yes,19320000,6000,Research-informed synthetic estimate
KHP104056,Malappuram,Kondotty,Semi-Urban,Residential Plot,1404,1,1,11,0,Fully Furnished,1,1.2,Narrow Road,Yes,4400000,4300,Research-informed synthetic estimate
KHP104057,Malappuram,Parappanangadi,Semi-Urban,Apartment,3013,5,5,19,1,Unfurnished,3,1.8,Main Road,No,11470000,3600,Research-informed synthetic estimate
KHP104058,Palakkad,Pattambi,Semi-Urban,Villa,3871,5,5,14,1,Semi-Furnished,0,1.2,Local Road,No,12170000,3000,Research-informed synthetic estimate
KHP104059,Kollam,Chinnakada,Urban,Apartment,4055,6,5,27,2,Unfurnished,0,6.7,Main Road,No,17610000,5000,Research-informed synthetic estimate
KHP104060,Kannur,Thalassery,Semi-Urban,Villa,3914,6,5,9,3,Unfurnished,0,4.5,Local Road,No,19780000,4300,Research-informed synthetic estimate
KHP104061,Idukki,Kumily,Semi-Urban,Villa,3674,5,5,22,0,Unfurnished,1,2.2,Narrow Road,No,9850000,3400,Research-informed synthetic estimate
KHP104062,Thrissur,Guruvayur,Semi-Urban,Villa,1676,3,3,0,0,Semi-Furnished,2,2.6,Main Road,No,8920000,3700,Research-informed synthetic estimate
KHP104063,Kasaragod,Manjeshwar,Semi-Urban,Independent House,1451,2,2,9,1,Semi-Furnished,1,3.1,Main Road,No,5520000,3400,Research-informed synthetic estimate
KHP104064,Kannur,Payyannur,Semi-Urban,Apartment,815,1,1,30,1,Semi-Furnished,5,7.2,Narrow Road,No,2330000,3900,Research-informed synthetic estimate
KHP104065,Kasaragod,Cheruvathur,Rural,Villa,2451,4,4,15,2,Semi-Furnished,2,13.1,Highway Access,No,7760000,2900,Research-informed synthetic estimate
KHP104066,Palakkad,Chittur,Semi-Urban,Independent House,1127,2,2,9,0,Semi-Furnished,0,5.2,Local Road,No,2810000,2900,Research-informed synthetic estimate
KHP104067,Kasaragod,Bekal,Semi-Urban,Independent House,3566,4,3,15,0,Semi-Furnished,2,3.5,Narrow Road,No,13620000,4200,Research-informed synthetic estimate
KHP104068,Kozhikode,Cyberpark,Semi-Urban,Independent House,2973,5,5,27,0,Unfurnished,2,3.1,Main Road,Yes,14520000,5000,Research-informed synthetic estimate
KHP104069,Kannur,Sreekandapuram,Rural,Apartment,1724,2,2,10,1,Unfurnished,7,7.7,Local Road,No,4320000,2900,Research-informed synthetic estimate
KHP104070,Alappuzha,Kayamkulam,Semi-Urban,Villa,2230,2,2,27,0,Semi-Furnished,0,4.1,Main Road,No,6820000,3600,Research-informed synthetic estimate
KHP104071,Wayanad,Meppadi,Rural,Independent House,1190,2,2,14,2,Unfurnished,1,3.6,Narrow Road,No,2510000,3300,Research-informed synthetic estimate
KHP104072,Alappuzha,Cherthala,Semi-Urban,Villa,3173,6,5,28,1,Unfurnished,2,8.7,Highway Access,Yes,14990000,4700,Research-informed synthetic estimate
KHP104073,Kannur,Sreekandapuram,Rural,Independent House,1749,3,3,27,0,Semi-Furnished,1,3.0,Local Road,No,3160000,2900,Research-informed synthetic estimate
KHP104074,Idukki,Kumily,Rural,Residential Plot,3706,6,5,26,2,Unfurnished,2,1.9,Main Road,Yes,9990000,3400,Research-informed synthetic estimate
KHP104075,Wayanad,Panamaram,Rural,Villa,1293,1,1,4,0,Unfurnished,2,3.6,Highway Access,No,3490000,2900,Research-informed synthetic estimate
KHP104076,Ernakulam,Pukkattupady,Semi-Urban,Independent House,1796,2,2,6,1,Unfurnished,1,3.9,Narrow Road,Yes,7330000,4700,Research-informed synthetic estimate
KHP104077,Idukki,Munnar,Rural,Apartment,3959,6,5,22,2,Semi-Furnished,2,3.1,Highway Access,No,31060000,6500,Research-informed synthetic estimate
KHP104078,Kasaragod,Bekal,Rural,Villa,1005,2,2,4,1,Unfurnished,2,8.3,Main Road,No,3850000,4200,Research-informed synthetic estimate
KHP104079,Thrissur,Patturaikkal,Rural,Apartment,1810,2,2,11,0,Fully Furnished,4,8.1,Main Road,Yes,8630000,5600,Research-informed synthetic estimate
KHP104080,Thiruvananthapuram,Kazhakkoottam,Rural,Apartment,1011,2,2,0,1,Unfurnished,0,2.6,Narrow Road,Yes,5540000,6800,Research-informed synthetic estimate
KHP104081,Kottayam,Manarcadu,Rural,Independent House,2706,4,4,28,1,Unfurnished,2,1.2,Local Road,Yes,6710000,3600,Research-informed synthetic estimate
KHP104082,Kannur,Sreekandapuram,Rural,Independent House,3353,5,5,5,1,Fully Furnished,0,2.3,Narrow Road,Yes,9730000,2900,Research-informed synthetic estimate
KHP104083,Thrissur,Patturaikkal,Semi-Urban,Villa,2278,3,3,1,0,Semi-Furnished,2,3.7,Main Road,No,14400000,5600,Research-informed synthetic estimate
KHP104084,Kozhikode,Vellayil,Rural,Villa,2150,3,3,24,3,Semi-Furnished,1,2.7,Local Road,No,12110000,7100,Research-informed synthetic estimate
KHP104085,Palakkad,Pattambi,Semi-Urban,Residential Plot,1155,2,2,30,3,Semi-Furnished,2,2.7,Main Road,No,2590000,3000,Research-informed synthetic estimate
KHP104086,Thiruvananthapuram,Peroorkada,Semi-Urban,Villa,3973,6,5,21,2,Unfurnished,1,1.8,Main Road,No,27210000,5900,Research-informed synthetic estimate
KHP104087,Thiruvananthapuram,Vazhuthacaud,Urban,Independent House,1290,2,2,26,1,Unfurnished,0,2.1,Main Road,No,9340000,7800,Research-informed synthetic estimate
KHP104088,Idukki,Kattappana,Semi-Urban,Independent House,2975,4,4,16,1,Unfurnished,1,6.2,Main Road,No,7860000,3000,Research-informed synthetic estimate
KHP104089,Thiruvananthapuram,Kazhakkoottam,Semi-Urban,Independent House,3777,5,4,30,1,Fully Furnished,0,0.8,Main Road,No,25890000,6800,Research-informed synthetic estimate
KHP104090,Kozhikode,Vadakara,Semi-Urban,Villa,2359,3,3,28,1,Unfurnished,2,4.1,Main Road,Yes,13100000,6800,Research-informed synthetic estimate
KHP104091,Palakkad,Olavakkode,Semi-Urban,Independent House,2552,3,3,25,1,Unfurnished,0,0.6,Local Road,Yes,7670000,4100,Research-informed synthetic estimate
KHP104092,Kottayam,Kottayam Town,Urban,Independent House,3954,6,5,23,2,Unfurnished,1,11.6,Highway Access,Yes,22910000,5200,Research-informed synthetic estimate
KHP104093,Thrissur,Koorkenchery,Rural,Apartment,2010,2,1,13,3,Unfurnished,0,0.5,Main Road,No,11700000,6500,Research-informed synthetic estimate
KHP104094,Kollam,Kottarakkara,Rural,Apartment,2851,5,5,9,0,Unfurnished,0,0.6,Local Road,No,8400000,3400,Research-informed synthetic estimate
KHP104095,Kasaragod,Uppala,Semi-Urban,Independent House,3056,4,4,9,0,Unfurnished,1,5.6,Narrow Road,No,7470000,3000,Research-informed synthetic estimate
KHP104096,Kottayam,Kottayam Town,Urban,Independent House,961,2,2,27,0,Semi-Furnished,1,2.2,Narrow Road,No,3690000,5200,Research-informed synthetic estimate
KHP104097,Kannur,Sreekandapuram,Rural,Independent House,2843,3,3,11,2,Unfurnished,2,2.2,Local Road,No,6500000,2900,Research-informed synthetic estimate
KHP104098,Ernakulam,Panampilly Nagar,Urban,Villa,2454,4,4,20,0,Unfurnished,1,4.1,Local Road,No,22290000,9500,Research-informed synthetic estimate
KHP104099,Kasaragod,Kasaragod Town,Urban,Independent House,1575,3,3,10,2,Fully Furnished,0,1.6,Local Road,Yes,7070000,3600,Research-informed synthetic estimate
KHP104100,Alappuzha,Alappuzha Beach,Rural,Apartment,2542,4,4,27,1,Semi-Furnished,4,6.1,Local Road,Yes,12910000,6800,Research-informed synthetic estimate
KHP104101,Thrissur,Guruvayur,Semi-Urban,Residential Plot,3425,5,5,14,0,Fully Furnished,0,5.8,Highway Access,Yes,16020000,3700,Research-informed synthetic estimate
KHP104102,Thrissur,Koorkenchery,Rural,Apartment,659,1,1,21,3,Unfurnished,2,8.1,Main Road,No,3200000,6500,Research-informed synthetic estimate
KHP104103,Palakkad,Shoranur,Semi-Urban,Independent House,1955,3,2,21,0,Semi-Furnished,1,6.8,Narrow Road,No,4160000,3100,Research-informed synthetic estimate
KHP104104,Idukki,Thodupuzha,Rural,Residential Plot,3772,6,5,14,1,Semi-Furnished,0,6.7,Main Road,No,13070000,3900,Research-informed synthetic estimate
KHP104105,Kasaragod,Nileshwar,Semi-Urban,Villa,3661,5,5,1,1,Semi-Furnished,2,0.3,Narrow Road,No,12940000,3200,Research-informed synthetic estimate
KHP104106,Kasaragod,Uppala,Semi-Urban,Residential Plot,2000,3,3,3,2,Unfurnished,1,8.1,Main Road,No,5610000,3000,Research-informed synthetic estimate
KHP104107,Ernakulam,Thrippunithura,Semi-Urban,Apartment,1117,2,2,2,1,Semi-Furnished,1,5.8,Local Road,Yes,7540000,6000,Research-informed synthetic estimate
KHP104108,Alappuzha,Alappuzha Town,Urban,Independent House,3656,6,5,18,1,Semi-Furnished,2,13.0,Main Road,Yes,24240000,6000,Research-informed synthetic estimate
KHP104109,Alappuzha,Cherthala,Semi-Urban,Apartment,2239,3,3,2,0,Semi-Furnished,1,11.3,Narrow Road,No,9610000,4700,Research-informed synthetic estimate
KHP104110,Kollam,Kollam Town,Urban,Villa,1917,3,3,21,1,Semi-Furnished,0,8.4,Main Road,No,8600000,4800,Research-informed synthetic estimate
KHP104111,Ernakulam,Kaloor,Urban,Independent House,962,2,2,8,1,Semi-Furnished,2,0.9,Local Road,No,7460000,8200,Research-informed synthetic estimate
KHP104112,Malappuram,Kottakkal,Rural,Independent House,1745,5,5,16,0,Unfurnished,0,3.6,Narrow Road,Yes,5600000,4400,Research-informed synthetic estimate
KHP104113,Palakkad,Shoranur,Semi-Urban,Independent House,2283,3,3,27,3,Unfurnished,1,5.0,Local Road,Yes,5820000,3100,Research-informed synthetic estimate
KHP104114,Pathanamthitta,Pathanamthitta Town,Semi-Urban,Independent House,1234,2,2,21,0,Unfurnished,0,2.4,Local Road,No,3650000,3800,Research-informed synthetic estimate
KHP104115,Thiruvananthapuram,Kowdiar,Urban,Apartment,2023,4,4,7,2,Fully Furnished,2,2.6,Main Road,No,25220000,9000,Research-informed synthetic estimate
KHP104116,Thiruvananthapuram,Pattom,Urban,Independent House,1255,2,2,19,0,Fully Furnished,0,1.4,Local Road,Yes,8270000,7200,Research-informed synthetic estimate
KHP104117,Kannur,Thalassery,Semi-Urban,Residential Plot,2297,3,3,12,0,Unfurnished,0,6.9,Narrow Road,No,5220000,4300,Research-informed synthetic estimate
KHP104118,Alappuzha,Ambalappuzha,Semi-Urban,Apartment,1623,3,3,7,1,Unfurnished,5,5.0,Narrow Road,No,4590000,3400,Research-informed synthetic estimate
KHP104119,Thiruvananthapuram,Kazhakkoottam,Semi-Urban,Independent House,2117,5,5,21,2,Unfurnished,1,5.3,Main Road,No,12860000,6800,Research-informed synthetic estimate
KHP104120,Wayanad,Panamaram,Rural,Independent House,1880,3,3,29,2,Semi-Furnished,2,3.0,Main Road,Yes,4910000,2900,Research-informed synthetic estimate
KHP104121,Alappuzha,Chengannur,Semi-Urban,Independent House,2343,4,4,6,1,Semi-Furnished,0,4.4,Local Road,No,9240000,4300,Research-informed synthetic estimate
KHP104122,Kasaragod,Hosdurg,Rural,Independent House,2120,3,3,15,2,Semi-Furnished,0,10.5,Main Road,Yes,5270000,3300,Research-informed synthetic estimate
KHP104123,Thrissur,Guruvayur,Semi-Urban,Residential Plot,1637,2,2,17,1,Semi-Furnished,0,1.5,Highway Access,No,4660000,3700,Research-informed synthetic estimate
KHP104124,Pathanamthitta,Pathanamthitta Town,Semi-Urban,Villa,1271,1,1,9,1,Semi-Furnished,0,5.0,Highway Access,No,5320000,3800,Research-informed synthetic estimate
KHP104125,Idukki,Thodupuzha,Rural,Villa,2023,4,4,13,2,Unfurnished,0,0.3,Local Road,No,6350000,3900,Research-informed synthetic estimate
KHP104126,Kasaragod,Cheruvathur,Rural,Independent House,1583,3,3,18,2,Unfurnished,2,8.1,Local Road,No,3540000,2900,Research-informed synthetic estimate
KHP104127,Kollam,Asramam,Rural,Villa,3558,5,5,27,1,Semi-Furnished,0,2.7,Local Road,Yes,19650000,5200,Research-informed synthetic estimate
KHP104128,Thrissur,Kunnamkulam,Rural,Apartment,2475,4,4,11,1,Unfurnished,1,5.2,Local Road,No,6510000,3500,Research-informed synthetic estimate
KHP104129,Kannur,Taliparamba,Semi-Urban,Independent House,1705,2,2,8,0,Fully Furnished,1,2.3,Main Road,No,6090000,3500,Research-informed synthetic estimate
KHP104130,Kannur,Iritty,Rural,Independent House,1021,2,2,19,1,Fully Furnished,0,2.2,Highway Access,No,2760000,2800,Research-informed synthetic estimate
KHP104131,Wayanad,Panamaram,Rural,Independent House,2355,5,5,19,0,Unfurnished,2,4.4,Highway Access,Yes,6340000,2900,Research-informed synthetic estimate
KHP104132,Malappuram,Parappanangadi,Semi-Urban,Villa,3874,5,5,6,0,Semi-Furnished,2,5.8,Main Road,Yes,16990000,3600,Research-informed synthetic estimate
KHP104133,Wayanad,Sulthan Bathery,Semi-Urban,Independent House,1286,2,2,24,0,Semi-Furnished,1,4.5,Main Road,No,4310000,3900,Research-informed synthetic estimate
KHP104134,Kottayam,Vaikom,Semi-Urban,Independent House,2850,5,5,20,0,Unfurnished,1,6.7,Narrow Road,No,7960000,3500,Research-informed synthetic estimate
KHP104135,Kottayam,Vaikom,Semi-Urban,Independent House,4144,6,5,16,1,Unfurnished,2,5.6,Highway Access,No,15030000,3500,Research-informed synthetic estimate
KHP104136,Wayanad,Mananthavady,Semi-Urban,Independent House,3231,5,5,16,2,Semi-Furnished,2,0.7,Local Road,No,9920000,3400,Research-informed synthetic estimate
KHP104137,Alappuzha,Ambalappuzha,Semi-Urban,Apartment,2628,4,4,6,3,Unfurnished,7,2.0,Highway Access,Yes,11780000,3400,Research-informed synthetic estimate
KHP104138,Thiruvananthapuram,Kowdiar,Urban,Apartment,1278,3,3,20,2,Semi-Furnished,0,6.1,Main Road,No,13270000,9000,Research-informed synthetic estimate
KHP104139,Pathanamthitta,Thiruvalla,Semi-Urban,Residential Plot,1435,2,2,20,0,Semi-Furnished,0,4.0,Narrow Road,Yes,4290000,4700,Research-informed synthetic estimate
KHP104140,Palakkad,Shoranur,Semi-Urban,Independent House,3040,5,5,22,2,Semi-Furnished,1,2.7,Main Road,No,9740000,3100,Research-informed synthetic estimate
KHP104141,Alappuzha,Alappuzha Beach,Semi-Urban,Apartment,1944,3,3,12,0,Unfurnished,5,2.7,Highway Access,Yes,14740000,6800,Research-informed synthetic estimate
KHP104142,Malappuram,Perinthalmanna,Semi-Urban,Apartment,2490,4,3,10,0,Fully Furnished,6,1.4,Local Road,Yes,11810000,4500,Research-informed synthetic estimate
KHP104143,Pathanamthitta,Pandalam,Semi-Urban,Apartment,1794,3,3,7,0,Fully Furnished,0,2.1,Narrow Road,Yes,5970000,3400,Research-informed synthetic estimate
KHP104144,Ernakulam,Perumbavoor,Semi-Urban,Independent House,2078,4,4,18,0,Fully Furnished,2,3.7,Narrow Road,No,6110000,3600,Research-informed synthetic estimate
KHP104145,Kottayam,Vaikom,Rural,Independent House,673,1,1,25,1,Unfurnished,0,3.7,Local Road,No,1450000,3500,Research-informed synthetic estimate
KHP104146,Thiruvananthapuram,Technopark,Rural,Apartment,1761,3,2,4,1,Semi-Furnished,6,9.0,Main Road,No,11340000,7000,Research-informed synthetic estimate
KHP104147,Kottayam,Kumarakom,Rural,Residential Plot,1179,1,1,27,1,Unfurnished,1,5.8,Main Road,No,4160000,6500,Research-informed synthetic estimate
KHP104148,Kollam,Kottarakkara,Semi-Urban,Villa,2765,5,5,27,2,Unfurnished,0,4.6,Local Road,No,8360000,3400,Research-informed synthetic estimate
KHP104149,Kottayam,Pala,Semi-Urban,Apartment,2547,4,4,11,2,Fully Furnished,7,4.8,Main Road,No,13530000,4200,Research-informed synthetic estimate
KHP104150,Idukki,Kattappana,Semi-Urban,Villa,837,1,1,16,1,Fully Furnished,2,7.6,Narrow Road,Yes,2320000,3000,Research-informed synthetic estimate
KHP104151,Thiruvananthapuram,Vazhuthacaud,Urban,Independent House,1478,3,3,11,1,Unfurnished,1,4.7,Main Road,No,12310000,7800,Research-informed synthetic estimate
KHP104152,Wayanad,Kalpetta,Rural,Apartment,3402,5,5,2,1,Fully Furnished,0,4.9,Main Road,No,17570000,4300,Research-informed synthetic estimate
KHP104153,Palakkad,Chittur,Semi-Urban,Independent House,3520,6,5,2,1,Unfurnished,1,16.4,Local Road,Yes,11040000,2900,Research-informed synthetic estimate
KHP104154,Kannur,Sreekandapuram,Rural,Independent House,1482,2,1,26,1,Semi-Furnished,0,3.8,Highway Access,No,3440000,2900,Research-informed synthetic estimate
KHP104155,Thrissur,Kunnamkulam,Semi-Urban,Apartment,2286,4,3,30,2,Unfurnished,6,5.1,Local Road,No,6460000,3500,Research-informed synthetic estimate
KHP104156,Alappuzha,Haripad,Rural,Villa,2750,3,3,10,1,Unfurnished,1,11.1,Local Road,No,6480000,3200,Research-informed synthetic estimate
KHP104157,Alappuzha,Ambalappuzha,Semi-Urban,Residential Plot,3865,6,5,21,3,Semi-Furnished,2,6.3,Main Road,No,12040000,3400,Research-informed synthetic estimate
KHP104158,Thrissur,Koorkenchery,Semi-Urban,Apartment,2455,5,5,12,0,Semi-Furnished,0,3.5,Local Road,No,16370000,6500,Research-informed synthetic estimate
KHP104159,Pathanamthitta,Mallappally,Semi-Urban,Apartment,1153,1,1,28,2,Fully Furnished,1,3.3,Narrow Road,Yes,2870000,3000,Research-informed synthetic estimate
KHP104160,Thiruvananthapuram,Sreekaryam,Semi-Urban,Apartment,3253,5,5,21,0,Unfurnished,7,3.2,Main Road,Yes,17990000,6200,Research-informed synthetic estimate
KHP104161,Kozhikode,Government Medical College,Urban,Independent House,883,1,1,21,0,Unfurnished,0,2.5,Main Road,No,6650000,9300,Research-informed synthetic estimate
KHP104162,Wayanad,Mananthavady,Semi-Urban,Residential Plot,3948,6,5,12,2,Unfurnished,0,2.7,Narrow Road,No,9370000,3400,Research-informed synthetic estimate
KHP104163,Alappuzha,Muhamma,Semi-Urban,Independent House,1370,1,1,21,0,Semi-Furnished,1,3.0,Highway Access,Yes,5530000,4000,Research-informed synthetic estimate
KHP104164,Kottayam,Changanassery,Semi-Urban,Residential Plot,3829,5,5,15,1,Semi-Furnished,0,3.8,Main Road,No,13950000,4300,Research-informed synthetic estimate
KHP104165,Kottayam,Pala,Rural,Independent House,1237,2,2,12,0,Semi-Furnished,0,1.0,Local Road,No,3690000,4200,Research-informed synthetic estimate
KHP104166,Ernakulam,Kakkanad,Rural,Independent House,1816,3,2,3,1,Semi-Furnished,0,6.2,Local Road,Yes,10580000,6500,Research-informed synthetic estimate
KHP104167,Thiruvananthapuram,Kowdiar,Urban,Villa,3054,4,4,1,2,Semi-Furnished,0,3.5,Main Road,No,37740000,9000,Research-informed synthetic estimate
KHP104168,Kannur,Payyannur,Semi-Urban,Independent House,1934,3,3,22,0,Unfurnished,2,2.5,Local Road,No,6110000,3900,Research-informed synthetic estimate
KHP104169,Wayanad,Sulthan Bathery,Rural,Independent House,3349,6,5,15,0,Unfurnished,1,11.4,Local Road,Yes,10810000,3900,Research-informed synthetic estimate
KHP104170,Malappuram,Ponnani,Semi-Urban,Residential Plot,2001,4,4,12,3,Fully Furnished,2,2.3,Narrow Road,Yes,6210000,3500,Research-informed synthetic estimate
KHP104171,Wayanad,Sulthan Bathery,Rural,Residential Plot,2771,4,4,23,1,Unfurnished,0,1.7,Main Road,Yes,7980000,3900,Research-informed synthetic estimate
KHP104172,Kottayam,Changanassery,Semi-Urban,Residential Plot,2351,3,3,14,1,Semi-Furnished,1,4.8,Main Road,Yes,8890000,4300,Research-informed synthetic estimate
KHP104173,Kannur,Thottada,Rural,Independent House,2917,4,4,30,1,Unfurnished,0,3.0,Local Road,Yes,7830000,4200,Research-informed synthetic estimate
KHP104174,Kozhikode,Chevayur,Rural,Independent House,3881,6,5,7,1,Unfurnished,0,5.6,Narrow Road,No,14880000,4700,Research-informed synthetic estimate
KHP104175,Wayanad,Panamaram,Rural,Apartment,3409,5,4,29,2,Semi-Furnished,3,1.6,Local Road,No,8270000,2900,Research-informed synthetic estimate
KHP104176,Idukki,Nedumkandam,Rural,Independent House,4174,6,5,19,0,Semi-Furnished,0,4.0,Local Road,No,9890000,2700,Research-informed synthetic estimate
KHP104177,Pathanamthitta,Thiruvalla,Rural,Independent House,2417,4,4,2,2,Semi-Furnished,2,2.9,Highway Access,No,11850000,4700,Research-informed synthetic estimate
KHP104178,Alappuzha,Chengannur,Semi-Urban,Villa,2715,3,3,10,0,Unfurnished,1,2.9,Main Road,Yes,14020000,4300,Research-informed synthetic estimate
KHP104179,Alappuzha,Alappuzha Beach,Semi-Urban,Independent House,2121,3,3,0,0,Semi-Furnished,0,2.3,Narrow Road,No,13080000,6800,Research-informed synthetic estimate
KHP104180,Palakkad,Alathur,Rural,Independent House,3661,5,5,17,0,Unfurnished,0,5.5,Local Road,No,9110000,2900,Research-informed synthetic estimate
KHP104181,Ernakulam,Kalamassery,Semi-Urban,Villa,2640,4,4,2,1,Unfurnished,2,1.4,Local Road,Yes,17510000,6000,Research-informed synthetic estimate
KHP104182,Kasaragod,Kanhangad,Semi-Urban,Independent House,2309,4,4,11,1,Unfurnished,1,3.3,Highway Access,No,8790000,3500,Research-informed synthetic estimate
KHP104183,Wayanad,Ambalavayal,Rural,Residential Plot,1166,1,1,0,3,Semi-Furnished,0,3.9,Main Road,No,3270000,3200,Research-informed synthetic estimate
KHP104184,Ernakulam,Kadavanthra,Urban,Apartment,4028,6,5,27,3,Fully Furnished,2,4.4,Main Road,No,42010000,9000,Research-informed synthetic estimate
KHP104185,Thiruvananthapuram,Pattom,Urban,Independent House,3636,5,4,13,1,Unfurnished,0,4.1,Local Road,No,25490000,7200,Research-informed synthetic estimate
KHP104186,Wayanad,Sulthan Bathery,Semi-Urban,Independent House,2429,4,4,21,2,Semi-Furnished,1,4.8,Main Road,No,9320000,3900,Research-informed synthetic estimate
KHP104187,Kottayam,Kanjirappally,Rural,Apartment,1561,2,2,3,1,Unfurnished,1,5.8,Main Road,No,3910000,3000,Research-informed synthetic estimate
KHP104188,Idukki,Nedumkandam,Rural,Residential Plot,3710,6,5,23,1,Semi-Furnished,2,6.5,Narrow Road,Yes,6300000,2700,Research-informed synthetic estimate
KHP104189,Pathanamthitta,Pathanamthitta Town,Semi-Urban,Independent House,3010,5,5,7,1,Semi-Furnished,2,3.4,Local Road,No,12080000,3800,Research-informed synthetic estimate
KHP104190,Pathanamthitta,Adoor,Semi-Urban,Independent House,1258,3,3,28,1,Fully Furnished,1,6.9,Main Road,No,4640000,3900,Research-informed synthetic estimate
KHP104191,Malappuram,Kondotty,Semi-Urban,Independent House,838,1,1,9,1,Fully Furnished,0,4.6,Main Road,No,3720000,4300,Research-informed synthetic estimate
KHP104192,Thrissur,Mannuthy,Semi-Urban,Independent House,4113,6,5,11,2,Semi-Furnished,1,4.1,Narrow Road,No,14010000,4000,Research-informed synthetic estimate
KHP104193,Alappuzha,Ambalappuzha,Semi-Urban,Independent House,1931,3,3,28,1,Semi-Furnished,2,9.7,Narrow Road,No,4080000,3400,Research-informed synthetic estimate
KHP104194,Kollam,Chathannoor,Semi-Urban,Independent House,2416,5,5,19,0,Unfurnished,1,5.7,Local Road,Yes,7210000,3200,Research-informed synthetic estimate
KHP104195,Thrissur,Kuttanellur,Semi-Urban,Residential Plot,4200,5,5,14,2,Unfurnished,2,0.4,Main Road,No,18110000,5500,Research-informed synthetic estimate
KHP104196,Idukki,Painavu,Rural,Independent House,3134,5,5,23,1,Unfurnished,0,0.7,Local Road,No,6300000,2600,Research-informed synthetic estimate
KHP104197,Kollam,Punalur,Rural,Independent House,2281,3,2,16,1,Fully Furnished,1,1.6,Local Road,Yes,5630000,3000,Research-informed synthetic estimate
KHP104198,Thiruvananthapuram,Neyyattinkara,Semi-Urban,Independent House,4136,6,5,9,0,Fully Furnished,1,3.1,Main Road,No,19580000,4200,Research-informed synthetic estimate
KHP104199,Alappuzha,Cherthala,Semi-Urban,Independent House,955,1,1,19,2,Unfurnished,0,7.4,Main Road,No,3800000,4700,Research-informed synthetic estimate
KHP104200,Alappuzha,Ambalappuzha,Semi-Urban,Independent House,1725,3,3,28,1,Semi-Furnished,2,1.6,Main Road,No,5660000,3400,Research-informed synthetic estimate
KHP104201,Kottayam,Vaikom,Semi-Urban,Residential Plot,2112,3,3,17,2,Unfurnished,2,1.0,Local Road,No,4270000,3500,Research-informed synthetic estimate
KHP104202,Wayanad,Meppadi,Rural,Independent House,1897,3,3,13,0,Fully Furnished,2,7.5,Main Road,No,5490000,3300,Research-informed synthetic estimate
KHP104203,Thiruvananthapuram,Neyyattinkara,Semi-Urban,Independent House,1673,2,2,21,1,Semi-Furnished,2,2.4,Main Road,No,6160000,4200,Research-informed synthetic estimate
KHP104204,Kannur,Taliparamba,Rural,Residential Plot,2111,4,4,9,3,Fully Furnished,1,10.6,Main Road,No,6180000,3500,Research-informed synthetic estimate
KHP104205,Kannur,Payyannur,Semi-Urban,Independent House,1470,3,3,14,0,Fully Furnished,1,1.3,Main Road,No,5760000,3900,Research-informed synthetic estimate
KHP104206,Thiruvananthapuram,Pattom,Urban,Villa,4077,6,5,20,3,Semi-Furnished,0,5.7,Main Road,Yes,39350000,7200,Research-informed synthetic estimate
KHP104207,Thiruvananthapuram,Kowdiar,Urban,Apartment,3156,6,5,22,0,Semi-Furnished,1,2.6,Main Road,No,31240000,9000,Research-informed synthetic estimate
KHP104208,Kannur,Iritty,Rural,Apartment,1535,3,3,15,3,Semi-Furnished,1,6.7,Main Road,No,3810000,2800,Research-informed synthetic estimate
KHP104209,Thrissur,Naikkanal,Semi-Urban,Villa,2079,3,3,0,1,Unfurnished,2,4.9,Local Road,No,12140000,5300,Research-informed synthetic estimate
KHP104210,Kottayam,Pala,Semi-Urban,Independent House,3917,6,5,23,1,Semi-Furnished,2,0.5,Narrow Road,No,16130000,4200,Research-informed synthetic estimate
KHP104211,Wayanad,Ambalavayal,Semi-Urban,Apartment,3152,6,5,23,0,Semi-Furnished,2,0.9,Main Road,No,11280000,3200,Research-informed synthetic estimate
KHP104212,Kozhikode,Nellikode,Semi-Urban,Independent House,1927,2,1,1,0,Semi-Furnished,0,10.5,Main Road,Yes,8910000,4500,Research-informed synthetic estimate
KHP104213,Palakkad,Pattambi,Semi-Urban,Independent House,3040,5,5,30,2,Unfurnished,1,0.6,Local Road,No,7650000,3000,Research-informed synthetic estimate
KHP104214,Kannur,Sreekandapuram,Rural,Apartment,4047,5,5,2,2,Fully Furnished,0,4.7,Local Road,No,14210000,2900,Research-informed synthetic estimate
KHP104215,Thiruvananthapuram,Kazhakoottam,Semi-Urban,Independent House,3613,5,5,24,0,Unfurnished,1,6.2,Main Road,Yes,20460000,6800,Research-informed synthetic estimate
KHP104216,Kasaragod,Hosdurg,Semi-Urban,Apartment,3642,6,5,17,0,Semi-Furnished,4,3.8,Narrow Road,Yes,10930000,3300,Research-informed synthetic estimate
KHP104217,Idukki,Kattappana,Semi-Urban,Villa,2742,4,4,8,0,Semi-Furnished,0,3.2,Narrow Road,Yes,8580000,3000,Research-informed synthetic estimate
KHP104218,Kollam,Kollam Town,Urban,Independent House,3689,5,5,23,1,Unfurnished,0,1.1,Main Road,No,16110000,4800,Research-informed synthetic estimate
KHP104219,Wayanad,Vythiri,Semi-Urban,Villa,1922,3,2,1,0,Semi-Furnished,2,1.3,Main Road,No,13390000,4700,Research-informed synthetic estimate
KHP104220,Kannur,Taliparamba,Semi-Urban,Apartment,1100,2,2,27,1,Semi-Furnished,6,9.3,Local Road,Yes,2940000,3500,Research-informed synthetic estimate
KHP104221,Ernakulam,Kadavanthra,Urban,Independent House,1317,3,3,5,3,Unfurnished,1,3.5,Local Road,No,11520000,9000,Research-informed synthetic estimate
KHP104222,Kottayam,Kanjirappally,Rural,Independent House,2439,4,4,26,1,Unfurnished,2,3.3,Narrow Road,No,4680000,3000,Research-informed synthetic estimate
KHP104223,Kottayam,Manarcadu,Semi-Urban,Residential Plot,975,2,2,2,2,Semi-Furnished,1,4.0,Main Road,Yes,2970000,3600,Research-informed synthetic estimate
KHP104224,Kasaragod,Cheruvathur,Rural,Apartment,3091,4,4,22,1,Semi-Furnished,1,3.7,Local Road,Yes,8560000,2900,Research-informed synthetic estimate
KHP104225,Kozhikode,Feroke,Semi-Urban,Apartment,786,2,2,19,0,Semi-Furnished,5,2.5,Narrow Road,Yes,2460000,3700,Research-informed synthetic estimate
KHP104226,Malappuram,Malappuram Town,Urban,Apartment,1762,3,2,21,1,Semi-Furnished,0,4.6,Local Road,No,7400000,4400,Research-informed synthetic estimate
KHP104227,Thrissur,Patturaikkal,Semi-Urban,Independent House,1901,3,3,2,2,Unfurnished,0,3.7,Main Road,No,11510000,5600,Research-informed synthetic estimate
KHP104228,Ernakulam,Thrippunithura,Semi-Urban,Independent House,3659,6,5,24,1,Fully Furnished,1,6.4,Local Road,No,21060000,6000,Research-informed synthetic estimate
KHP104229,Kozhikode,Vellayil,Semi-Urban,Apartment,2519,3,3,18,0,Unfurnished,0,7.7,Local Road,Yes,15760000,7100,Research-informed synthetic estimate
KHP104230,Alappuzha,Cherthala,Semi-Urban,Apartment,3376,5,5,24,1,Unfurnished,5,1.6,Local Road,Yes,13240000,4700,Research-informed synthetic estimate
KHP104231,Thiruvananthapuram,Attingal,Semi-Urban,Villa,2616,4,4,21,3,Unfurnished,0,4.1,Main Road,No,10080000,3900,Research-informed synthetic estimate
KHP104232,Kollam,Paravur,Semi-Urban,Apartment,2415,3,3,25,1,Semi-Furnished,6,1.3,Local Road,No,7210000,3600,Research-informed synthetic estimate
KHP104233,Ernakulam,Kizhakkambalam,Rural,Apartment,3977,6,5,5,0,Semi-Furnished,3,4.6,Highway Access,No,21820000,4700,Research-informed synthetic estimate
KHP104234,Kannur,Taliparamba,Rural,Independent House,1895,3,3,5,0,Fully Furnished,1,7.2,Main Road,No,6310000,3500,Research-informed synthetic estimate
KHP104235,Kannur,Chala,Semi-Urban,Apartment,3686,6,5,6,0,Semi-Furnished,6,0.4,Highway Access,No,15760000,3600,Research-informed synthetic estimate
KHP104236,Palakkad,Shoranur,Semi-Urban,Independent House,2690,5,5,15,1,Unfurnished,2,5.6,Local Road,No,7780000,3100,Research-informed synthetic estimate
KHP104237,Idukki,Thodupuzha,Semi-Urban,Independent House,2533,3,3,11,2,Semi-Furnished,2,0.8,Local Road,No,9930000,3900,Research-informed synthetic estimate
KHP104238,Kannur,Mattannur,Semi-Urban,Independent House,1896,3,3,13,1,Semi-Furnished,1,2.9,Local Road,No,5890000,3400,Research-informed synthetic estimate
KHP104239,Kottayam,Manarcadu,Rural,Apartment,3286,6,5,26,0,Fully Furnished,3,9.5,Narrow Road,No,10110000,3600,Research-informed synthetic estimate
KHP104240,Thrissur,Patturaikkal,Semi-Urban,Residential Plot,2388,3,3,4,2,Semi-Furnished,1,4.6,Main Road,No,11860000,5600,Research-informed synthetic estimate
KHP104241,Palakkad,Ottapalam,Semi-Urban,Residential Plot,2293,4,4,20,0,Fully Furnished,2,4.2,Local Road,No,6510000,3200,Research-informed synthetic estimate
KHP104242,Palakkad,Pattambi,Semi-Urban,Residential Plot,931,1,1,4,1,Unfurnished,0,8.1,Local Road,No,2120000,3000,Research-informed synthetic estimate
KHP104243,Kasaragod,Kasaragod Town,Urban,Independent House,3035,5,5,21,0,Semi-Furnished,1,7.0,Narrow Road,No,8280000,3600,Research-informed synthetic estimate
KHP104244,Idukki,Nedumkandam,Rural,Apartment,2439,3,3,4,1,Fully Furnished,7,5.6,Narrow Road,Yes,6560000,2700,Research-informed synthetic estimate
KHP104245,Wayanad,Panamaram,Rural,Apartment,738,1,1,25,0,Semi-Furnished,0,3.6,Local Road,No,1370000,2900,Research-informed synthetic estimate
KHP104246,Thiruvananthapuram,Technopark,Semi-Urban,Independent House,2822,4,4,18,0,Unfurnished,0,4.2,Main Road,No,17230000,7000,Research-informed synthetic estimate
KHP104247,Ernakulam,Panampilly Nagar,Urban,Independent House,3355,5,5,1,0,Semi-Furnished,1,5.8,Highway Access,No,46290000,9500,Research-informed synthetic estimate
KHP104248,Wayanad,Vythiri,Semi-Urban,Apartment,2989,4,4,4,0,Fully Furnished,4,6.9,Main Road,Yes,19670000,4700,Research-informed synthetic estimate
KHP104249,Idukki,Painavu,Rural,Independent House,4052,4,3,2,1,Unfurnished,1,5.1,Narrow Road,Yes,9100000,2600,Research-informed synthetic estimate
KHP104250,Alappuzha,Muhamma,Semi-Urban,Independent House,2632,4,4,7,0,Fully Furnished,0,2.3,Local Road,No,10780000,4000,Research-informed synthetic estimate
KHP104251,Kannur,Kannur Town,Urban,Apartment,3047,5,5,15,1,Semi-Furnished,5,0.8,Main Road,No,17830000,4500,Research-informed synthetic estimate
KHP104252,Kollam,Kottarakkara,Semi-Urban,Villa,2483,4,4,12,0,Unfurnished,0,3.9,Narrow Road,Yes,7420000,3400,Research-informed synthetic estimate
KHP104253,Kasaragod,Nileshwar,Semi-Urban,Residential Plot,2226,3,3,9,0,Semi-Furnished,1,6.4,Main Road,No,5210000,3200,Research-informed synthetic estimate
KHP104254,Kollam,Asramam,Semi-Urban,Independent House,4045,6,5,17,1,Unfurnished,1,2.0,Local Road,No,19670000,5200,Research-informed synthetic estimate
KHP104255,Thrissur,Ayyanthole,Semi-Urban,Villa,2767,4,4,10,0,Fully Furnished,1,2.2,Local Road,Yes,14740000,5000,Research-informed synthetic estimate
KHP104256,Malappuram,Kottakkal,Semi-Urban,Independent House,3648,5,5,8,1,Unfurnished,1,3.8,Main Road,No,15670000,4400,Research-informed synthetic estimate
KHP104257,Kozhikode,Palazhi,Semi-Urban,Independent House,3638,5,5,18,0,Unfurnished,0,2.7,Main Road,No,29530000,8600,Research-informed synthetic estimate
KHP104258,Kollam,Chinnakada,Urban,Independent House,2325,3,3,23,2,Semi-Furnished,1,6.3,Main Road,No,11390000,5000,Research-informed synthetic estimate
KHP104259,Kottayam,Changanassery,Semi-Urban,Villa,4047,6,5,13,0,Semi-Furnished,2,6.4,Narrow Road,No,15740000,4300,Research-informed synthetic estimate
KHP104260,Kasaragod,Hosdurg,Rural,Independent House,992,3,3,20,1,Unfurnished,2,4.8,Narrow Road,No,2010000,3300,Research-informed synthetic estimate
KHP104261,Thiruvananthapuram,Kazhakoottam,Semi-Urban,Apartment,3151,5,5,2,2,Unfurnished,7,4.2,Highway Access,Yes,27170000,6800,Research-informed synthetic estimate
KHP104262,Pathanamthitta,Pandalam,Semi-Urban,Independent House,2900,5,5,3,1,Semi-Furnished,2,1.6,Local Road,No,10280000,3400,Research-informed synthetic estimate
KHP104263,Idukki,Munnar,Semi-Urban,Apartment,1173,3,3,1,0,Semi-Furnished,6,3.5,Local Road,No,8810000,6500,Research-informed synthetic estimate
KHP104264,Wayanad,Panamaram,Rural,Apartment,3856,6,5,30,1,Semi-Furnished,4,4.3,Local Road,No,9170000,2900,Research-informed synthetic estimate
KHP104265,Thrissur,Naikkanal,Semi-Urban,Villa,2538,4,4,30,2,Unfurnished,2,3.6,Narrow Road,Yes,11390000,5300,Research-informed synthetic estimate
KHP104266,Kasaragod,Manjeshwar,Semi-Urban,Villa,1645,2,2,8,0,Semi-Furnished,2,2.2,Main Road,No,6270000,3400,Research-informed synthetic estimate
KHP104267,Thrissur,Ollur,Semi-Urban,Independent House,702,1,1,23,2,Unfurnished,2,2.0,Local Road,No,4500000,9000,Research-informed synthetic estimate
KHP104268,Palakkad,Chittur,Semi-Urban,Independent House,3679,6,5,9,2,Semi-Furnished,0,3.8,Main Road,No,11250000,2900,Research-informed synthetic estimate
KHP104269,Malappuram,Kondotty,Semi-Urban,Apartment,918,2,2,27,3,Unfurnished,6,18.0,Local Road,Yes,2540000,4300,Research-informed synthetic estimate
KHP104270,Malappuram,Nilambur,Rural,Independent House,3760,6,5,2,0,Fully Furnished,0,4.2,Main Road,No,13560000,3300,Research-informed synthetic estimate
KHP104271,Kasaragod,Manjeshwar,Rural,Independent House,1041,2,2,9,1,Unfurnished,0,11.7,Local Road,Yes,2440000,3400,Research-informed synthetic estimate
KHP104272,Alappuzha,Ambalappuzha,Semi-Urban,Independent House,2382,4,4,29,2,Fully Furnished,2,9.9,Main Road,Yes,8050000,3400,Research-informed synthetic estimate
KHP104273,Malappuram,Malappuram Town,Urban,Independent House,2458,3,3,10,1,Fully Furnished,0,1.7,Local Road,No,11970000,4400,Research-informed synthetic estimate
KHP104274,Wayanad,Sulthan Bathery,Semi-Urban,Apartment,2257,3,3,16,1,Semi-Furnished,4,3.2,Main Road,No,8940000,3900,Research-informed synthetic estimate
KHP104275,Kasaragod,Kanhangad,Semi-Urban,Apartment,703,1,1,25,1,Unfurnished,7,4.2,Main Road,No,1980000,3500,Research-informed synthetic estimate
KHP104276,Malappuram,Tirur,Semi-Urban,Residential Plot,1467,1,1,21,0,Unfurnished,2,3.1,Main Road,Yes,4350000,4200,Research-informed synthetic estimate
KHP104277,Palakkad,Alathur,Rural,Independent House,3008,5,4,16,3,Unfurnished,2,2.3,Main Road,Yes,9120000,2900,Research-informed synthetic estimate
KHP104278,Pathanamthitta,Thiruvalla,Semi-Urban,Apartment,3276,6,5,1,0,Unfurnished,3,2.6,Main Road,No,18270000,4700,Research-informed synthetic estimate
KHP104279,Thiruvananthapuram,Nedumangad,Rural,Independent House,1829,3,2,8,2,Unfurnished,0,6.1,Local Road,No,4960000,3600,Research-informed synthetic estimate
KHP104280,Thiruvananthapuram,Kowdiar,Urban,Apartment,3002,5,5,0,3,Fully Furnished,2,1.7,Main Road,No,36790000,9000,Research-informed synthetic estimate
KHP104281,Ernakulam,Kadavanthra,Urban,Independent House,2772,4,4,9,1,Fully Furnished,1,2.8,Local Road,No,24480000,9000,Research-informed synthetic estimate
KHP104282,Thrissur,Irinjalakuda,Rural,Apartment,1662,2,2,11,0,Unfurnished,7,3.0,Main Road,No,4930000,3400,Research-informed synthetic estimate
KHP104283,Thiruvananthapuram,Pattom,Urban,Independent House,3305,5,5,8,1,Semi-Furnished,2,7.3,Main Road,No,23980000,7200,Research-informed synthetic estimate
KHP104284,Thiruvananthapuram,Technopark,Rural,Independent House,2272,4,4,10,1,Semi-Furnished,2,2.8,Main Road,No,15570000,7000,Research-informed synthetic estimate
KHP104285,Thrissur,Punkunnam,Semi-Urban,Residential Plot,1450,2,2,8,0,Unfurnished,1,2.2,Highway Access,Yes,7500000,5500,Research-informed synthetic estimate
KHP104286,Kollam,Kottarakkara,Semi-Urban,Independent House,2373,2,2,18,0,Fully Furnished,2,6.5,Local Road,Yes,7360000,3400,Research-informed synthetic estimate
KHP104287,Ernakulam,Panampilly Nagar,Urban,Independent House,823,1,1,27,2,Semi-Furnished,0,4.4,Main Road,Yes,7000000,9500,Research-informed synthetic estimate
KHP104288,Palakkad,Chittur,Semi-Urban,Independent House,761,1,1,25,2,Unfurnished,0,3.9,Highway Access,No,1820000,2900,Research-informed synthetic estimate
KHP104289,Kollam,Chinnakada,Urban,Villa,3344,6,5,19,0,Semi-Furnished,2,1.7,Local Road,No,17020000,5000,Research-informed synthetic estimate
KHP104290,Thiruvananthapuram,Kesavadasapuram,Semi-Urban,Independent House,1072,2,2,2,0,Semi-Furnished,1,5.3,Highway Access,No,8150000,7000,Research-informed synthetic estimate
KHP104291,Kottayam,Pala,Semi-Urban,Independent House,2529,4,4,0,1,Semi-Furnished,0,0.3,Main Road,No,13330000,4200,Research-informed synthetic estimate
KHP104292,Kollam,Kottarakkara,Semi-Urban,Residential Plot,1114,1,1,26,2,Semi-Furnished,2,0.4,Narrow Road,Yes,2800000,3400,Research-informed synthetic estimate
KHP104293,Ernakulam,Kalamassery,Semi-Urban,Apartment,1663,2,2,3,0,Unfurnished,4,0.6,Local Road,Yes,10210000,6000,Research-informed synthetic estimate
KHP104294,Kottayam,Pala,Rural,Residential Plot,3269,5,5,27,3,Fully Furnished,2,6.9,Local Road,No,9980000,4200,Research-informed synthetic estimate
KHP104295,Thiruvananthapuram,Technopark,Semi-Urban,Villa,2406,3,3,12,1,Semi-Furnished,2,4.2,Local Road,No,16720000,7000,Research-informed synthetic estimate
KHP104296,Pathanamthitta,Pathanamthitta Town,Semi-Urban,Apartment,3965,6,5,27,3,Fully Furnished,3,5.6,Main Road,No,15730000,3800,Research-informed synthetic estimate
KHP104297,Ernakulam,Pallikkara,Semi-Urban,Villa,3953,6,5,13,0,Fully Furnished,2,5.0,Local Road,No,20430000,4600,Research-informed synthetic estimate
KHP104298,Kollam,Chinnakada,Urban,Independent House,814,2,2,2,3,Semi-Furnished,1,3.2,Highway Access,Yes,5480000,5000,Research-informed synthetic estimate
KHP104299,Alappuzha,Chengannur,Semi-Urban,Independent House,3360,6,5,5,1,Semi-Furnished,2,3.6,Main Road,No,15870000,4300,Research-informed synthetic estimate
KHP104300,Malappuram,Nilambur,Semi-Urban,Apartment,1401,2,2,0,1,Unfurnished,4,7.6,Local Road,No,4430000,3300,Research-informed synthetic estimate
KHP104301,Kasaragod,Kanhangad,Semi-Urban,Apartment,713,1,1,16,1,Fully Furnished,3,2.4,Main Road,No,2560000,3500,Research-informed synthetic estimate
KHP104302,Kannur,Thottada,Semi-Urban,Apartment,893,1,1,0,3,Unfurnished,6,1.7,Local Road,No,3680000,4200,Research-informed synthetic estimate
KHP104303,Kollam,Chinnakada,Urban,Residential Plot,1200,1,1,11,0,Semi-Furnished,2,5.4,Narrow Road,No,4520000,5000,Research-informed synthetic estimate
KHP104304,Idukki,Kumily,Rural,Independent House,2942,4,4,6,0,Unfurnished,2,7.6,Main Road,No,7100000,3400,Research-informed synthetic estimate
KHP104305,Thiruvananthapuram,Kesavadasapuram,Rural,Apartment,1278,2,2,5,1,Semi-Furnished,6,4.6,Main Road,No,7360000,7000,Research-informed synthetic estimate
KHP104306,Wayanad,Meppadi,Semi-Urban,Independent House,3116,5,5,22,3,Semi-Furnished,1,3.0,Main Road,No,10320000,3300,Research-informed synthetic estimate
KHP104307,Ernakulam,Pallikkara,Semi-Urban,Independent House,2521,2,2,7,1,Fully Furnished,1,1.6,Local Road,No,11070000,4600,Research-informed synthetic estimate
KHP104308,Thiruvananthapuram,Neyyattinkara,Semi-Urban,Apartment,1745,4,3,16,3,Semi-Furnished,5,1.2,Local Road,No,7970000,4200,Research-informed synthetic estimate
KHP104309,Wayanad,Ambalavayal,Semi-Urban,Apartment,3639,6,5,22,2,Unfurnished,7,2.6,Narrow Road,No,9580000,3200,Research-informed synthetic estimate
KHP104310,Kasaragod,Uppala,Rural,Independent House,3809,5,5,18,1,Fully Furnished,2,1.6,Local Road,Yes,12720000,3000,Research-informed synthetic estimate
KHP104311,Kasaragod,Cheruvathur,Rural,Independent House,1043,2,2,18,0,Fully Furnished,1,3.0,Local Road,No,2600000,2900,Research-informed synthetic estimate
KHP104312,Ernakulam,Vyttila,Urban,Independent House,2745,4,4,21,1,Semi-Furnished,1,3.8,Local Road,Yes,21190000,8000,Research-informed synthetic estimate
KHP104313,Kottayam,Kumarakom,Rural,Villa,943,1,1,26,1,Semi-Furnished,1,9.7,Narrow Road,No,3650000,6500,Research-informed synthetic estimate
KHP104314,Idukki,Munnar,Semi-Urban,Villa,2457,4,4,12,2,Semi-Furnished,2,10.8,Local Road,No,17350000,6500,Research-informed synthetic estimate
KHP104315,Thrissur,Kunnamkulam,Semi-Urban,Independent House,3002,3,3,29,2,Semi-Furnished,1,3.5,Main Road,No,8600000,3500,Research-informed synthetic estimate
KHP104316,Ernakulam,Thrippunithura,Rural,Residential Plot,742,1,1,9,1,Unfurnished,1,8.1,Main Road,No,2850000,6000,Research-informed synthetic estimate
KHP104317,Thrissur,Punkunnam,Semi-Urban,Apartment,2759,5,5,7,0,Fully Furnished,3,4.2,Main Road,No,18450000,5500,Research-informed synthetic estimate
KHP104318,Ernakulam,Aluva,Semi-Urban,Independent House,3126,5,5,7,0,Fully Furnished,0,1.8,Main Road,No,18590000,5000,Research-informed synthetic estimate
KHP104319,Alappuzha,Chengannur,Semi-Urban,Independent House,3389,5,5,23,0,Fully Furnished,1,9.5,Narrow Road,Yes,12480000,4300,Research-informed synthetic estimate
KHP104320,Kollam,Paravur,Semi-Urban,Villa,1975,3,3,13,1,Unfurnished,1,4.5,Narrow Road,Yes,6570000,3600,Research-informed synthetic estimate
KHP104321,Kollam,Kollam Town,Urban,Villa,923,1,1,26,0,Semi-Furnished,0,3.9,Local Road,No,3640000,4800,Research-informed synthetic estimate
KHP104322,Kottayam,Manarcadu,Rural,Independent House,4037,6,5,13,1,Semi-Furnished,1,5.4,Narrow Road,No,12390000,3600,Research-informed synthetic estimate
KHP104323,Palakkad,Palakkad Town,Urban,Villa,2452,4,4,4,1,Unfurnished,0,1.5,Main Road,No,12340000,3900,Research-informed synthetic estimate
KHP104324,Thrissur,Koorkenchery,Semi-Urban,Apartment,2044,3,2,12,3,Unfurnished,7,2.8,Main Road,Yes,16480000,6500,Research-informed synthetic estimate
KHP104325,Kottayam,Changanassery,Semi-Urban,Independent House,2356,3,2,20,2,Semi-Furnished,2,5.6,Main Road,Yes,9890000,4300,Research-informed synthetic estimate
KHP104326,Kollam,Kavanad,Semi-Urban,Apartment,1414,2,2,10,0,Unfurnished,1,2.1,Main Road,Yes,6890000,5000,Research-informed synthetic estimate
KHP104327,Kollam,Kollam Town,Urban,Independent House,2659,5,4,9,2,Fully Furnished,0,3.6,Highway Access,No,19730000,4800,Research-informed synthetic estimate
KHP104328,Alappuzha,Chengannur,Semi-Urban,Apartment,1659,3,3,8,1,Unfurnished,6,4.5,Main Road,No,7600000,4300,Research-informed synthetic estimate
KHP104329,Kozhikode,Chevarambalam,Rural,Villa,675,2,1,12,1,Fully Furnished,1,6.8,Main Road,No,4610000,6300,Research-informed synthetic estimate
KHP104330,Wayanad,Sulthan Bathery,Semi-Urban,Independent House,3002,6,5,25,2,Semi-Furnished,1,5.7,Local Road,No,9050000,3900,Research-informed synthetic estimate
KHP104331,Kozhikode,Nellikode,Semi-Urban,Villa,1064,3,3,6,0,Semi-Furnished,0,1.6,Local Road,Yes,5310000,4500,Research-informed synthetic estimate
KHP104332,Kannur,Chala,Semi-Urban,Independent House,1612,2,1,18,0,Semi-Furnished,1,5.3,Local Road,No,3910000,3600,Research-informed synthetic estimate
KHP104333,Kasaragod,Manjeshwar,Semi-Urban,Apartment,1283,4,4,1,2,Semi-Furnished,1,7.5,Highway Access,No,4980000,3400,Research-informed synthetic estimate
KHP104334,Kannur,Sreekandapuram,Rural,Independent House,2172,2,2,18,0,Unfurnished,1,0.8,Highway Access,Yes,5690000,2900,Research-informed synthetic estimate
KHP104335,Idukki,Munnar,Semi-Urban,Independent House,1747,2,2,18,3,Unfurnished,0,2.8,Local Road,No,10170000,6500,Research-informed synthetic estimate
KHP104336,Malappuram,Perinthalmanna,Semi-Urban,Independent House,1543,2,2,15,1,Semi-Furnished,0,3.9,Main Road,No,6670000,4500,Research-informed synthetic estimate
KHP104337,Palakkad,Chittur,Semi-Urban,Independent House,3572,5,5,11,1,Semi-Furnished,0,2.6,Narrow Road,Yes,8590000,2900,Research-informed synthetic estimate
KHP104338,Malappuram,Nilambur,Semi-Urban,Residential Plot,2759,4,4,18,0,Semi-Furnished,2,6.1,Local Road,Yes,6990000,3300,Research-informed synthetic estimate
KHP104339,Thiruvananthapuram,Technopark,Rural,Residential Plot,2713,4,4,11,0,Unfurnished,2,3.7,Main Road,No,14760000,7000,Research-informed synthetic estimate
KHP104340,Malappuram,Ponnani,Semi-Urban,Independent House,3214,5,4,28,2,Fully Furnished,2,4.1,Narrow Road,No,10050000,3500,Research-informed synthetic estimate
KHP104341,Wayanad,Panamaram,Rural,Independent House,2555,5,4,28,0,Semi-Furnished,1,11.6,Highway Access,Yes,6270000,2900,Research-informed synthetic estimate
KHP104342,Idukki,Kumily,Semi-Urban,Independent House,4103,6,5,5,2,Semi-Furnished,1,1.1,Narrow Road,No,14010000,3400,Research-informed synthetic estimate
KHP104343,Kollam,Kavanad,Semi-Urban,Villa,1960,5,5,12,1,Semi-Furnished,0,1.4,Main Road,No,12650000,5000,Research-informed synthetic estimate
KHP104344,Palakkad,Pattambi,Rural,Independent House,1379,2,2,0,1,Unfurnished,0,0.8,Narrow Road,No,2730000,3000,Research-informed synthetic estimate
KHP104345,Alappuzha,Chengannur,Rural,Residential Plot,3387,5,5,30,2,Unfurnished,0,6.4,Narrow Road,Yes,8460000,4300,Research-informed synthetic estimate
KHP104346,Thiruvananthapuram,Technopark,Semi-Urban,Apartment,1257,2,2,11,1,Fully Furnished,1,0.3,Narrow Road,No,7870000,7000,Research-informed synthetic estimate
KHP104347,Pathanamthitta,Konni,Rural,Apartment,2165,3,2,18,0,Unfurnished,4,4.6,Local Road,No,4450000,2900,Research-informed synthetic estimate
KHP104348,Kasaragod,Manjeshwar,Rural,Villa,1981,4,4,0,0,Unfurnished,1,3.0,Local Road,No,6670000,3400,Research-informed synthetic estimate
KHP104349,Wayanad,Vythiri,Rural,Independent House,1354,2,2,6,0,Unfurnished,2,0.5,Local Road,No,5630000,4700,Research-informed synthetic estimate
KHP104350,Thiruvananthapuram,Technopark,Semi-Urban,Apartment,3464,6,5,30,0,Semi-Furnished,5,8.9,Main Road,Yes,22060000,7000,Research-informed synthetic estimate
KHP104351,Idukki,Munnar,Semi-Urban,Independent House,2444,5,5,30,1,Fully Furnished,0,3.7,Local Road,No,14360000,6500,Research-informed synthetic estimate
KHP104352,Kannur,Thottada,Semi-Urban,Apartment,4141,6,5,30,2,Semi-Furnished,2,10.5,Main Road,No,16280000,4200,Research-informed synthetic estimate
KHP104353,Kozhikode,Chevarambalam,Semi-Urban,Apartment,2083,2,2,25,0,Fully Furnished,6,14.6,Highway Access,No,11490000,6300,Research-informed synthetic estimate
KHP104354,Wayanad,Meppadi,Semi-Urban,Independent House,2674,4,4,10,1,Unfurnished,1,3.5,Highway Access,No,9350000,3300,Research-informed synthetic estimate
KHP104355,Idukki,Munnar,Semi-Urban,Independent House,1965,3,3,21,1,Unfurnished,1,4.0,Narrow Road,No,10500000,6500,Research-informed synthetic estimate
KHP104356,Wayanad,Vythiri,Semi-Urban,Independent House,1719,4,4,12,1,Unfurnished,2,2.2,Local Road,No,7610000,4700,Research-informed synthetic estimate
KHP104357,Thrissur,Irinjalakuda,Semi-Urban,Independent House,3605,4,4,19,0,Unfurnished,2,1.5,Local Road,No,9810000,3400,Research-informed synthetic estimate
KHP104358,Kozhikode,Karaparamba,Semi-Urban,Residential Plot,1620,3,3,29,2,Semi-Furnished,0,2.3,Main Road,No,4150000,4000,Research-informed synthetic estimate
KHP104359,Thrissur,Ayyanthole,Semi-Urban,Villa,681,1,1,3,0,Semi-Furnished,2,2.4,Local Road,No,3220000,5000,Research-informed synthetic estimate
KHP104360,Malappuram,Manjeri,Semi-Urban,Apartment,2286,5,5,25,1,Semi-Furnished,5,4.0,Highway Access,No,10610000,4300,Research-informed synthetic estimate
KHP104361,Kollam,Kavanad,Rural,Apartment,3000,5,5,25,1,Unfurnished,1,6.6,Main Road,No,12210000,5000,Research-informed synthetic estimate
KHP104362,Malappuram,Tirur,Rural,Residential Plot,3161,5,5,10,0,Semi-Furnished,2,7.6,Local Road,No,10340000,4200,Research-informed synthetic estimate
KHP104363,Alappuzha,Cherthala,Rural,Independent House,2205,4,3,8,1,Fully Furnished,2,4.7,Main Road,No,10180000,4700,Research-informed synthetic estimate
KHP104364,Wayanad,Sulthan Bathery,Semi-Urban,Apartment,878,1,1,4,1,Semi-Furnished,6,0.5,Local Road,No,3190000,3900,Research-informed synthetic estimate
KHP104365,Wayanad,Vythiri,Semi-Urban,Apartment,1538,2,2,5,1,Semi-Furnished,4,7.9,Highway Access,Yes,9610000,4700,Research-informed synthetic estimate
KHP104366,Kozhikode,West Hill,Semi-Urban,Villa,1039,1,1,9,0,Unfurnished,2,7.9,Main Road,No,4040000,4200,Research-informed synthetic estimate
KHP104367,Idukki,Kumily,Semi-Urban,Independent House,2957,5,5,5,3,Unfurnished,0,3.3,Highway Access,No,11860000,3400,Research-informed synthetic estimate
KHP104368,Kannur,Chala,Rural,Apartment,737,1,1,6,1,Semi-Furnished,7,4.6,Local Road,No,2060000,3600,Research-informed synthetic estimate
KHP104369,Idukki,Nedumkandam,Rural,Residential Plot,1783,4,4,28,2,Unfurnished,1,7.5,Local Road,Yes,3040000,2700,Research-informed synthetic estimate
KHP104370,Thrissur,Patturaikkal,Semi-Urban,Independent House,788,1,1,15,0,Semi-Furnished,1,3.8,Main Road,No,3780000,5600,Research-informed synthetic estimate
KHP104371,Palakkad,Shoranur,Rural,Independent House,4089,6,5,29,0,Unfurnished,2,4.4,Main Road,No,9990000,3100,Research-informed synthetic estimate
KHP104372,Alappuzha,Alappuzha Town,Urban,Independent House,1144,1,1,9,1,Semi-Furnished,2,11.5,Local Road,No,6170000,6000,Research-informed synthetic estimate
KHP104373,Kollam,Asramam,Rural,Apartment,4171,6,5,4,0,Unfurnished,3,0.8,Main Road,No,22910000,5200,Research-informed synthetic estimate
KHP104374,Malappuram,Perinthalmanna,Rural,Independent House,3755,6,5,20,1,Semi-Furnished,0,9.0,Narrow Road,No,14960000,4500,Research-informed synthetic estimate
KHP104375,Malappuram,Parappanangadi,Semi-Urban,Villa,1680,2,2,7,0,Unfurnished,2,6.3,Local Road,Yes,5430000,3600,Research-informed synthetic estimate
KHP104376,Kasaragod,Kanhangad,Semi-Urban,Residential Plot,2313,3,3,16,0,Unfurnished,2,4.6,Highway Access,Yes,5990000,3500,Research-informed synthetic estimate
KHP104377,Palakkad,Palakkad Town,Urban,Villa,802,1,1,10,1,Unfurnished,0,8.4,Main Road,No,2980000,3900,Research-informed synthetic estimate
KHP104378,Thrissur,Kodungallur,Semi-Urban,Villa,2099,3,2,14,0,Semi-Furnished,0,5.3,Main Road,Yes,8710000,3600,Research-informed synthetic estimate
KHP104379,Idukki,Munnar,Semi-Urban,Apartment,3043,4,3,20,0,Unfurnished,6,11.1,Main Road,Yes,18720000,6500,Research-informed synthetic estimate
KHP104380,Kollam,Punalur,Rural,Residential Plot,1493,2,2,26,1,Unfurnished,1,1.8,Local Road,No,2350000,3000,Research-informed synthetic estimate
KHP104381,Malappuram,Malappuram Town,Urban,Independent House,3997,6,5,21,2,Unfurnished,1,1.5,Main Road,No,20210000,4400,Research-informed synthetic estimate
KHP104382,Ernakulam,Chottanikkara,Semi-Urban,Apartment,3114,6,5,21,0,Fully Furnished,6,5.9,Main Road,No,14220000,4200,Research-informed synthetic estimate
KHP104383,Idukki,Adimali,Rural,Villa,1299,2,2,2,1,Fully Furnished,0,1.7,Main Road,No,3770000,3000,Research-informed synthetic estimate
KHP104384,Alappuzha,Chengannur,Semi-Urban,Independent House,4034,6,5,9,0,Unfurnished,0,7.2,Highway Access,No,19790000,4300,Research-informed synthetic estimate
KHP104385,Idukki,Thodupuzha,Semi-Urban,Villa,3311,5,5,17,2,Unfurnished,0,4.5,Highway Access,No,15600000,3900,Research-informed synthetic estimate
KHP104386,Kannur,Mattannur,Semi-Urban,Apartment,3073,4,4,22,1,Semi-Furnished,7,7.1,Main Road,Yes,9800000,3400,Research-informed synthetic estimate
KHP104387,Malappuram,Parappanangadi,Semi-Urban,Apartment,1955,4,4,8,0,Semi-Furnished,6,2.8,Main Road,Yes,8260000,3600,Research-informed synthetic estimate
KHP104388,Kollam,Chinnakada,Urban,Residential Plot,3021,4,4,15,0,Unfurnished,1,4.0,Narrow Road,No,9780000,5000,Research-informed synthetic estimate
KHP104389,Malappuram,Nilambur,Rural,Residential Plot,1659,2,2,16,1,Fully Furnished,0,2.8,Narrow Road,No,2880000,3300,Research-informed synthetic estimate
KHP104390,Kottayam,Changanassery,Semi-Urban,Apartment,4049,6,5,8,0,Fully Furnished,7,1.5,Local Road,Yes,20610000,4300,Research-informed synthetic estimate
KHP104391,Thiruvananthapuram,Neyyattinkara,Rural,Apartment,855,1,1,23,0,Unfurnished,5,4.6,Main Road,Yes,2640000,4200,Research-informed synthetic estimate
KHP104392,Pathanamthitta,Pandalam,Semi-Urban,Residential Plot,2448,3,3,27,0,Unfurnished,0,7.0,Local Road,No,5720000,3400,Research-informed synthetic estimate
KHP104393,Palakkad,Pattambi,Semi-Urban,Apartment,2897,5,4,21,1,Semi-Furnished,3,0.5,Local Road,No,9200000,3000,Research-informed synthetic estimate
KHP104394,Ernakulam,Marine Drive,Urban,Villa,3689,6,5,6,0,Unfurnished,0,6.5,Main Road,No,55280000,12500,Research-informed synthetic estimate
KHP104395,Kasaragod,Nileshwar,Semi-Urban,Apartment,2870,5,5,5,2,Fully Furnished,7,6.3,Local Road,No,10340000,3200,Research-informed synthetic estimate
KHP104396,Kottayam,Kumarakom,Rural,Independent House,1840,1,1,12,2,Semi-Furnished,1,4.5,Main Road,No,9850000,6500,Research-informed synthetic estimate
KHP104397,Ernakulam,Palarivattom,Urban,Apartment,1831,2,2,2,0,Unfurnished,6,1.4,Local Road,No,13090000,7500,Research-informed synthetic estimate
KHP104398,Alappuzha,Haripad,Semi-Urban,Apartment,3204,5,5,21,1,Semi-Furnished,1,8.3,Local Road,No,8760000,3200,Research-informed synthetic estimate
KHP104399,Malappuram,Manjeri,Semi-Urban,Independent House,2578,2,2,16,0,Unfurnished,2,3.4,Main Road,No,9540000,4300,Research-informed synthetic estimate
KHP104400,Kasaragod,Hosdurg,Semi-Urban,Independent House,3245,4,4,6,0,Fully Furnished,2,6.7,Highway Access,Yes,13620000,3300,Research-informed synthetic estimate
KHP104401,Ernakulam,Maradu,Rural,Residential Plot,904,1,1,12,0,Semi-Furnished,2,2.5,Local Road,No,3630000,7300,Research-informed synthetic estimate
KHP104402,Pathanamthitta,Thiruvalla,Semi-Urban,Apartment,1575,2,2,18,3,Semi-Furnished,1,1.1,Local Road,No,8290000,4700,Research-informed synthetic estimate
KHP104403,Thiruvananthapuram,Kazhakkoottam,Rural,Apartment,1620,1,1,20,1,Fully Furnished,1,5.3,Local Road,No,7650000,6800,Research-informed synthetic estimate
KHP104404,Ernakulam,Aluva,Rural,Independent House,1434,2,2,5,1,Unfurnished,1,12.5,Main Road,Yes,5200000,5000,Research-informed synthetic estimate
KHP104405,Kollam,Kollam Town,Urban,Independent House,2478,4,4,2,0,Fully Furnished,2,3.2,Highway Access,Yes,17690000,4800,Research-informed synthetic estimate
KHP104406,Kottayam,Changanassery,Semi-Urban,Independent House,958,1,1,16,0,Semi-Furnished,1,2.0,Main Road,Yes,4160000,4300,Research-informed synthetic estimate
KHP104407,Thrissur,Koorkenchery,Rural,Independent House,1735,4,4,6,3,Semi-Furnished,1,1.3,Main Road,Yes,11970000,6500,Research-informed synthetic estimate
KHP104408,Kasaragod,Bekal,Semi-Urban,Apartment,2778,3,3,10,2,Semi-Furnished,6,3.6,Main Road,Yes,14790000,4200,Research-informed synthetic estimate
KHP104409,Thiruvananthapuram,Sreekaryam,Semi-Urban,Apartment,3592,6,5,27,0,Unfurnished,1,0.8,Main Road,Yes,21420000,6200,Research-informed synthetic estimate
KHP104410,Thrissur,Chalakudy,Semi-Urban,Independent House,2728,4,4,17,0,Semi-Furnished,0,10.2,Local Road,No,8820000,3900,Research-informed synthetic estimate
KHP104411,Thiruvananthapuram,Nedumangad,Rural,Apartment,3555,6,5,18,1,Semi-Furnished,7,6.3,Main Road,No,13330000,3600,Research-informed synthetic estimate
KHP104412,Kasaragod,Cheruvathur,Rural,Villa,909,2,2,27,1,Semi-Furnished,1,6.3,Narrow Road,No,1870000,2900,Research-informed synthetic estimate
KHP104413,Kozhikode,Vadakara,Semi-Urban,Apartment,1431,4,4,15,0,Unfurnished,4,5.2,Main Road,Yes,9330000,6800,Research-informed synthetic estimate
KHP104414,Kollam,Punalur,Semi-Urban,Apartment,3914,6,5,18,0,Fully Furnished,5,1.3,Local Road,No,12430000,3000,Research-informed synthetic estimate
KHP104415,Wayanad,Panamaram,Rural,Residential Plot,1961,3,3,14,1,Unfurnished,2,2.0,Narrow Road,Yes,3770000,2900,Research-informed synthetic estimate
KHP104416,Kozhikode,Vellayil,Semi-Urban,Residential Plot,3670,5,5,7,1,Semi-Furnished,2,1.7,Local Road,Yes,25320000,7100,Research-informed synthetic estimate
KHP104417,Kollam,Kavanad,Semi-Urban,Apartment,4086,6,5,0,1,Fully Furnished,1,4.0,Local Road,No,22640000,5000,Research-informed synthetic estimate
KHP104418,Kottayam,Kumarakom,Semi-Urban,Villa,1915,2,1,12,1,Fully Furnished,0,8.6,Main Road,Yes,17180000,6500,Research-informed synthetic estimate
KHP104419,Alappuzha,Ambalappuzha,Rural,Apartment,4105,5,5,17,1,Fully Furnished,3,7.4,Main Road,No,16680000,3400,Research-informed synthetic estimate
KHP104420,Kannur,Payyannur,Rural,Independent House,2518,4,3,25,1,Fully Furnished,1,7.1,Local Road,No,6850000,3900,Research-informed synthetic estimate
KHP104421,Kottayam,Ettumanoor,Semi-Urban,Independent House,2981,4,4,14,1,Unfurnished,0,1.6,Main Road,Yes,12400000,3900,Research-informed synthetic estimate
KHP104422,Thiruvananthapuram,Vazhuthacaud,Urban,Villa,2189,4,4,10,1,Unfurnished,2,10.9,Local Road,No,16540000,7800,Research-informed synthetic estimate
KHP104423,Kasaragod,Kanhangad,Semi-Urban,Independent House,950,1,1,0,3,Semi-Furnished,2,1.0,Narrow Road,No,2720000,3500,Research-informed synthetic estimate
KHP104424,Thiruvananthapuram,Kowdiar,Urban,Villa,2208,4,4,22,2,Semi-Furnished,2,1.5,Local Road,Yes,21260000,9000,Research-informed synthetic estimate
KHP104425,Thrissur,Guruvayur,Semi-Urban,Apartment,1130,1,1,13,0,Semi-Furnished,1,11.5,Narrow Road,No,2950000,3700,Research-informed synthetic estimate
KHP104426,Kannur,Kannur Town,Urban,Residential Plot,2571,3,3,9,1,Semi-Furnished,2,1.6,Local Road,No,10430000,4500,Research-informed synthetic estimate
KHP104427,Kottayam,Kottayam Town,Urban,Independent House,1385,1,1,6,1,Fully Furnished,0,8.8,Main Road,No,7590000,5200,Research-informed synthetic estimate
KHP104428,Kasaragod,Kanhangad,Semi-Urban,Villa,3146,5,5,5,3,Unfurnished,2,4.2,Main Road,No,13510000,3500,Research-informed synthetic estimate
KHP104429,Ernakulam,Kaloor,Urban,Independent House,916,2,1,24,2,Fully Furnished,0,8.6,Main Road,No,7190000,8200,Research-informed synthetic estimate
KHP104430,Kozhikode,Koyilandy,Semi-Urban,Independent House,1055,1,1,18,1,Fully Furnished,2,2.5,Narrow Road,No,3130000,4100,Research-informed synthetic estimate
KHP104431,Kannur,Mattannur,Rural,Villa,2834,3,2,15,2,Unfurnished,1,1.6,Local Road,Yes,7240000,3400,Research-informed synthetic estimate
KHP104432,Malappuram,Manjeri,Semi-Urban,Apartment,861,1,1,26,0,Semi-Furnished,3,6.1,Narrow Road,No,2380000,4300,Research-informed synthetic estimate
KHP104433,Pathanamthitta,Thiruvalla,Semi-Urban,Villa,1822,3,2,12,1,Semi-Furnished,0,1.2,Main Road,No,8790000,4700,Research-informed synthetic estimate
KHP104434,Wayanad,Vythiri,Semi-Urban,Villa,1311,2,2,0,1,Unfurnished,1,6.4,Local Road,No,6470000,4700,Research-informed synthetic estimate
KHP104435,Thrissur,Irinjalakuda,Semi-Urban,Villa,4048,5,5,0,3,Semi-Furnished,0,1.0,Main Road,No,17470000,3400,Research-informed synthetic estimate
KHP104436,Wayanad,Ambalavayal,Semi-Urban,Apartment,1678,1,1,13,1,Unfurnished,6,7.0,Local Road,No,3950000,3200,Research-informed synthetic estimate
KHP104437,Ernakulam,Pallikkara,Semi-Urban,Apartment,3976,6,5,19,2,Semi-Furnished,0,6.2,Main Road,No,20400000,4600,Research-informed synthetic estimate
KHP104438,Kottayam,Vaikom,Semi-Urban,Apartment,1875,3,2,30,2,Unfurnished,1,4.8,Highway Access,No,6460000,3500,Research-informed synthetic estimate
KHP104439,Kasaragod,Cheruvathur,Rural,Independent House,891,2,2,10,1,Semi-Furnished,2,6.8,Local Road,Yes,2260000,2900,Research-informed synthetic estimate
KHP104440,Kozhikode,Malaparamba,Semi-Urban,Independent House,650,1,1,14,0,Semi-Furnished,0,2.3,Local Road,Yes,4460000,7500,Research-informed synthetic estimate
KHP104441,Wayanad,Panamaram,Rural,Villa,1421,2,1,23,1,Unfurnished,1,6.0,Highway Access,Yes,3250000,2900,Research-informed synthetic estimate
KHP104442,Kozhikode,Mavoor Road,Urban,Villa,2243,4,4,29,2,Unfurnished,2,7.7,Main Road,Yes,13680000,6400,Research-informed synthetic estimate
KHP104443,Kannur,Thottada,Semi-Urban,Residential Plot,1955,4,4,1,2,Unfurnished,0,5.4,Main Road,No,5240000,4200,Research-informed synthetic estimate
KHP104444,Pathanamthitta,Pandalam,Semi-Urban,Independent House,1426,3,3,8,1,Semi-Furnished,2,6.0,Local Road,No,4620000,3400,Research-informed synthetic estimate
KHP104445,Thrissur,Kunnamkulam,Rural,Independent House,3671,6,5,10,3,Semi-Furnished,2,7.9,Highway Access,No,16010000,3500,Research-informed synthetic estimate
KHP104446,Palakkad,Mannarkkad,Rural,Independent House,2401,5,5,26,1,Fully Furnished,1,2.2,Local Road,No,6130000,2800,Research-informed synthetic estimate
KHP104447,Malappuram,Kottakkal,Semi-Urban,Independent House,2047,2,2,28,1,Semi-Furnished,0,8.5,Narrow Road,No,5670000,4400,Research-informed synthetic estimate
KHP104448,Malappuram,Nilambur,Semi-Urban,Independent House,1835,2,1,30,0,Fully Furnished,0,6.9,Highway Access,Yes,5740000,3300,Research-informed synthetic estimate
KHP104449,Kottayam,Pala,Rural,Independent House,659,1,1,17,1,Semi-Furnished,2,5.0,Main Road,No,2180000,4200,Research-informed synthetic estimate
KHP104450,Thrissur,Ollur,Semi-Urban,Residential Plot,1729,3,2,6,2,Semi-Furnished,1,1.8,Highway Access,No,15320000,9000,Research-informed synthetic estimate
KHP104451,Wayanad,Mananthavady,Semi-Urban,Independent House,3042,4,4,20,0,Unfurnished,0,9.0,Main Road,Yes,9360000,3400,Research-informed synthetic estimate
KHP104452,Malappuram,Kottakkal,Semi-Urban,Villa,2339,4,4,25,1,Unfurnished,0,4.0,Main Road,No,9740000,4400,Research-informed synthetic estimate
KHP104453,Alappuzha,Alappuzha Beach,Semi-Urban,Independent House,3998,6,5,20,0,Unfurnished,1,3.1,Local Road,No,24220000,6800,Research-informed synthetic estimate
KHP104454,Alappuzha,Alappuzha Town,Urban,Independent House,1449,2,2,24,0,Semi-Furnished,2,2.1,Local Road,No,8110000,6000,Research-informed synthetic estimate
KHP104455,Pathanamthitta,Adoor,Semi-Urban,Independent House,1457,2,2,11,2,Fully Furnished,2,2.2,Local Road,No,5660000,3900,Research-informed synthetic estimate
KHP104456,Kottayam,Ettumanoor,Semi-Urban,Apartment,935,1,1,16,0,Semi-Furnished,2,2.1,Main Road,No,2700000,3900,Research-informed synthetic estimate
KHP104457,Kollam,Kavanad,Rural,Villa,3249,5,5,4,2,Semi-Furnished,0,1.6,Local Road,No,18260000,5000,Research-informed synthetic estimate
KHP104458,Pathanamthitta,Adoor,Semi-Urban,Villa,845,1,1,22,1,Unfurnished,0,2.3,Highway Access,No,3180000,3900,Research-informed synthetic estimate
KHP104459,Kollam,Kollam Town,Urban,Apartment,3906,6,5,28,1,Unfurnished,4,1.8,Highway Access,Yes,21350000,4800,Research-informed synthetic estimate
KHP104460,Kollam,Chathannoor,Rural,Residential Plot,4017,6,5,30,2,Fully Furnished,1,2.3,Local Road,Yes,9200000,3200,Research-informed synthetic estimate
KHP104461,Kannur,Sreekandapuram,Rural,Residential Plot,2026,3,3,30,1,Fully Furnished,2,9.0,Narrow Road,No,3470000,2900,Research-informed synthetic estimate
KHP104462,Ernakulam,Panampilly Nagar,Urban,Independent House,3296,4,4,16,0,Fully Furnished,2,3.1,Narrow Road,No,30430000,9500,Research-informed synthetic estimate
KHP104463,Idukki,Nedumkandam,Rural,Independent House,745,1,1,18,2,Unfurnished,1,0.3,Local Road,No,1410000,2700,Research-informed synthetic estimate
KHP104464,Malappuram,Tirur,Semi-Urban,Apartment,1340,2,2,21,0,Semi-Furnished,7,1.2,Main Road,No,5650000,4200,Research-informed synthetic estimate
KHP104465,Palakkad,Chittur,Semi-Urban,Independent House,2506,4,4,16,3,Fully Furnished,0,7.0,Local Road,No,7760000,2900,Research-informed synthetic estimate
KHP104466,Palakkad,Shoranur,Semi-Urban,Independent House,2003,4,4,15,0,Fully Furnished,2,3.2,Narrow Road,Yes,5880000,3100,Research-informed synthetic estimate
KHP104467,Idukki,Munnar,Semi-Urban,Independent House,1941,2,1,29,2,Unfurnished,1,1.4,Main Road,No,10860000,6500,Research-informed synthetic estimate
KHP104468,Kasaragod,Uppala,Rural,Residential Plot,1337,1,1,26,3,Semi-Furnished,0,5.7,Main Road,Yes,2440000,3000,Research-informed synthetic estimate
KHP104469,Kottayam,Kanjirappally,Rural,Independent House,3551,4,4,19,0,Semi-Furnished,0,1.5,Local Road,Yes,9770000,3000,Research-informed synthetic estimate
KHP104470,Kottayam,Changanassery,Semi-Urban,Villa,2713,4,4,4,2,Unfurnished,2,2.2,Narrow Road,Yes,12940000,4300,Research-informed synthetic estimate
KHP104471,Kozhikode,Feroke,Semi-Urban,Residential Plot,4139,6,5,23,3,Fully Furnished,2,2.6,Main Road,No,15650000,3700,Research-informed synthetic estimate
KHP104472,Idukki,Munnar,Semi-Urban,Apartment,4083,6,5,29,0,Semi-Furnished,6,3.2,Local Road,No,25670000,6500,Research-informed synthetic estimate
KHP104473,Thiruvananthapuram,Sreekaryam,Rural,Independent House,1180,1,1,20,2,Unfurnished,2,4.8,Main Road,Yes,5560000,6200,Research-informed synthetic estimate
KHP104474,Kollam,Kavanad,Rural,Residential Plot,2329,4,3,27,2,Semi-Furnished,0,0.3,Highway Access,Yes,7830000,5000,Research-informed synthetic estimate
KHP104475,Thiruvananthapuram,Peroorkada,Semi-Urban,Independent House,1158,2,2,12,1,Unfurnished,0,4.4,Main Road,No,6290000,5900,Research-informed synthetic estimate
KHP104476,Wayanad,Ambalavayal,Semi-Urban,Apartment,3379,6,5,5,0,Semi-Furnished,5,3.0,Narrow Road,No,11460000,3200,Research-informed synthetic estimate
KHP104477,Palakkad,Ottapalam,Semi-Urban,Independent House,2068,4,3,3,1,Semi-Furnished,2,5.9,Narrow Road,No,5580000,3200,Research-informed synthetic estimate
KHP104478,Kottayam,Ettumanoor,Semi-Urban,Apartment,1055,2,1,27,1,Unfurnished,3,7.9,Local Road,No,3090000,3900,Research-informed synthetic estimate
KHP104479,Thiruvananthapuram,Vazhuthacaud,Urban,Independent House,2947,4,4,13,3,Semi-Furnished,0,4.1,Local Road,Yes,25330000,7800,Research-informed synthetic estimate
KHP104480,Malappuram,Nilambur,Semi-Urban,Apartment,3939,6,5,14,1,Unfurnished,2,12.6,Local Road,No,11680000,3300,Research-informed synthetic estimate
KHP104481,Malappuram,Tirur,Semi-Urban,Independent House,3707,6,5,28,1,Unfurnished,2,2.9,Main Road,Yes,14250000,4200,Research-informed synthetic estimate
KHP104482,Kollam,Chathannoor,Semi-Urban,Residential Plot,3289,5,5,14,2,Semi-Furnished,1,3.3,Main Road,Yes,8720000,3200,Research-informed synthetic estimate
KHP104483,Kasaragod,Kanhangad,Semi-Urban,Villa,1110,2,2,28,1,Semi-Furnished,2,6.7,Local Road,No,3510000,3500,Research-informed synthetic estimate
KHP104484,Idukki,Thodupuzha,Rural,Apartment,1840,3,3,24,1,Fully Furnished,6,3.3,Local Road,No,6170000,3900,Research-informed synthetic estimate
KHP104485,Idukki,Kattappana,Rural,Independent House,3910,6,5,7,1,Unfurnished,2,2.5,Main Road,No,12170000,3000,Research-informed synthetic estimate
KHP104486,Kottayam,Ettumanoor,Rural,Apartment,2886,5,5,0,3,Unfurnished,5,2.7,Highway Access,No,13060000,3900,Research-informed synthetic estimate
KHP104487,Malappuram,Perinthalmanna,Semi-Urban,Villa,3136,5,5,19,2,Unfurnished,1,4.8,Main Road,No,15340000,4500,Research-informed synthetic estimate
KHP104488,Kollam,Asramam,Semi-Urban,Independent House,3179,5,5,3,2,Semi-Furnished,0,2.0,Local Road,No,18040000,5200,Research-informed synthetic estimate
KHP104489,Kottayam,Ettumanoor,Semi-Urban,Independent House,3038,6,5,9,0,Unfurnished,2,3.4,Main Road,Yes,12800000,3900,Research-informed synthetic estimate
KHP104490,Palakkad,Olavakkode,Semi-Urban,Independent House,3859,6,5,10,0,Fully Furnished,2,2.2,Highway Access,No,21100000,4100,Research-informed synthetic estimate
KHP104491,Alappuzha,Kayamkulam,Semi-Urban,Independent House,1407,1,1,8,0,Fully Furnished,2,5.5,Local Road,Yes,4840000,3600,Research-informed synthetic estimate
KHP104492,Alappuzha,Alappuzha Beach,Rural,Independent House,1085,2,2,17,1,Fully Furnished,2,8.8,Local Road,Yes,5480000,6800,Research-informed synthetic estimate
KHP104493,Palakkad,Olavakkode,Rural,Villa,3582,6,5,16,2,Unfurnished,0,2.1,Main Road,No,16300000,4100,Research-informed synthetic estimate
KHP104494,Palakkad,Palakkad Town,Urban,Apartment,4136,6,5,1,0,Unfurnished,2,5.6,Narrow Road,No,15790000,3900,Research-informed synthetic estimate
KHP104495,Malappuram,Tirur,Rural,Independent House,1122,3,3,1,2,Fully Furnished,2,8.0,Narrow Road,No,4180000,4200,Research-informed synthetic estimate
KHP104496,Kasaragod,Cheruvathur,Rural,Independent House,1259,2,2,20,1,Unfurnished,2,4.7,Main Road,No,3100000,2900,Research-informed synthetic estimate
KHP104497,Kollam,Chathannoor,Semi-Urban,Apartment,1832,4,4,0,1,Semi-Furnished,2,8.5,Local Road,No,6060000,3200,Research-informed synthetic estimate
KHP104498,Kollam,Karunagappally,Semi-Urban,Villa,3140,4,4,18,1,Unfurnished,0,7.4,Narrow Road,No,8250000,3800,Research-informed synthetic estimate
KHP104499,Palakkad,Pattambi,Rural,Apartment,3176,5,5,12,0,Semi-Furnished,1,3.6,Main Road,Yes,10380000,3000,Research-informed synthetic estimate
KHP104500,Thiruvananthapuram,Vazhuthacaud,Urban,Independent House,3261,6,5,21,1,Semi-Furnished,0,0.6,Local Road,No,27760000,7800,Research-informed synthetic estimate
KHP104501,Thiruvananthapuram,Neyyattinkara,Semi-Urban,Independent House,2185,3,3,7,2,Unfurnished,0,1.7,Highway Access,Yes,10850000,4200,Research-informed synthetic estimate
KHP104502,Idukki,Painavu,Rural,Villa,3827,5,5,13,1,Semi-Furnished,0,9.5,Local Road,No,10400000,2600,Research-informed synthetic estimate
KHP104503,Kannur,Taliparamba,Rural,Apartment,2547,5,4,20,0,Unfurnished,3,6.3,Highway Access,No,7580000,3500,Research-informed synthetic estimate
KHP104504,Kasaragod,Bekal,Rural,Apartment,1991,3,3,27,1,Semi-Furnished,2,1.8,Main Road,No,7120000,4200,Research-informed synthetic estimate
KHP104505,Alappuzha,Haripad,Semi-Urban,Villa,2092,3,3,24,3,Unfurnished,0,2.3,Local Road,No,5870000,3200,Research-informed synthetic estimate
KHP104506,Ernakulam,Chottanikkara,Rural,Villa,2276,3,2,11,1,Semi-Furnished,1,5.9,Main Road,Yes,8720000,4200,Research-informed synthetic estimate
KHP104507,Idukki,Munnar,Rural,Apartment,792,2,2,9,1,Unfurnished,7,4.9,Local Road,Yes,4480000,6500,Research-informed synthetic estimate
KHP104508,Malappuram,Malappuram Town,Urban,Residential Plot,2040,3,3,29,2,Semi-Furnished,1,4.9,Main Road,No,7600000,4400,Research-informed synthetic estimate
KHP104509,Malappuram,Ponnani,Semi-Urban,Apartment,2632,5,5,11,1,Unfurnished,2,10.0,Local Road,No,9080000,3500,Research-informed synthetic estimate
KHP104510,Kollam,Punalur,Rural,Villa,2689,4,4,6,1,Semi-Furnished,0,2.0,Local Road,No,7770000,3000,Research-informed synthetic estimate
KHP104511,Wayanad,Meppadi,Semi-Urban,Independent House,3777,6,5,13,2,Fully Furnished,1,0.3,Local Road,Yes,15440000,3300,Research-informed synthetic estimate
KHP104512,Wayanad,Kalpetta,Semi-Urban,Villa,4139,6,5,27,1,Fully Furnished,0,6.8,Main Road,No,19330000,4300,Research-informed synthetic estimate
KHP104513,Palakkad,Olavakkode,Semi-Urban,Apartment,3169,5,5,0,2,Fully Furnished,0,10.1,Main Road,No,17560000,4100,Research-informed synthetic estimate
KHP104514,Thiruvananthapuram,Peroorkada,Rural,Independent House,2093,3,3,20,1,Fully Furnished,1,1.6,Local Road,No,9020000,5900,Research-informed synthetic estimate
KHP104515,Malappuram,Kottakkal,Semi-Urban,Independent House,3949,6,5,19,1,Unfurnished,2,2.7,Local Road,Yes,17150000,4400,Research-informed synthetic estimate
KHP104516,Kottayam,Kanjirappally,Rural,Apartment,3701,6,5,7,1,Unfurnished,5,9.2,Narrow Road,No,10190000,3000,Research-informed synthetic estimate
KHP104517,Thrissur,Muthuvattoor,Semi-Urban,Independent House,1088,2,2,4,1,Unfurnished,1,3.9,Local Road,No,3190000,3500,Research-informed synthetic estimate
KHP104518,Palakkad,Ottapalam,Semi-Urban,Independent House,3581,6,5,24,0,Unfurnished,2,2.4,Narrow Road,No,8160000,3200,Research-informed synthetic estimate
KHP104519,Thrissur,Kuttanellur,Semi-Urban,Villa,3259,6,5,23,0,Semi-Furnished,2,3.5,Narrow Road,Yes,16110000,5500,Research-informed synthetic estimate
KHP104520,Pathanamthitta,Adoor,Rural,Residential Plot,1861,4,4,13,1,Semi-Furnished,1,1.5,Highway Access,Yes,6250000,3900,Research-informed synthetic estimate
KHP104521,Thrissur,Kodungallur,Semi-Urban,Residential Plot,977,1,1,26,2,Unfurnished,1,11.6,Local Road,No,1910000,3600,Research-informed synthetic estimate
KHP104522,Palakkad,Palakkad Town,Urban,Villa,3289,5,4,28,0,Fully Furnished,2,1.4,Local Road,No,12590000,3900,Research-informed synthetic estimate
KHP104523,Kasaragod,Manjeshwar,Semi-Urban,Apartment,1985,3,3,18,1,Unfurnished,6,3.9,Local Road,Yes,5790000,3400,Research-informed synthetic estimate
KHP104524,Kasaragod,Hosdurg,Semi-Urban,Villa,769,1,1,4,1,Semi-Furnished,0,3.5,Main Road,Yes,2850000,3300,Research-informed synthetic estimate
KHP104525,Pathanamthitta,Pandalam,Semi-Urban,Apartment,1840,3,3,24,3,Semi-Furnished,6,8.0,Highway Access,No,6780000,3400,Research-informed synthetic estimate
KHP104526,Palakkad,Chittur,Rural,Apartment,1639,3,3,9,1,Semi-Furnished,6,5.0,Highway Access,No,5010000,2900,Research-informed synthetic estimate
KHP104527,Ernakulam,Pallikkara,Semi-Urban,Independent House,3936,6,5,5,1,Unfurnished,1,5.9,Main Road,No,17820000,4600,Research-informed synthetic estimate
KHP104528,Wayanad,Sulthan Bathery,Rural,Apartment,1753,4,4,28,2,Unfurnished,0,6.5,Local Road,No,4350000,3900,Research-informed synthetic estimate
KHP104529,Kottayam,Kanjirappally,Rural,Independent House,2198,4,4,28,2,Semi-Furnished,2,9.6,Local Road,No,4310000,3000,Research-informed synthetic estimate
KHP104530,Thrissur,Ayyanthole,Semi-Urban,Residential Plot,3499,5,5,27,1,Fully Furnished,0,5.2,Main Road,No,14650000,5000,Research-informed synthetic estimate
KHP104531,Kollam,Chathannoor,Semi-Urban,Apartment,4135,6,5,20,0,Semi-Furnished,6,2.1,Narrow Road,Yes,13590000,3200,Research-informed synthetic estimate
KHP104532,Kasaragod,Kasaragod Town,Urban,Villa,1959,3,3,16,0,Unfurnished,0,8.6,Local Road,No,6640000,3600,Research-informed synthetic estimate
KHP104533,Kannur,Mattannur,Semi-Urban,Residential Plot,4086,6,5,9,1,Unfurnished,2,4.3,Narrow Road,Yes,12020000,3400,Research-informed synthetic estimate
KHP104534,Kannur,Iritty,Rural,Apartment,1021,2,2,4,1,Semi-Furnished,3,10.0,Main Road,No,2590000,2800,Research-informed synthetic estimate
KHP104535,Malappuram,Kottakkal,Rural,Residential Plot,1368,1,1,3,1,Unfurnished,0,4.5,Narrow Road,Yes,3660000,4400,Research-informed synthetic estimate
KHP104536,Alappuzha,Alappuzha Town,Urban,Residential Plot,3460,4,3,9,0,Semi-Furnished,0,0.4,Local Road,No,15850000,6000,Research-informed synthetic estimate
KHP104537,Kollam,Asramam,Rural,Villa,2478,2,1,12,2,Semi-Furnished,0,5.6,Main Road,No,12250000,5200,Research-informed synthetic estimate
KHP104538,Palakkad,Chittur,Semi-Urban,Independent House,3571,5,5,16,0,Unfurnished,2,1.2,Main Road,No,9220000,2900,Research-informed synthetic estimate
KHP104539,Malappuram,Nilambur,Semi-Urban,Apartment,1746,2,2,12,0,Semi-Furnished,4,3.1,Local Road,Yes,5500000,3300,Research-informed synthetic estimate
KHP104540,Kollam,Kottarakkara,Semi-Urban,Residential Plot,3803,6,5,30,0,Fully Furnished,1,1.5,Main Road,No,12190000,3400,Research-informed synthetic estimate
KHP104541,Alappuzha,Kayamkulam,Rural,Independent House,3902,5,5,21,1,Unfurnished,2,2.9,Local Road,No,10960000,3600,Research-informed synthetic estimate
KHP104542,Alappuzha,Ambalappuzha,Semi-Urban,Villa,1161,1,1,9,3,Semi-Furnished,1,2.6,Local Road,No,3560000,3400,Research-informed synthetic estimate
KHP104543,Malappuram,Kottakkal,Semi-Urban,Residential Plot,909,2,2,11,0,Unfurnished,2,4.0,Local Road,No,2360000,4400,Research-informed synthetic estimate
KHP104544,Thiruvananthapuram,Neyyattinkara,Semi-Urban,Apartment,4035,6,5,5,0,Fully Furnished,1,1.1,Local Road,No,21890000,4200,Research-informed synthetic estimate
KHP104545,Thrissur,Kunnamkulam,Semi-Urban,Independent House,3439,6,5,13,1,Semi-Furnished,0,5.0,Local Road,No,11830000,3500,Research-informed synthetic estimate
KHP104546,Alappuzha,Alappuzha Town,Urban,Villa,1382,2,2,15,1,Unfurnished,2,5.2,Narrow Road,No,6650000,6000,Research-informed synthetic estimate
KHP104547,Malappuram,Manjeri,Semi-Urban,Independent House,863,1,1,9,1,Semi-Furnished,0,2.2,Narrow Road,No,3100000,4300,Research-informed synthetic estimate
KHP104548,Palakkad,Palakkad Town,Urban,Villa,889,1,1,10,2,Semi-Furnished,0,7.1,Main Road,No,3930000,3900,Research-informed synthetic estimate
KHP104549,Idukki,Kattappana,Semi-Urban,Apartment,1886,2,2,2,3,Semi-Furnished,7,8.0,Local Road,No,5410000,3000,Research-informed synthetic estimate
KHP104550,Thrissur,Guruvayur,Semi-Urban,Villa,2264,4,4,16,1,Semi-Furnished,0,7.1,Narrow Road,Yes,9050000,3700,Research-informed synthetic estimate
KHP104551,Ernakulam,Maradu,Semi-Urban,Apartment,4040,6,5,18,1,Semi-Furnished,4,1.1,Local Road,Yes,30950000,7300,Research-informed synthetic estimate
KHP104552,Kannur,Mattannur,Rural,Residential Plot,1384,2,2,10,1,Semi-Furnished,0,7.5,Main Road,No,2720000,3400,Research-informed synthetic estimate
KHP104553,Kollam,Asramam,Rural,Villa,3448,6,5,24,1,Unfurnished,0,2.6,Main Road,No,16090000,5200,Research-informed synthetic estimate
KHP104554,Thiruvananthapuram,Peroorkada,Semi-Urban,Independent House,1314,3,2,25,1,Unfurnished,0,3.7,Highway Access,No,7080000,5900,Research-informed synthetic estimate
KHP104555,Kannur,Taliparamba,Semi-Urban,Independent House,3309,6,5,27,0,Semi-Furnished,1,4.0,Local Road,No,8910000,3500,Research-informed synthetic estimate
KHP104556,Malappuram,Parappanangadi,Semi-Urban,Independent House,1911,3,3,17,0,Unfurnished,1,1.2,Main Road,No,5490000,3600,Research-informed synthetic estimate
KHP104557,Thiruvananthapuram,Pattom,Urban,Independent House,1383,3,3,19,2,Unfurnished,1,7.2,Highway Access,No,9400000,7200,Research-informed synthetic estimate
KHP104558,Pathanamthitta,Konni,Rural,Independent House,763,2,2,23,2,Unfurnished,0,10.9,Local Road,No,1490000,2900,Research-informed synthetic estimate
KHP104559,Kottayam,Kottayam Town,Urban,Independent House,2736,3,3,10,0,Fully Furnished,1,1.5,Local Road,No,14590000,5200,Research-informed synthetic estimate
KHP104560,Palakkad,Pattambi,Rural,Independent House,685,2,2,4,2,Unfurnished,2,0.4,Main Road,No,1920000,3000,Research-informed synthetic estimate
KHP104561,Ernakulam,Aluva,Semi-Urban,Apartment,2659,4,4,7,1,Unfurnished,5,10.7,Local Road,Yes,13010000,5000,Research-informed synthetic estimate
KHP104562,Idukki,Munnar,Rural,Villa,2722,5,5,7,1,Unfurnished,1,12.1,Main Road,Yes,20040000,6500,Research-informed synthetic estimate
KHP104563,Kasaragod,Nileshwar,Semi-Urban,Independent House,2672,4,4,0,1,Semi-Furnished,2,4.8,Highway Access,No,10230000,3200,Research-informed synthetic estimate
KHP104564,Thrissur,Thrissur Town,Urban,Apartment,1308,2,1,12,1,Semi-Furnished,1,3.9,Main Road,Yes,6960000,5000,Research-informed synthetic estimate
KHP104565,Thiruvananthapuram,Vazhuthacaud,Urban,Independent House,2672,5,5,7,1,Fully Furnished,0,6.0,Local Road,No,22930000,7800,Research-informed synthetic estimate
KHP104566,Idukki,Painavu,Rural,Independent House,3565,6,5,2,1,Unfurnished,0,1.5,Local Road,No,9390000,2600,Research-informed synthetic estimate
KHP104567,Kozhikode,Vellayil,Semi-Urban,Independent House,3388,5,5,25,0,Semi-Furnished,2,1.9,Local Road,No,22430000,7100,Research-informed synthetic estimate
KHP104568,Idukki,Adimali,Semi-Urban,Villa,677,2,2,12,3,Semi-Furnished,0,7.1,Local Road,No,1920000,3000,Research-informed synthetic estimate
KHP104569,Idukki,Kattappana,Semi-Urban,Independent House,907,3,3,28,2,Unfurnished,0,3.0,Local Road,No,1840000,3000,Research-informed synthetic estimate
KHP104570,Malappuram,Tirur,Semi-Urban,Apartment,3092,5,5,26,0,Semi-Furnished,4,5.1,Main Road,Yes,13860000,4200,Research-informed synthetic estimate
KHP104571,Kozhikode,Koyilandy,Rural,Apartment,2415,4,4,29,3,Fully Furnished,5,6.3,Local Road,No,7470000,4100,Research-informed synthetic estimate
KHP104572,Kollam,Kavanad,Semi-Urban,Independent House,834,2,2,26,3,Unfurnished,2,0.7,Highway Access,No,4200000,5000,Research-informed synthetic estimate
KHP104573,Thiruvananthapuram,Kazhakkoottam,Semi-Urban,Apartment,1169,1,1,21,1,Unfurnished,3,4.0,Narrow Road,Yes,6030000,6800,Research-informed synthetic estimate
KHP104574,Kottayam,Ettumanoor,Rural,Residential Plot,1477,2,2,27,1,Semi-Furnished,2,2.2,Narrow Road,No,2550000,3900,Research-informed synthetic estimate
KHP104575,Wayanad,Mananthavady,Rural,Villa,2028,4,4,23,2,Semi-Furnished,2,7.3,Main Road,Yes,6060000,3400,Research-informed synthetic estimate
KHP104576,Malappuram,Manjeri,Semi-Urban,Apartment,2871,6,5,12,2,Semi-Furnished,5,3.2,Main Road,No,12350000,4300,Research-informed synthetic estimate
KHP104577,Ernakulam,Chottanikkara,Semi-Urban,Independent House,2717,5,5,8,0,Semi-Furnished,1,2.6,Local Road,No,12820000,4200,Research-informed synthetic estimate
KHP104578,Pathanamthitta,Ranni,Rural,Independent House,891,2,2,18,0,Fully Furnished,0,3.5,Main Road,Yes,2040000,3000,Research-informed synthetic estimate
KHP104579,Kasaragod,Cheruvathur,Rural,Villa,2873,5,5,15,1,Semi-Furnished,1,4.2,Main Road,Yes,9120000,2900,Research-informed synthetic estimate
KHP104580,Idukki,Kattappana,Rural,Apartment,661,1,1,8,1,Unfurnished,6,2.4,Narrow Road,Yes,1380000,3000,Research-informed synthetic estimate
KHP104581,Kannur,Chala,Semi-Urban,Independent House,2381,4,4,18,2,Semi-Furnished,2,2.3,Local Road,No,8130000,3600,Research-informed synthetic estimate
KHP104582,Alappuzha,Alappuzha Beach,Semi-Urban,Independent House,3389,5,5,22,1,Fully Furnished,1,3.7,Main Road,No,21640000,6800,Research-informed synthetic estimate
KHP104583,Wayanad,Panamaram,Rural,Apartment,2028,3,3,17,1,Unfurnished,3,2.3,Local Road,No,4120000,2900,Research-informed synthetic estimate
KHP104584,Kollam,Kottarakkara,Semi-Urban,Independent House,3714,6,5,14,0,Semi-Furnished,2,1.0,Main Road,No,14080000,3400,Research-informed synthetic estimate
KHP104585,Kasaragod,Kasaragod Town,Urban,Independent House,2446,4,4,1,1,Unfurnished,1,2.4,Main Road,No,10620000,3600,Research-informed synthetic estimate
KHP104586,Kottayam,Kanjirappally,Rural,Independent House,3736,6,5,0,0,Fully Furnished,0,2.2,Narrow Road,No,11750000,3000,Research-informed synthetic estimate
KHP104587,Malappuram,Perinthalmanna,Rural,Apartment,3493,5,5,18,2,Fully Furnished,7,2.6,Highway Access,No,19010000,4500,Research-informed synthetic estimate
KHP104588,Kasaragod,Hosdurg,Rural,Independent House,1270,2,1,12,2,Semi-Furnished,2,7.1,Narrow Road,No,2780000,3300,Research-informed synthetic estimate
KHP104589,Kozhikode,Palazhi,Rural,Apartment,3506,4,4,12,0,Semi-Furnished,1,1.4,Main Road,No,31200000,8600,Research-informed synthetic estimate
KHP104590,Thrissur,Naikkanal,Semi-Urban,Independent House,3841,5,5,10,0,Unfurnished,2,6.0,Narrow Road,No,16790000,5300,Research-informed synthetic estimate
KHP104591,Kottayam,Kumarakom,Semi-Urban,Apartment,928,2,2,18,3,Fully Furnished,3,0.5,Narrow Road,No,6330000,6500,Research-informed synthetic estimate
KHP104592,Thrissur,Ayyanthole,Rural,Independent House,1120,1,1,19,1,Semi-Furnished,2,2.7,Main Road,No,3980000,5000,Research-informed synthetic estimate
KHP104593,Malappuram,Perinthalmanna,Semi-Urban,Residential Plot,3575,5,5,27,1,Semi-Furnished,0,1.9,Narrow Road,No,12300000,4500,Research-informed synthetic estimate
KHP104594,Alappuzha,Chengannur,Rural,Apartment,3585,6,5,16,0,Unfurnished,1,2.0,Narrow Road,No,13000000,4300,Research-informed synthetic estimate
KHP104595,Ernakulam,Kakkanad,Semi-Urban,Independent House,3325,5,5,11,1,Semi-Furnished,0,2.2,Narrow Road,No,19470000,6500,Research-informed synthetic estimate
KHP104596,Kasaragod,Kanhangad,Semi-Urban,Apartment,2303,4,3,29,1,Semi-Furnished,1,0.5,Local Road,No,6700000,3500,Research-informed synthetic estimate
KHP104597,Malappuram,Manjeri,Semi-Urban,Independent House,1291,1,1,3,0,Semi-Furnished,0,3.6,Narrow Road,No,4440000,4300,Research-informed synthetic estimate
KHP104598,Kozhikode,Cyberpark,Semi-Urban,Villa,2398,4,4,21,3,Unfurnished,0,8.9,Main Road,No,11200000,5000,Research-informed synthetic estimate
KHP104599,Ernakulam,Thevakkal,Semi-Urban,Villa,3217,5,5,18,1,Unfurnished,2,1.3,Main Road,Yes,21480000,5400,Research-informed synthetic estimate
KHP104600,Idukki,Kumily,Rural,Independent House,2537,5,5,20,2,Semi-Furnished,0,8.7,Local Road,Yes,6710000,3400,Research-informed synthetic estimate
KHP104601,Thiruvananthapuram,Kowdiar,Urban,Independent House,3326,5,5,5,2,Unfurnished,1,6.0,Highway Access,No,34960000,9000,Research-informed synthetic estimate
KHP104602,Kozhikode,Kottooli,Semi-Urban,Independent House,2174,3,3,12,0,Semi-Furnished,1,1.9,Main Road,Yes,14250000,6500,Research-informed synthetic estimate
KHP104603,Alappuzha,Muhamma,Semi-Urban,Residential Plot,2449,4,4,20,0,Fully Furnished,0,5.2,Local Road,No,7480000,4000,Research-informed synthetic estimate
KHP104604,Ernakulam,Pallikkara,Rural,Independent House,1351,3,3,14,0,Unfurnished,1,3.5,Main Road,No,4310000,4600,Research-informed synthetic estimate
KHP104605,Palakkad,Chittur,Rural,Apartment,2198,3,2,25,0,Fully Furnished,1,3.4,Main Road,No,4970000,2900,Research-informed synthetic estimate
KHP104606,Thrissur,Chalakudy,Semi-Urban,Villa,912,1,1,7,0,Unfurnished,2,11.6,Highway Access,Yes,3890000,3900,Research-informed synthetic estimate
KHP104607,Palakkad,Palakkad Town,Urban,Apartment,1665,2,2,15,0,Semi-Furnished,1,1.6,Narrow Road,No,5020000,3900,Research-informed synthetic estimate
KHP104608,Thrissur,Kuttanellur,Semi-Urban,Independent House,4026,6,5,23,0,Unfurnished,1,4.3,Local Road,Yes,19550000,5500,Research-informed synthetic estimate
KHP104609,Wayanad,Kalpetta,Rural,Villa,2481,3,2,11,1,Unfurnished,1,1.1,Narrow Road,Yes,7480000,4300,Research-informed synthetic estimate
KHP104610,Wayanad,Ambalavayal,Semi-Urban,Independent House,4040,6,5,15,1,Semi-Furnished,1,1.6,Highway Access,No,16080000,3200,Research-informed synthetic estimate
KHP104611,Thiruvananthapuram,Peroorkada,Semi-Urban,Residential Plot,1986,2,2,21,3,Semi-Furnished,2,18.0,Local Road,No,7870000,5900,Research-informed synthetic estimate
KHP104612,Kottayam,Kanjirappally,Rural,Independent House,3515,6,5,21,1,Semi-Furnished,0,6.0,Local Road,No,10110000,3000,Research-informed synthetic estimate
KHP104613,Idukki,Kumily,Semi-Urban,Independent House,3830,6,5,2,2,Semi-Furnished,2,3.6,Narrow Road,No,12800000,3400,Research-informed synthetic estimate
KHP104614,Kozhikode,Mavoor Road,Urban,Residential Plot,1044,2,2,22,3,Unfurnished,1,7.0,Local Road,No,5160000,6400,Research-informed synthetic estimate
KHP104615,Palakkad,Olavakkode,Semi-Urban,Villa,4074,6,5,3,1,Unfurnished,2,4.2,Highway Access,No,21500000,4100,Research-informed synthetic estimate
KHP104616,Kannur,Payyannur,Semi-Urban,Apartment,2791,4,4,16,2,Fully Furnished,3,0.8,Main Road,No,14260000,3900,Research-informed synthetic estimate
KHP104617,Idukki,Kattappana,Semi-Urban,Villa,1751,4,4,14,1,Semi-Furnished,0,3.5,Narrow Road,No,4850000,3000,Research-informed synthetic estimate
KHP104618,Kannur,Kannur Town,Urban,Independent House,2960,4,4,19,1,Semi-Furnished,0,0.9,Local Road,No,11550000,4500,Research-informed synthetic estimate
KHP104619,Kollam,Kottarakkara,Rural,Villa,3418,3,3,20,1,Unfurnished,2,5.0,Local Road,Yes,10290000,3400,Research-informed synthetic estimate
KHP104620,Idukki,Thodupuzha,Semi-Urban,Independent House,2482,3,3,9,0,Semi-Furnished,2,8.0,Local Road,Yes,9440000,3900,Research-informed synthetic estimate
KHP104621,Kozhikode,West Hill,Semi-Urban,Independent House,4153,5,5,19,1,Semi-Furnished,2,4.8,Main Road,No,18190000,4200,Research-informed synthetic estimate
KHP104622,Thiruvananthapuram,Sreekaryam,Semi-Urban,Independent House,2002,4,4,27,0,Fully Furnished,0,0.8,Local Road,Yes,11600000,6200,Research-informed synthetic estimate
KHP104623,Kottayam,Pala,Rural,Independent House,3689,5,4,19,2,Unfurnished,1,1.4,Local Road,Yes,13220000,4200,Research-informed synthetic estimate
KHP104624,Alappuzha,Kayamkulam,Semi-Urban,Independent House,3134,6,5,26,2,Unfurnished,2,5.3,Highway Access,No,10300000,3600,Research-informed synthetic estimate
KHP104625,Kozhikode,Feroke,Rural,Independent House,3271,4,4,25,2,Fully Furnished,1,1.4,Local Road,No,10740000,3700,Research-informed synthetic estimate
KHP104626,Kollam,Kottarakkara,Semi-Urban,Independent House,1567,3,3,8,3,Fully Furnished,0,4.0,Highway Access,No,6430000,3400,Research-informed synthetic estimate
KHP104627,Palakkad,Shoranur,Rural,Villa,2041,3,3,11,1,Semi-Furnished,2,0.3,Local Road,No,5680000,3100,Research-informed synthetic estimate
KHP104628,Palakkad,Palakkad Town,Urban,Independent House,1278,3,3,29,0,Unfurnished,0,3.8,Main Road,No,3540000,3900,Research-informed synthetic estimate
KHP104629,Kozhikode,Mukkam,Rural,Independent House,3512,4,4,12,0,Fully Furnished,0,11.6,Main Road,No,10700000,3000,Research-informed synthetic estimate
KHP104630,Pathanamthitta,Konni,Rural,Apartment,3013,4,4,18,2,Fully Furnished,0,1.7,Highway Access,Yes,10670000,2900,Research-informed synthetic estimate
KHP104631,Malappuram,Ponnani,Semi-Urban,Apartment,3706,6,5,13,1,Semi-Furnished,5,6.0,Local Road,Yes,14180000,3500,Research-informed synthetic estimate
KHP104632,Ernakulam,Pukkattupady,Semi-Urban,Residential Plot,3621,5,5,1,0,Semi-Furnished,0,0.6,Local Road,Yes,16540000,4700,Research-informed synthetic estimate
KHP104633,Malappuram,Perinthalmanna,Rural,Apartment,2219,3,2,6,3,Semi-Furnished,6,5.1,Narrow Road,No,8110000,4500,Research-informed synthetic estimate
KHP104634,Kozhikode,Karaparamba,Semi-Urban,Residential Plot,1820,4,4,5,1,Fully Furnished,0,9.5,Local Road,No,5680000,4000,Research-informed synthetic estimate
KHP104635,Malappuram,Ponnani,Semi-Urban,Apartment,888,1,1,22,1,Unfurnished,6,2.2,Local Road,No,2380000,3500,Research-informed synthetic estimate
KHP104636,Malappuram,Manjeri,Rural,Independent House,3349,5,5,7,2,Semi-Furnished,2,2.0,Local Road,Yes,13920000,4300,Research-informed synthetic estimate
KHP104637,Kollam,Paravur,Semi-Urban,Villa,3118,5,5,25,1,Semi-Furnished,0,4.9,Local Road,No,10170000,3600,Research-informed synthetic estimate
KHP104638,Ernakulam,Kalamassery,Semi-Urban,Independent House,1830,3,3,0,1,Semi-Furnished,1,10.7,Local Road,Yes,10240000,6000,Research-informed synthetic estimate
KHP104639,Alappuzha,Kayamkulam,Semi-Urban,Independent House,3760,6,5,11,1,Unfurnished,0,4.0,Highway Access,Yes,15830000,3600,Research-informed synthetic estimate
KHP104640,Kozhikode,Mavoor Road,Urban,Independent House,1409,1,1,17,2,Fully Furnished,1,4.5,Main Road,No,9410000,6400,Research-informed synthetic estimate
KHP104641,Kannur,Taliparamba,Semi-Urban,Independent House,841,1,1,19,2,Unfurnished,1,3.9,Highway Access,Yes,2500000,3500,Research-informed synthetic estimate
KHP104642,Pathanamthitta,Adoor,Rural,Independent House,2563,3,2,4,0,Unfurnished,0,2.3,Main Road,No,8150000,3900,Research-informed synthetic estimate
KHP104643,Wayanad,Ambalavayal,Semi-Urban,Villa,1572,3,2,27,0,Unfurnished,2,0.7,Local Road,Yes,3870000,3200,Research-informed synthetic estimate
KHP104644,Kozhikode,Cyberpark,Semi-Urban,Apartment,2117,4,3,21,2,Fully Furnished,3,1.3,Local Road,No,10160000,5000,Research-informed synthetic estimate
KHP104645,Kottayam,Manarcadu,Rural,Independent House,3418,5,5,18,2,Unfurnished,0,7.3,Main Road,No,10560000,3600,Research-informed synthetic estimate
KHP104646,Kollam,Paravur,Semi-Urban,Apartment,2179,4,3,10,0,Fully Furnished,1,4.8,Main Road,No,8520000,3600,Research-informed synthetic estimate
KHP104647,Alappuzha,Cherthala,Semi-Urban,Residential Plot,2780,5,5,11,0,Fully Furnished,0,5.4,Local Road,No,10430000,4700,Research-informed synthetic estimate
KHP104648,Kannur,Sreekandapuram,Rural,Residential Plot,2815,5,5,14,2,Semi-Furnished,1,12.8,Narrow Road,Yes,5110000,2900,Research-informed synthetic estimate
KHP104649,Thrissur,Ollur,Rural,Independent House,3445,6,5,10,1,Fully Furnished,0,3.9,Local Road,No,31640000,9000,Research-informed synthetic estimate
KHP104650,Ernakulam,Panampilly Nagar,Urban,Apartment,3773,6,5,17,0,Semi-Furnished,1,8.0,Main Road,No,39370000,9500,Research-informed synthetic estimate
KHP104651,Idukki,Adimali,Rural,Villa,3498,5,5,14,1,Fully Furnished,1,6.9,Local Road,Yes,12620000,3000,Research-informed synthetic estimate
KHP104652,Thiruvananthapuram,Kazhakkoottam,Semi-Urban,Independent House,1975,3,3,6,3,Fully Furnished,2,4.5,Highway Access,Yes,17820000,6800,Research-informed synthetic estimate
KHP104653,Wayanad,Panamaram,Rural,Villa,842,2,2,24,1,Semi-Furnished,2,4.7,Main Road,Yes,2060000,2900,Research-informed synthetic estimate
KHP104654,Malappuram,Parappanangadi,Semi-Urban,Apartment,1328,1,1,19,1,Semi-Furnished,0,9.7,Main Road,No,3830000,3600,Research-informed synthetic estimate
KHP104655,Idukki,Painavu,Rural,Independent House,3136,5,5,5,2,Unfurnished,0,11.1,Local Road,No,7470000,2600,Research-informed synthetic estimate
KHP104656,Ernakulam,Chottanikkara,Semi-Urban,Residential Plot,2391,3,3,27,0,Fully Furnished,2,10.0,Main Road,No,8510000,4200,Research-informed synthetic estimate
KHP104657,Thrissur,Kuttanellur,Rural,Residential Plot,1919,3,3,28,3,Unfurnished,2,10.1,Local Road,No,4460000,5500,Research-informed synthetic estimate
KHP104658,Thrissur,Chalakudy,Rural,Independent House,2489,4,4,5,0,Semi-Furnished,2,6.4,Local Road,No,8020000,3900,Research-informed synthetic estimate
KHP104659,Ernakulam,Marine Drive,Urban,Villa,3383,5,5,17,2,Unfurnished,2,5.3,Main Road,No,48990000,12500,Research-informed synthetic estimate
KHP104660,Ernakulam,Pallikkara,Semi-Urban,Villa,4191,6,5,4,0,Unfurnished,1,1.3,Narrow Road,No,22030000,4600,Research-informed synthetic estimate
KHP104661,Kozhikode,Mukkam,Rural,Residential Plot,927,1,1,3,2,Fully Furnished,2,10.2,Main Road,No,2090000,3000,Research-informed synthetic estimate
KHP104662,Thrissur,Ayyanthole,Rural,Apartment,3875,6,5,1,1,Semi-Furnished,5,11.6,Main Road,No,20970000,5000,Research-informed synthetic estimate
KHP104663,Ernakulam,Muvattupuzha,Semi-Urban,Apartment,3751,4,4,18,1,Semi-Furnished,0,3.5,Narrow Road,No,11940000,3700,Research-informed synthetic estimate
KHP104664,Kasaragod,Cheruvathur,Rural,Apartment,3459,5,5,10,2,Semi-Furnished,2,2.5,Narrow Road,No,10460000,2900,Research-informed synthetic estimate
KHP104665,Alappuzha,Alappuzha Town,Urban,Villa,939,1,1,16,2,Fully Furnished,1,2.9,Main Road,Yes,7320000,6000,Research-informed synthetic estimate
KHP104666,Alappuzha,Muhamma,Semi-Urban,Independent House,3176,5,5,28,0,Fully Furnished,0,3.0,Highway Access,Yes,13530000,4000,Research-informed synthetic estimate
KHP104667,Kasaragod,Cheruvathur,Rural,Independent House,3455,5,5,27,1,Fully Furnished,0,2.8,Narrow Road,Yes,9390000,2900,Research-informed synthetic estimate
KHP104668,Idukki,Munnar,Semi-Urban,Independent House,2355,3,3,2,0,Semi-Furnished,0,6.9,Main Road,No,17110000,6500,Research-informed synthetic estimate
KHP104669,Kottayam,Pala,Semi-Urban,Villa,3987,5,5,11,0,Unfurnished,0,4.2,Main Road,No,20610000,4200,Research-informed synthetic estimate
KHP104670,Thrissur,Thrissur Town,Urban,Apartment,1594,2,2,12,1,Fully Furnished,6,1.1,Narrow Road,Yes,8750000,5000,Research-informed synthetic estimate
KHP104671,Alappuzha,Kayamkulam,Semi-Urban,Apartment,3910,6,5,9,3,Unfurnished,0,1.8,Main Road,No,15680000,3600,Research-informed synthetic estimate
KHP104672,Kottayam,Ettumanoor,Semi-Urban,Apartment,4035,6,5,1,1,Unfurnished,6,14.4,Local Road,No,13780000,3900,Research-informed synthetic estimate
KHP104673,Pathanamthitta,Adoor,Semi-Urban,Independent House,3700,6,5,30,1,Fully Furnished,0,2.3,Highway Access,No,16010000,3900,Research-informed synthetic estimate
KHP104674,Kasaragod,Manjeshwar,Semi-Urban,Apartment,2101,3,2,20,2,Semi-Furnished,4,1.2,Local Road,No,6560000,3400,Research-informed synthetic estimate
KHP104675,Kasaragod,Kasaragod Town,Urban,Independent House,3581,6,5,25,2,Unfurnished,2,0.9,Narrow Road,Yes,10360000,3600,Research-informed synthetic estimate
KHP104676,Wayanad,Ambalavayal,Semi-Urban,Independent House,3923,6,5,30,1,Unfurnished,2,2.3,Main Road,No,10410000,3200,Research-informed synthetic estimate
KHP104677,Pathanamthitta,Pathanamthitta Town,Semi-Urban,Villa,2347,4,4,22,2,Semi-Furnished,1,4.5,Local Road,No,9520000,3800,Research-informed synthetic estimate
KHP104678,Malappuram,Malappuram Town,Urban,Apartment,1422,1,1,10,2,Fully Furnished,0,11.9,Main Road,No,6440000,4400,Research-informed synthetic estimate
KHP104679,Alappuzha,Chengannur,Rural,Independent House,3038,5,5,28,0,Fully Furnished,0,4.2,Main Road,No,12510000,4300,Research-informed synthetic estimate
KHP104680,Wayanad,Kalpetta,Rural,Apartment,2396,4,4,29,2,Semi-Furnished,4,0.9,Local Road,No,7860000,4300,Research-informed synthetic estimate
KHP104681,Kannur,Kannur Town,Urban,Independent House,3957,6,5,23,1,Semi-Furnished,2,13.8,Narrow Road,Yes,14720000,4500,Research-informed synthetic estimate
KHP104682,Wayanad,Vythiri,Semi-Urban,Villa,4022,6,5,26,1,Unfurnished,1,4.0,Local Road,Yes,20710000,4700,Research-informed synthetic estimate
KHP104683,Wayanad,Meppadi,Semi-Urban,Independent House,3167,5,5,6,2,Fully Furnished,2,3.3,Local Road,No,12770000,3300,Research-informed synthetic estimate
KHP104684,Malappuram,Parappanangadi,Rural,Independent House,4188,6,5,26,1,Fully Furnished,0,2.5,Local Road,Yes,16620000,3600,Research-informed synthetic estimate
KHP104685,Kozhikode,Mukkam,Rural,Apartment,760,2,2,28,2,Unfurnished,1,1.4,Highway Access,No,1860000,3000,Research-informed synthetic estimate
KHP104686,Kasaragod,Cheruvathur,Rural,Independent House,2789,4,4,28,0,Semi-Furnished,0,4.8,Local Road,No,5830000,2900,Research-informed synthetic estimate
KHP104687,Alappuzha,Alappuzha Town,Urban,Independent House,4173,6,5,4,3,Unfurnished,1,1.7,Main Road,No,30480000,6000,Research-informed synthetic estimate
KHP104688,Kasaragod,Nileshwar,Semi-Urban,Independent House,2052,4,3,23,1,Semi-Furnished,1,1.7,Main Road,Yes,6420000,3200,Research-informed synthetic estimate
KHP104689,Kasaragod,Uppala,Semi-Urban,Independent House,836,2,2,22,0,Semi-Furnished,2,5.4,Main Road,No,1920000,3000,Research-informed synthetic estimate
KHP104690,Malappuram,Manjeri,Rural,Apartment,2331,2,1,24,1,Semi-Furnished,2,8.1,Highway Access,No,7750000,4300,Research-informed synthetic estimate
KHP104691,Pathanamthitta,Mallappally,Rural,Independent House,2184,3,3,8,0,Unfurnished,0,1.3,Local Road,No,5150000,3000,Research-informed synthetic estimate
KHP104692,Pathanamthitta,Mallappally,Rural,Independent House,1412,2,2,6,0,Semi-Furnished,2,2.0,Narrow Road,No,2820000,3000,Research-informed synthetic estimate
KHP104693,Idukki,Adimali,Semi-Urban,Residential Plot,4179,6,5,20,1,Semi-Furnished,1,6.9,Main Road,No,11730000,3000,Research-informed synthetic estimate
KHP104694,Thiruvananthapuram,Nedumangad,Semi-Urban,Villa,3839,6,5,28,0,Semi-Furnished,0,8.5,Main Road,No,12810000,3600,Research-informed synthetic estimate
KHP104695,Ernakulam,Pukkattupady,Semi-Urban,Independent House,4014,5,5,27,2,Unfurnished,2,7.2,Main Road,No,14560000,4700,Research-informed synthetic estimate
KHP104696,Thrissur,Koorkenchery,Semi-Urban,Residential Plot,2608,4,4,28,0,Unfurnished,2,5.9,Narrow Road,No,10990000,6500,Research-informed synthetic estimate
KHP104697,Thiruvananthapuram,Kesavadasapuram,Semi-Urban,Residential Plot,1472,2,2,26,0,Semi-Furnished,2,10.1,Local Road,Yes,5980000,7000,Research-informed synthetic estimate
KHP104698,Kannur,Chala,Rural,Apartment,2101,3,3,3,1,Semi-Furnished,6,8.4,Main Road,Yes,7060000,3600,Research-informed synthetic estimate
KHP104699,Thrissur,Ayyanthole,Semi-Urban,Independent House,3313,6,5,1,1,Fully Furnished,0,8.6,Highway Access,No,22980000,5000,Research-informed synthetic estimate
KHP104700,Kozhikode,Puthiyangadi,Semi-Urban,Independent House,771,2,2,4,2,Unfurnished,2,4.0,Local Road,No,5410000,7900,Research-informed synthetic estimate
KHP104701,Kollam,Kottarakkara,Semi-Urban,Independent House,849,1,1,11,1,Semi-Furnished,1,6.6,Main Road,No,2540000,3400,Research-informed synthetic estimate
KHP104702,Kozhikode,Chevayur,Rural,Villa,3319,5,5,19,1,Unfurnished,2,1.4,Narrow Road,No,13830000,4700,Research-informed synthetic estimate
KHP104703,Kollam,Kollam Town,Urban,Independent House,1144,1,1,22,2,Fully Furnished,1,1.5,Narrow Road,Yes,4640000,4800,Research-informed synthetic estimate
KHP104704,Kasaragod,Uppala,Semi-Urban,Apartment,1829,3,3,4,3,Semi-Furnished,2,1.4,Main Road,No,6640000,3000,Research-informed synthetic estimate
KHP104705,Alappuzha,Kayamkulam,Semi-Urban,Independent House,1374,3,3,19,0,Fully Furnished,1,3.1,Local Road,Yes,5070000,3600,Research-informed synthetic estimate
KHP104706,Wayanad,Meppadi,Semi-Urban,Independent House,3084,5,4,23,2,Unfurnished,1,2.1,Main Road,No,7680000,3300,Research-informed synthetic estimate
KHP104707,Idukki,Kumily,Rural,Apartment,3011,5,5,26,0,Semi-Furnished,4,2.8,Narrow Road,No,8220000,3400,Research-informed synthetic estimate
KHP104708,Pathanamthitta,Mallappally,Semi-Urban,Villa,2427,4,4,21,0,Fully Furnished,0,3.6,Local Road,No,7090000,3000,Research-informed synthetic estimate
KHP104709,Malappuram,Kondotty,Semi-Urban,Residential Plot,823,1,1,22,2,Fully Furnished,2,2.2,Main Road,No,2490000,4300,Research-informed synthetic estimate
KHP104710,Kasaragod,Manjeshwar,Rural,Villa,3557,5,5,19,0,Semi-Furnished,2,1.2,Local Road,No,10240000,3400,Research-informed synthetic estimate
KHP104711,Palakkad,Pattambi,Semi-Urban,Independent House,1086,2,2,19,1,Unfurnished,2,4.1,Local Road,No,2390000,3000,Research-informed synthetic estimate
KHP104712,Thiruvananthapuram,Neyyattinkara,Semi-Urban,Independent House,2529,3,3,13,0,Unfurnished,2,9.2,Local Road,No,7190000,4200,Research-informed synthetic estimate
KHP104713,Wayanad,Mananthavady,Semi-Urban,Independent House,3311,6,5,20,1,Unfurnished,1,0.7,Highway Access,No,11790000,3400,Research-informed synthetic estimate
KHP104714,Thiruvananthapuram,Nedumangad,Semi-Urban,Villa,1285,1,1,12,0,Semi-Furnished,2,7.7,Narrow Road,No,3590000,3600,Research-informed synthetic estimate
KHP104715,Idukki,Thodupuzha,Semi-Urban,Independent House,3349,6,5,6,1,Fully Furnished,2,6.8,Narrow Road,No,12070000,3900,Research-informed synthetic estimate
KHP104716,Wayanad,Vythiri,Semi-Urban,Apartment,3229,6,5,7,1,Semi-Furnished,1,3.2,Local Road,Yes,20900000,4700,Research-informed synthetic estimate
KHP104717,Alappuzha,Cherthala,Semi-Urban,Independent House,1562,2,2,13,0,Semi-Furnished,0,0.9,Main Road,No,7080000,4700,Research-informed synthetic estimate
KHP104718,Kasaragod,Manjeshwar,Semi-Urban,Independent House,1254,2,2,17,1,Unfurnished,2,12.5,Main Road,No,3860000,3400,Research-informed synthetic estimate
KHP104719,Wayanad,Sulthan Bathery,Semi-Urban,Independent House,3381,6,5,11,0,Unfurnished,1,0.7,Main Road,No,13940000,3900,Research-informed synthetic estimate
KHP104720,Palakkad,Chittur,Rural,Residential Plot,2581,4,4,7,0,Semi-Furnished,1,2.6,Narrow Road,No,5650000,2900,Research-informed synthetic estimate
KHP104721,Kollam,Asramam,Semi-Urban,Independent House,2210,4,4,6,3,Fully Furnished,2,3.7,Local Road,Yes,13960000,5200,Research-informed synthetic estimate
KHP104722,Kozhikode,Cyberpark,Rural,Independent House,3236,5,5,29,1,Unfurnished,2,4.9,Narrow Road,Yes,10550000,5000,Research-informed synthetic estimate
KHP104723,Kollam,Asramam,Semi-Urban,Independent House,1231,2,2,2,0,Semi-Furnished,2,4.3,Local Road,No,4910000,5200,Research-informed synthetic estimate
KHP104724,Ernakulam,Chottanikkara,Rural,Independent House,4013,6,5,13,1,Unfurnished,2,4.9,Highway Access,No,17820000,4200,Research-informed synthetic estimate
KHP104725,Kozhikode,Chevayur,Rural,Villa,2374,4,4,7,0,Semi-Furnished,2,1.5,Highway Access,No,12860000,4700,Research-informed synthetic estimate
KHP104726,Palakkad,Ottapalam,Semi-Urban,Independent House,740,1,1,3,0,Unfurnished,0,2.7,Local Road,No,1890000,3200,Research-informed synthetic estimate
KHP104727,Thiruvananthapuram,Vazhuthacaud,Urban,Independent House,2127,4,4,21,0,Fully Furnished,2,1.4,Highway Access,No,19280000,7800,Research-informed synthetic estimate
KHP104728,Wayanad,Ambalavayal,Semi-Urban,Independent House,1560,2,2,2,3,Semi-Furnished,2,4.7,Local Road,Yes,4940000,3200,Research-informed synthetic estimate
KHP104729,Kottayam,Ettumanoor,Rural,Villa,2851,4,4,11,1,Fully Furnished,2,6.4,Local Road,No,10100000,3900,Research-informed synthetic estimate
KHP104730,Thiruvananthapuram,Attingal,Semi-Urban,Independent House,3671,6,5,22,2,Semi-Furnished,2,4.2,Main Road,No,14740000,3900,Research-informed synthetic estimate
KHP104731,Palakkad,Ottapalam,Rural,Independent House,2925,5,5,7,1,Fully Furnished,0,13.7,Main Road,No,8300000,3200,Research-informed synthetic estimate
KHP104732,Kottayam,Kottayam Town,Urban,Independent House,1679,3,3,19,1,Semi-Furnished,0,6.1,Main Road,No,8820000,5200,Research-informed synthetic estimate
KHP104733,Alappuzha,Chengannur,Semi-Urban,Apartment,1893,3,3,9,0,Unfurnished,6,11.6,Local Road,No,8010000,4300,Research-informed synthetic estimate
KHP104734,Malappuram,Nilambur,Semi-Urban,Villa,1661,3,3,5,1,Semi-Furnished,1,1.4,Main Road,Yes,6100000,3300,Research-informed synthetic estimate
KHP104735,Idukki,Kattappana,Semi-Urban,Apartment,3489,6,5,26,2,Fully Furnished,2,0.6,Narrow Road,Yes,11210000,3000,Research-informed synthetic estimate
KHP104736,Idukki,Adimali,Semi-Urban,Independent House,3722,6,5,20,2,Unfurnished,1,5.8,Main Road,No,10340000,3000,Research-informed synthetic estimate
KHP104737,Kasaragod,Kanhangad,Rural,Apartment,843,2,2,29,2,Semi-Furnished,6,3.4,Main Road,No,2180000,3500,Research-informed synthetic estimate
KHP104738,Kozhikode,Vellayil,Rural,Independent House,2611,3,3,30,2,Semi-Furnished,2,3.4,Highway Access,No,17280000,7100,Research-informed synthetic estimate
KHP104739,Palakkad,Mannarkkad,Rural,Independent House,4073,6,5,9,0,Semi-Furnished,2,5.2,Highway Access,No,13390000,2800,Research-informed synthetic estimate
KHP104740,Malappuram,Nilambur,Semi-Urban,Apartment,3614,6,5,14,1,Semi-Furnished,5,5.5,Narrow Road,No,11700000,3300,Research-informed synthetic estimate
KHP104741,Thiruvananthapuram,Sreekaryam,Rural,Apartment,1901,1,1,0,1,Unfurnished,7,8.7,Main Road,No,8990000,6200,Research-informed synthetic estimate
KHP104742,Palakkad,Chittur,Rural,Villa,2095,1,1,30,1,Unfurnished,2,5.7,Narrow Road,No,3000000,2900,Research-informed synthetic estimate
KHP104743,Kottayam,Pala,Semi-Urban,Independent House,2800,4,4,13,1,Semi-Furnished,0,9.7,Main Road,No,10930000,4200,Research-informed synthetic estimate
KHP104744,Kasaragod,Cheruvathur,Rural,Independent House,926,1,1,17,2,Semi-Furnished,1,1.4,Main Road,No,2190000,2900,Research-informed synthetic estimate
KHP104745,Thrissur,Mannuthy,Semi-Urban,Apartment,2266,3,3,18,0,Semi-Furnished,3,3.8,Narrow Road,Yes,8100000,4000,Research-informed synthetic estimate
KHP104746,Ernakulam,Vyttila,Urban,Apartment,1161,2,2,1,2,Unfurnished,5,2.0,Main Road,No,10700000,8000,Research-informed synthetic estimate
KHP104747,Palakkad,Palakkad Town,Urban,Villa,1915,2,2,8,3,Unfurnished,1,5.2,Local Road,No,7660000,3900,Research-informed synthetic estimate
KHP104748,Kozhikode,Chevayur,Semi-Urban,Independent House,1712,3,3,18,1,Semi-Furnished,2,4.8,Main Road,Yes,7860000,4700,Research-informed synthetic estimate
KHP104749,Kottayam,Ettumanoor,Semi-Urban,Apartment,2879,5,5,13,2,Semi-Furnished,0,1.2,Main Road,Yes,13890000,3900,Research-informed synthetic estimate
KHP104750,Alappuzha,Haripad,Semi-Urban,Residential Plot,3767,6,5,18,2,Unfurnished,1,8.2,Main Road,No,9000000,3200,Research-informed synthetic estimate
KHP104751,Kasaragod,Manjeshwar,Semi-Urban,Independent House,2872,4,4,3,1,Unfurnished,2,2.3,Local Road,No,10240000,3400,Research-informed synthetic estimate
KHP104752,Malappuram,Ponnani,Semi-Urban,Independent House,2277,4,4,18,1,Semi-Furnished,0,5.1,Local Road,Yes,7580000,3500,Research-informed synthetic estimate
KHP104753,Malappuram,Kondotty,Rural,Villa,748,1,1,20,0,Fully Furnished,2,4.8,Local Road,No,2310000,4300,Research-informed synthetic estimate
KHP104754,Kozhikode,Chevarambalam,Rural,Apartment,1839,3,3,7,2,Unfurnished,7,6.9,Local Road,Yes,9340000,6300,Research-informed synthetic estimate
KHP104755,Alappuzha,Muhamma,Semi-Urban,Villa,1613,1,1,1,1,Semi-Furnished,0,1.9,Main Road,No,6400000,4000,Research-informed synthetic estimate
KHP104756,Kannur,Mattannur,Semi-Urban,Villa,3377,4,4,4,1,Semi-Furnished,1,0.9,Main Road,No,12590000,3400,Research-informed synthetic estimate
KHP104757,Kottayam,Changanassery,Rural,Apartment,2797,5,5,11,1,Semi-Furnished,2,2.2,Highway Access,No,12220000,4300,Research-informed synthetic estimate
KHP104758,Kozhikode,Chevayur,Rural,Residential Plot,810,1,1,10,2,Fully Furnished,1,3.5,Local Road,No,2900000,4700,Research-informed synthetic estimate
KHP104759,Thiruvananthapuram,Sreekaryam,Semi-Urban,Apartment,818,1,1,4,1,Fully Furnished,4,3.9,Local Road,No,4570000,6200,Research-informed synthetic estimate
KHP104760,Idukki,Munnar,Rural,Independent House,3782,5,5,7,1,Semi-Furnished,1,1.4,Local Road,No,25080000,6500,Research-informed synthetic estimate
KHP104761,Malappuram,Kottakkal,Semi-Urban,Residential Plot,723,1,1,13,0,Semi-Furnished,1,5.1,Main Road,Yes,2260000,4400,Research-informed synthetic estimate
KHP104762,Ernakulam,Perumbavoor,Semi-Urban,Apartment,2452,4,4,9,0,Semi-Furnished,3,1.1,Local Road,No,8190000,3600,Research-informed synthetic estimate
KHP104763,Pathanamthitta,Adoor,Rural,Independent House,1265,2,2,23,1,Semi-Furnished,2,2.1,Main Road,No,3510000,3900,Research-informed synthetic estimate
KHP104764,Thiruvananthapuram,Technopark,Rural,Independent House,4086,6,5,22,2,Unfurnished,0,4.6,Local Road,No,24370000,7000,Research-informed synthetic estimate
KHP104765,Kottayam,Vaikom,Semi-Urban,Apartment,1552,3,3,7,1,Semi-Furnished,6,1.9,Local Road,Yes,6070000,3500,Research-informed synthetic estimate
KHP104766,Idukki,Kattappana,Semi-Urban,Residential Plot,1297,2,2,13,1,Unfurnished,1,10.0,Highway Access,Yes,3070000,3000,Research-informed synthetic estimate
KHP104767,Kollam,Punalur,Semi-Urban,Residential Plot,2158,3,2,6,2,Semi-Furnished,2,14.1,Local Road,No,4090000,3000,Research-informed synthetic estimate
KHP104768,Kottayam,Vaikom,Semi-Urban,Residential Plot,1464,2,2,9,2,Semi-Furnished,2,4.6,Narrow Road,Yes,4510000,3500,Research-informed synthetic estimate
KHP104769,Kollam,Punalur,Semi-Urban,Apartment,1908,2,1,4,3,Fully Furnished,3,2.8,Main Road,Yes,7110000,3000,Research-informed synthetic estimate
KHP104770,Ernakulam,Pallikkara,Semi-Urban,Independent House,3022,5,5,8,0,Fully Furnished,2,1.6,Local Road,Yes,16360000,4600,Research-informed synthetic estimate
KHP104771,Thiruvananthapuram,Attingal,Semi-Urban,Independent House,1521,3,3,6,0,Semi-Furnished,2,2.8,Narrow Road,No,5120000,3900,Research-informed synthetic estimate
KHP104772,Kasaragod,Cheruvathur,Rural,Villa,1619,2,1,27,0,Fully Furnished,2,5.7,Main Road,No,4070000,2900,Research-informed synthetic estimate
KHP104773,Thrissur,Chalakudy,Semi-Urban,Independent House,3770,6,5,22,1,Fully Furnished,1,6.3,Narrow Road,Yes,11120000,3900,Research-informed synthetic estimate
KHP104774,Alappuzha,Alappuzha Beach,Rural,Independent House,1028,2,2,27,1,Unfurnished,0,7.3,Local Road,No,3780000,6800,Research-informed synthetic estimate
KHP104775,Kannur,Taliparamba,Rural,Apartment,3171,5,5,9,1,Unfurnished,5,3.9,Local Road,No,9690000,3500,Research-informed synthetic estimate
KHP104776,Wayanad,Meppadi,Semi-Urban,Independent House,1566,3,2,6,2,Unfurnished,0,6.4,Main Road,No,4620000,3300,Research-informed synthetic estimate
KHP104777,Thiruvananthapuram,Attingal,Semi-Urban,Apartment,1394,1,1,29,2,Semi-Furnished,5,10.6,Local Road,No,3650000,3900,Research-informed synthetic estimate
KHP104778,Kasaragod,Cheruvathur,Rural,Apartment,4074,6,5,20,2,Unfurnished,1,9.5,Highway Access,No,11390000,2900,Research-informed synthetic estimate
KHP104779,Thiruvananthapuram,Kowdiar,Urban,Villa,706,1,1,5,1,Fully Furnished,1,0.7,Local Road,No,7490000,9000,Research-informed synthetic estimate
KHP104780,Kannur,Payyannur,Semi-Urban,Independent House,2948,4,4,19,1,Semi-Furnished,0,2.1,Local Road,No,9850000,3900,Research-informed synthetic estimate
KHP104781,Kottayam,Kottayam Town,Urban,Independent House,886,1,1,26,1,Semi-Furnished,0,3.4,Highway Access,No,4560000,5200,Research-informed synthetic estimate
KHP104782,Kannur,Chala,Rural,Independent House,2059,2,1,13,0,Semi-Furnished,1,5.6,Main Road,No,5580000,3600,Research-informed synthetic estimate
KHP104783,Malappuram,Perinthalmanna,Rural,Apartment,1020,2,2,20,1,Fully Furnished,5,11.9,Main Road,No,3410000,4500,Research-informed synthetic estimate
KHP104784,Kozhikode,Kottooli,Semi-Urban,Residential Plot,3895,6,5,7,2,Semi-Furnished,2,1.0,Local Road,No,24450000,6500,Research-informed synthetic estimate
KHP104785,Idukki,Adimali,Semi-Urban,Independent House,3675,6,5,6,2,Semi-Furnished,1,9.1,Highway Access,No,13140000,3000,Research-informed synthetic estimate
KHP104786,Thrissur,Patturaikkal,Rural,Independent House,3076,5,5,4,2,Unfurnished,1,4.3,Main Road,No,14320000,5600,Research-informed synthetic estimate
KHP104787,Ernakulam,Vennala,Rural,Villa,2321,3,3,7,1,Unfurnished,0,5.9,Local Road,Yes,15480000,7200,Research-informed synthetic estimate
KHP104788,Alappuzha,Muhamma,Semi-Urban,Apartment,3511,5,5,26,0,Fully Furnished,4,1.8,Local Road,No,13620000,4000,Research-informed synthetic estimate
KHP104789,Wayanad,Panamaram,Rural,Apartment,767,1,1,1,1,Semi-Furnished,0,6.0,Local Road,Yes,1850000,2900,Research-informed synthetic estimate
KHP104790,Kannur,Payyannur,Semi-Urban,Independent House,3456,4,4,1,1,Unfurnished,2,4.3,Main Road,No,12620000,3900,Research-informed synthetic estimate
KHP104791,Thrissur,Mannuthy,Semi-Urban,Residential Plot,779,1,1,14,0,Fully Furnished,0,3.0,Highway Access,No,2880000,4000,Research-informed synthetic estimate
KHP104792,Palakkad,Palakkad Town,Urban,Independent House,3733,5,5,24,1,Unfurnished,1,0.9,Local Road,No,12690000,3900,Research-informed synthetic estimate
KHP104793,Kollam,Kollam Town,Urban,Villa,2812,4,4,5,0,Fully Furnished,1,2.5,Main Road,No,17570000,4800,Research-informed synthetic estimate
KHP104794,Pathanamthitta,Ranni,Rural,Villa,4178,6,5,17,1,Semi-Furnished,0,4.4,Main Road,Yes,16790000,3000,Research-informed synthetic estimate
KHP104795,Kasaragod,Cheruvathur,Rural,Apartment,3351,4,4,16,1,Unfurnished,5,1.9,Local Road,No,7980000,2900,Research-informed synthetic estimate
KHP104796,Kannur,Iritty,Rural,Independent House,3357,6,5,24,3,Fully Furnished,0,4.6,Local Road,Yes,9320000,2800,Research-informed synthetic estimate
KHP104797,Ernakulam,Edappally,Urban,Independent House,933,1,1,12,2,Unfurnished,1,1.6,Local Road,Yes,6410000,7600,Research-informed synthetic estimate
KHP104798,Malappuram,Tirur,Semi-Urban,Apartment,3797,5,5,22,3,Fully Furnished,2,16.4,Local Road,No,14460000,4200,Research-informed synthetic estimate
KHP104799,Kottayam,Pala,Semi-Urban,Independent House,2170,3,2,25,2,Semi-Furnished,0,11.3,Local Road,Yes,6980000,4200,Research-informed synthetic estimate
KHP104800,Kozhikode,Government Medical College,Urban,Independent House,1819,4,3,5,0,Unfurnished,0,3.0,Main Road,No,16990000,9300,Research-informed synthetic estimate
KHP104801,Ernakulam,Muvattupuzha,Semi-Urban,Independent House,2539,3,2,1,0,Semi-Furnished,2,3.3,Local Road,No,8770000,3700,Research-informed synthetic estimate
KHP104802,Kottayam,Changanassery,Semi-Urban,Villa,2344,4,4,12,1,Unfurnished,2,3.2,Local Road,No,10330000,4300,Research-informed synthetic estimate
KHP104803,Malappuram,Perinthalmanna,Rural,Independent House,1422,3,2,18,1,Unfurnished,0,10.8,Local Road,No,3990000,4500,Research-informed synthetic estimate
KHP104804,Alappuzha,Chengannur,Semi-Urban,Independent House,2639,5,5,23,0,Semi-Furnished,0,14.3,Main Road,No,8180000,4300,Research-informed synthetic estimate
KHP104805,Idukki,Munnar,Semi-Urban,Villa,2458,5,4,24,1,Unfurnished,1,1.2,Main Road,Yes,15940000,6500,Research-informed synthetic estimate
KHP104806,Palakkad,Ottapalam,Semi-Urban,Apartment,1811,4,4,22,2,Semi-Furnished,7,4.9,Main Road,Yes,6000000,3200,Research-informed synthetic estimate
KHP104807,Idukki,Munnar,Semi-Urban,Apartment,2723,4,4,10,1,Unfurnished,4,4.6,Main Road,Yes,20900000,6500,Research-informed synthetic estimate
KHP104808,Kannur,Thalassery,Rural,Independent House,4101,6,5,10,0,Fully Furnished,2,4.6,Local Road,No,17860000,4300,Research-informed synthetic estimate
KHP104809,Kannur,Kannur Town,Urban,Villa,3991,6,5,13,0,Semi-Furnished,2,3.0,Narrow Road,No,18230000,4500,Research-informed synthetic estimate
KHP104810,Thiruvananthapuram,Pattom,Urban,Apartment,1393,4,4,29,1,Unfurnished,5,3.3,Local Road,No,9060000,7200,Research-informed synthetic estimate
KHP104811,Pathanamthitta,Pandalam,Semi-Urban,Independent House,2121,4,4,20,1,Semi-Furnished,0,4.9,Narrow Road,No,6010000,3400,Research-informed synthetic estimate
KHP104812,Wayanad,Kalpetta,Semi-Urban,Residential Plot,2252,4,4,28,0,Unfurnished,2,5.4,Main Road,No,6000000,4300,Research-informed synthetic estimate
KHP104813,Ernakulam,Aluva,Semi-Urban,Apartment,3017,5,5,24,0,Fully Furnished,5,3.5,Highway Access,No,17190000,5000,Research-informed synthetic estimate
KHP104814,Wayanad,Sulthan Bathery,Rural,Apartment,1294,2,2,16,0,Fully Furnished,2,4.6,Main Road,No,3810000,3900,Research-informed synthetic estimate
KHP104815,Wayanad,Meppadi,Rural,Villa,2316,4,3,29,0,Unfurnished,2,5.1,Local Road,No,5410000,3300,Research-informed synthetic estimate
KHP104816,Palakkad,Ottapalam,Semi-Urban,Independent House,1840,3,2,16,0,Unfurnished,1,7.4,Narrow Road,Yes,3790000,3200,Research-informed synthetic estimate
KHP104817,Palakkad,Alathur,Rural,Apartment,2862,4,4,2,1,Fully Furnished,1,4.9,Narrow Road,No,8100000,2900,Research-informed synthetic estimate
KHP104818,Palakkad,Ottapalam,Semi-Urban,Villa,3876,6,5,15,0,Unfurnished,0,8.8,Main Road,No,13340000,3200,Research-informed synthetic estimate
KHP104819,Alappuzha,Haripad,Rural,Residential Plot,1931,4,4,6,1,Semi-Furnished,0,1.6,Narrow Road,No,4140000,3200,Research-informed synthetic estimate
KHP104820,Idukki,Nedumkandam,Rural,Apartment,3221,6,5,8,3,Semi-Furnished,3,9.0,Local Road,No,9450000,2700,Research-informed synthetic estimate
KHP104821,Palakkad,Chittur,Rural,Apartment,883,1,1,30,1,Fully Furnished,0,0.3,Narrow Road,No,1590000,2900,Research-informed synthetic estimate
KHP104822,Wayanad,Sulthan Bathery,Rural,Apartment,1048,2,1,15,3,Semi-Furnished,3,6.4,Main Road,No,3550000,3900,Research-informed synthetic estimate
KHP104823,Thiruvananthapuram,Kazhakoottam,Semi-Urban,Independent House,724,1,1,20,2,Unfurnished,0,1.4,Local Road,No,3940000,6800,Research-informed synthetic estimate
KHP104824,Malappuram,Parappanangadi,Rural,Villa,1054,1,1,28,1,Unfurnished,0,0.7,Main Road,Yes,2810000,3600,Research-informed synthetic estimate
KHP104825,Kottayam,Kumarakom,Semi-Urban,Independent House,666,1,1,22,3,Semi-Furnished,1,7.1,Local Road,Yes,3620000,6500,Research-informed synthetic estimate
KHP104826,Ernakulam,Thevakkal,Semi-Urban,Apartment,4062,6,5,20,3,Unfurnished,7,14.5,Highway Access,No,26020000,5400,Research-informed synthetic estimate
KHP104827,Ernakulam,Kizhakkambalam,Semi-Urban,Villa,2320,3,3,1,2,Fully Furnished,0,4.0,Local Road,No,13290000,4700,Research-informed synthetic estimate
KHP104828,Palakkad,Alathur,Rural,Independent House,3778,6,5,17,0,Unfurnished,1,13.7,Highway Access,Yes,11870000,2900,Research-informed synthetic estimate
KHP104829,Kannur,Thottada,Semi-Urban,Independent House,896,2,2,2,0,Unfurnished,1,5.0,Main Road,No,3870000,4200,Research-informed synthetic estimate
KHP104830,Kottayam,Kanjirappally,Rural,Independent House,2333,4,4,7,1,Unfurnished,1,3.8,Main Road,No,6470000,3000,Research-informed synthetic estimate
KHP104831,Ernakulam,Marine Drive,Urban,Independent House,3243,5,4,26,0,Fully Furnished,1,3.6,Highway Access,Yes,48240000,12500,Research-informed synthetic estimate
KHP104832,Kannur,Taliparamba,Semi-Urban,Independent House,1436,3,2,22,1,Fully Furnished,0,2.7,Local Road,No,4820000,3500,Research-informed synthetic estimate
KHP104833,Kozhikode,Mavoor Road,Urban,Apartment,1686,4,4,6,0,Semi-Furnished,3,10.6,Local Road,Yes,10120000,6400,Research-informed synthetic estimate
KHP104834,Idukki,Munnar,Semi-Urban,Independent House,3824,6,5,26,1,Semi-Furnished,2,2.4,Local Road,No,22330000,6500,Research-informed synthetic estimate
KHP104835,Kozhikode,Feroke,Semi-Urban,Independent House,2827,4,3,15,3,Semi-Furnished,1,1.9,Local Road,No,10480000,3700,Research-informed synthetic estimate
KHP104836,Thrissur,Muthuvattoor,Semi-Urban,Independent House,1065,2,1,16,1,Unfurnished,2,6.8,Main Road,No,2900000,3500,Research-informed synthetic estimate
KHP104837,Wayanad,Sulthan Bathery,Semi-Urban,Residential Plot,2641,4,4,5,1,Semi-Furnished,1,4.2,Local Road,No,7760000,3900,Research-informed synthetic estimate
KHP104838,Ernakulam,Pallikkara,Semi-Urban,Apartment,2816,5,5,21,2,Semi-Furnished,3,5.6,Local Road,No,11770000,4600,Research-informed synthetic estimate
KHP104839,Kannur,Sreekandapuram,Rural,Apartment,1830,2,2,23,2,Fully Furnished,6,1.6,Highway Access,Yes,6140000,2900,Research-informed synthetic estimate
KHP104840,Ernakulam,Thevakkal,Semi-Urban,Apartment,3468,5,4,2,1,Fully Furnished,5,4.7,Highway Access,No,28110000,5400,Research-informed synthetic estimate
KHP104841,Thiruvananthapuram,Kowdiar,Urban,Independent House,2847,3,2,6,0,Semi-Furnished,0,1.5,Main Road,No,28680000,9000,Research-informed synthetic estimate
KHP104842,Kannur,Kannur Town,Urban,Villa,3892,6,5,21,0,Unfurnished,1,6.5,Local Road,No,18370000,4500,Research-informed synthetic estimate
KHP104843,Wayanad,Ambalavayal,Rural,Apartment,4180,5,5,4,1,Unfurnished,1,5.1,Local Road,No,14000000,3200,Research-informed synthetic estimate
KHP104844,Idukki,Thodupuzha,Semi-Urban,Villa,1861,4,4,17,0,Semi-Furnished,0,2.9,Narrow Road,Yes,6580000,3900,Research-informed synthetic estimate
KHP104845,Thiruvananthapuram,Vazhuthacaud,Urban,Villa,920,1,1,8,2,Fully Furnished,0,2.6,Local Road,No,8480000,7800,Research-informed synthetic estimate
KHP104846,Thiruvananthapuram,Nedumangad,Semi-Urban,Villa,2819,4,3,28,0,Semi-Furnished,2,3.8,Highway Access,No,10610000,3600,Research-informed synthetic estimate
KHP104847,Kottayam,Ettumanoor,Semi-Urban,Independent House,1049,2,2,24,0,Semi-Furnished,2,3.4,Local Road,Yes,2940000,3900,Research-informed synthetic estimate
KHP104848,Thiruvananthapuram,Vazhuthacaud,Urban,Independent House,3616,6,5,10,2,Unfurnished,1,6.7,Highway Access,Yes,38720000,7800,Research-informed synthetic estimate
KHP104849,Pathanamthitta,Pathanamthitta Town,Semi-Urban,Independent House,2599,4,4,25,2,Unfurnished,2,9.5,Narrow Road,No,6810000,3800,Research-informed synthetic estimate
KHP104850,Palakkad,Olavakkode,Semi-Urban,Residential Plot,1997,3,3,8,0,Semi-Furnished,1,3.9,Highway Access,No,8130000,4100,Research-informed synthetic estimate
KHP104851,Kottayam,Kumarakom,Rural,Independent House,1603,3,3,18,0,Semi-Furnished,2,18.0,Main Road,No,7250000,6500,Research-informed synthetic estimate
KHP104852,Palakkad,Shoranur,Semi-Urban,Independent House,1759,2,2,18,0,Unfurnished,0,4.0,Local Road,No,4120000,3100,Research-informed synthetic estimate
KHP104853,Kottayam,Manarcadu,Rural,Residential Plot,2036,2,1,13,1,Unfurnished,1,2.3,Main Road,Yes,5070000,3600,Research-informed synthetic estimate
KHP104854,Kottayam,Vaikom,Semi-Urban,Independent House,1914,3,3,26,1,Semi-Furnished,1,4.3,Local Road,No,5760000,3500,Research-informed synthetic estimate
KHP104855,Ernakulam,Vyttila,Urban,Independent House,3898,6,5,15,2,Unfurnished,2,10.1,Main Road,Yes,30190000,8000,Research-informed synthetic estimate
KHP104856,Kasaragod,Nileshwar,Semi-Urban,Villa,1753,2,2,10,0,Unfurnished,1,2.7,Highway Access,No,7220000,3200,Research-informed synthetic estimate
KHP104857,Ernakulam,Thevakkal,Semi-Urban,Independent House,1579,3,3,13,1,Semi-Furnished,2,1.7,Narrow Road,Yes,7860000,5400,Research-informed synthetic estimate
KHP104858,Alappuzha,Chengannur,Semi-Urban,Independent House,1962,3,3,0,1,Unfurnished,1,9.0,Narrow Road,No,7130000,4300,Research-informed synthetic estimate
KHP104859,Kasaragod,Bekal,Semi-Urban,Villa,843,2,1,12,0,Semi-Furnished,0,3.5,Local Road,Yes,3820000,4200,Research-informed synthetic estimate
KHP104860,Ernakulam,North Paravur,Semi-Urban,Apartment,659,1,1,7,0,Unfurnished,6,3.2,Narrow Road,No,2110000,4100,Research-informed synthetic estimate
KHP104861,Alappuzha,Alappuzha Beach,Semi-Urban,Independent House,1686,2,2,15,0,Semi-Furnished,1,1.8,Narrow Road,Yes,9390000,6800,Research-informed synthetic estimate
KHP104862,Idukki,Kumily,Semi-Urban,Apartment,1410,2,2,11,0,Unfurnished,1,3.6,Main Road,No,4490000,3400,Research-informed synthetic estimate
KHP104863,Wayanad,Panamaram,Rural,Independent House,999,1,1,6,1,Fully Furnished,0,4.8,Highway Access,No,3180000,2900,Research-informed synthetic estimate
KHP104864,Kottayam,Kottayam Town,Urban,Independent House,2384,4,4,28,1,Fully Furnished,1,9.0,Local Road,No,11340000,5200,Research-informed synthetic estimate
KHP104865,Alappuzha,Ambalappuzha,Rural,Apartment,1823,2,2,25,2,Unfurnished,1,3.3,Local Road,Yes,4430000,3400,Research-informed synthetic estimate
KHP104866,Malappuram,Perinthalmanna,Semi-Urban,Independent House,3616,6,5,1,0,Semi-Furnished,2,2.1,Main Road,No,18300000,4500,Research-informed synthetic estimate
KHP104867,Thrissur,Kunnamkulam,Semi-Urban,Independent House,2620,5,5,15,0,Semi-Furnished,2,4.5,Main Road,No,8980000,3500,Research-informed synthetic estimate
KHP104868,Thrissur,Irinjalakuda,Semi-Urban,Independent House,2811,4,4,25,1,Unfurnished,0,3.0,Main Road,Yes,9530000,3400,Research-informed synthetic estimate
KHP104869,Palakkad,Shoranur,Semi-Urban,Independent House,1285,2,1,0,0,Fully Furnished,0,12.7,Highway Access,Yes,4800000,3100,Research-informed synthetic estimate
KHP104870,Thrissur,Ollur,Rural,Independent House,1687,2,2,4,0,Semi-Furnished,0,7.1,Main Road,No,11270000,9000,Research-informed synthetic estimate
KHP104871,Palakkad,Palakkad Town,Urban,Independent House,2405,5,5,18,1,Unfurnished,1,6.4,Main Road,Yes,9700000,3900,Research-informed synthetic estimate
KHP104872,Pathanamthitta,Ranni,Rural,Villa,1938,3,3,4,2,Semi-Furnished,0,9.5,Main Road,No,6190000,3000,Research-informed synthetic estimate
KHP104873,Kozhikode,Mavoor Road,Urban,Residential Plot,1365,1,1,9,1,Fully Furnished,2,10.4,Local Road,Yes,7170000,6400,Research-informed synthetic estimate
KHP104874,Ernakulam,Kaloor,Urban,Apartment,3565,6,5,25,0,Fully Furnished,0,3.6,Main Road,No,30520000,8200,Research-informed synthetic estimate
KHP104875,Ernakulam,Muvattupuzha,Rural,Independent House,3391,6,5,5,0,Semi-Furnished,2,4.7,Local Road,No,12470000,3700,Research-informed synthetic estimate
KHP104876,Alappuzha,Haripad,Rural,Apartment,2719,3,3,25,0,Unfurnished,6,2.4,Local Road,No,5680000,3200,Research-informed synthetic estimate
KHP104877,Wayanad,Panamaram,Rural,Apartment,1782,2,2,27,1,Semi-Furnished,2,1.4,Main Road,Yes,4240000,2900,Research-informed synthetic estimate
KHP104878,Alappuzha,Chengannur,Semi-Urban,Villa,3179,5,5,10,1,Fully Furnished,2,5.8,Narrow Road,No,13420000,4300,Research-informed synthetic estimate
KHP104879,Kozhikode,Karaparamba,Semi-Urban,Residential Plot,1459,1,1,26,1,Fully Furnished,2,6.0,Main Road,No,5040000,4000,Research-informed synthetic estimate
KHP104880,Ernakulam,Kadavanthra,Urban,Independent House,3218,5,5,23,0,Fully Furnished,0,4.1,Main Road,No,34330000,9000,Research-informed synthetic estimate
KHP104881,Thrissur,Mannuthy,Rural,Villa,2657,4,4,13,3,Fully Furnished,0,1.0,Main Road,No,11870000,4000,Research-informed synthetic estimate
KHP104882,Palakkad,Ottapalam,Rural,Villa,1317,2,2,11,2,Fully Furnished,2,4.3,Main Road,No,4620000,3200,Research-informed synthetic estimate
KHP104883,Pathanamthitta,Pandalam,Semi-Urban,Apartment,1642,3,3,28,1,Fully Furnished,4,3.6,Main Road,No,4970000,3400,Research-informed synthetic estimate
KHP104884,Malappuram,Manjeri,Rural,Apartment,3944,6,5,18,1,Unfurnished,3,4.0,Main Road,No,17380000,4300,Research-informed synthetic estimate
KHP104885,Kottayam,Kanjirappally,Rural,Residential Plot,2226,3,3,19,3,Semi-Furnished,1,1.3,Highway Access,No,5950000,3000,Research-informed synthetic estimate
KHP104886,Pathanamthitta,Mallappally,Semi-Urban,Independent House,2885,5,5,3,0,Semi-Furnished,1,1.6,Main Road,Yes,10100000,3000,Research-informed synthetic estimate
KHP104887,Wayanad,Ambalavayal,Semi-Urban,Residential Plot,3849,6,5,22,1,Semi-Furnished,1,2.2,Main Road,No,12360000,3200,Research-informed synthetic estimate
KHP104888,Thrissur,Guruvayur,Semi-Urban,Independent House,1932,4,4,0,1,Fully Furnished,2,4.1,Main Road,Yes,9420000,3700,Research-informed synthetic estimate
KHP104889,Kottayam,Vaikom,Semi-Urban,Villa,3131,5,5,7,3,Semi-Furnished,0,4.4,Narrow Road,Yes,11730000,3500,Research-informed synthetic estimate
KHP104890,Kannur,Mattannur,Semi-Urban,Independent House,3654,5,5,13,1,Semi-Furnished,1,1.3,Local Road,No,12880000,3400,Research-informed synthetic estimate
KHP104891,Kannur,Taliparamba,Semi-Urban,Residential Plot,1163,2,2,25,0,Fully Furnished,2,5.3,Local Road,No,2330000,3500,Research-informed synthetic estimate
KHP104892,Kollam,Karunagappally,Semi-Urban,Apartment,2331,4,4,6,2,Semi-Furnished,3,3.7,Narrow Road,Yes,8810000,3800,Research-informed synthetic estimate
KHP104893,Kozhikode,West Hill,Rural,Apartment,1744,3,3,24,1,Semi-Furnished,6,4.6,Main Road,No,5700000,4200,Research-informed synthetic estimate
KHP104894,Kollam,Kavanad,Semi-Urban,Independent House,2893,6,5,22,1,Fully Furnished,0,2.2,Main Road,No,16310000,5000,Research-informed synthetic estimate
KHP104895,Malappuram,Nilambur,Semi-Urban,Villa,1221,2,1,22,1,Semi-Furnished,2,1.8,Main Road,No,4160000,3300,Research-informed synthetic estimate
KHP104896,Palakkad,Alathur,Rural,Apartment,2096,3,3,9,0,Semi-Furnished,6,7.2,Highway Access,No,5580000,2900,Research-informed synthetic estimate
KHP104897,Alappuzha,Muhamma,Rural,Independent House,3110,6,5,8,1,Semi-Furnished,2,2.9,Local Road,Yes,11590000,4000,Research-informed synthetic estimate
KHP104898,Kasaragod,Hosdurg,Rural,Apartment,2780,5,5,26,0,Semi-Furnished,2,2.9,Local Road,No,6760000,3300,Research-informed synthetic estimate
KHP104899,Ernakulam,Kakkanad,Semi-Urban,Apartment,2182,4,4,11,1,Semi-Furnished,3,1.6,Main Road,No,16010000,6500,Research-informed synthetic estimate
KHP104900,Pathanamthitta,Ranni,Rural,Residential Plot,3740,5,5,11,0,Unfurnished,2,4.6,Narrow Road,No,7180000,3000,Research-informed synthetic estimate
KHP104901,Pathanamthitta,Thiruvalla,Rural,Independent House,3213,4,4,29,2,Unfurnished,0,1.3,Narrow Road,Yes,11810000,4700,Research-informed synthetic estimate
KHP104902,Pathanamthitta,Thiruvalla,Rural,Villa,1054,1,1,23,2,Fully Furnished,1,0.4,Main Road,No,4550000,4700,Research-informed synthetic estimate
KHP104903,Thrissur,Chalakudy,Rural,Independent House,1561,3,3,28,0,Semi-Furnished,0,3.0,Main Road,No,4610000,3900,Research-informed synthetic estimate
KHP104904,Alappuzha,Cherthala,Semi-Urban,Apartment,1769,3,3,17,1,Fully Furnished,2,1.0,Local Road,Yes,8550000,4700,Research-informed synthetic estimate
KHP104905,Wayanad,Meppadi,Semi-Urban,Apartment,690,2,2,7,1,Unfurnished,4,1.0,Main Road,Yes,2320000,3300,Research-informed synthetic estimate
KHP104906,Idukki,Thodupuzha,Rural,Apartment,3475,5,5,2,0,Semi-Furnished,3,4.0,Main Road,Yes,16960000,3900,Research-informed synthetic estimate
KHP104907,Ernakulam,Kakkanad,Rural,Independent House,1985,3,2,17,1,Semi-Furnished,2,1.4,Local Road,Yes,10180000,6500,Research-informed synthetic estimate
KHP104908,Kozhikode,Feroke,Semi-Urban,Villa,4104,6,5,10,1,Semi-Furnished,2,4.5,Main Road,No,16950000,3700,Research-informed synthetic estimate
KHP104909,Idukki,Painavu,Rural,Independent House,1987,3,2,12,2,Semi-Furnished,2,2.4,Local Road,Yes,4400000,2600,Research-informed synthetic estimate
KHP104910,Kasaragod,Manjeshwar,Semi-Urban,Independent House,1959,3,3,11,0,Fully Furnished,2,2.2,Local Road,No,6270000,3400,Research-informed synthetic estimate
KHP104911,Malappuram,Perinthalmanna,Rural,Residential Plot,2051,3,2,26,0,Semi-Furnished,2,6.6,Local Road,No,4580000,4500,Research-informed synthetic estimate
KHP104912,Thrissur,Koorkenchery,Rural,Residential Plot,3241,5,4,18,0,Semi-Furnished,2,2.3,Local Road,Yes,17010000,6500,Research-informed synthetic estimate
KHP104913,Palakkad,Pattambi,Semi-Urban,Apartment,1196,2,2,24,2,Semi-Furnished,7,2.2,Narrow Road,No,2610000,3000,Research-informed synthetic estimate
KHP104914,Thiruvananthapuram,Nedumangad,Semi-Urban,Independent House,4028,6,5,2,3,Unfurnished,1,3.1,Main Road,No,16030000,3600,Research-informed synthetic estimate
KHP104915,Alappuzha,Muhamma,Semi-Urban,Independent House,1879,3,3,29,1,Unfurnished,1,2.1,Local Road,No,5470000,4000,Research-informed synthetic estimate
KHP104916,Palakkad,Olavakkode,Semi-Urban,Independent House,2221,4,4,1,1,Semi-Furnished,2,2.5,Highway Access,Yes,10090000,4100,Research-informed synthetic estimate
KHP104917,Kollam,Paravur,Semi-Urban,Villa,4039,6,5,30,2,Semi-Furnished,1,2.9,Highway Access,No,17470000,3600,Research-informed synthetic estimate
KHP104918,Kollam,Paravur,Semi-Urban,Independent House,2490,4,4,13,2,Semi-Furnished,0,8.3,Narrow Road,Yes,7710000,3600,Research-informed synthetic estimate
KHP104919,Malappuram,Malappuram Town,Urban,Independent House,1380,3,3,12,0,Semi-Furnished,1,2.2,Local Road,No,5570000,4400,Research-informed synthetic estimate
KHP104920,Idukki,Nedumkandam,Rural,Villa,1428,1,1,29,0,Semi-Furnished,1,0.3,Local Road,Yes,2480000,2700,Research-informed synthetic estimate
KHP104921,Pathanamthitta,Adoor,Semi-Urban,Independent House,3267,4,4,21,2,Semi-Furnished,0,1.0,Local Road,No,12130000,3900,Research-informed synthetic estimate
KHP104922,Kasaragod,Manjeshwar,Semi-Urban,Villa,1921,4,3,30,2,Unfurnished,2,2.2,Local Road,No,5620000,3400,Research-informed synthetic estimate
KHP104923,Kasaragod,Manjeshwar,Rural,Villa,2246,4,4,11,0,Unfurnished,0,5.1,Local Road,No,5660000,3400,Research-informed synthetic estimate
KHP104924,Wayanad,Sulthan Bathery,Semi-Urban,Apartment,2384,3,3,10,2,Semi-Furnished,3,2.4,Local Road,Yes,9750000,3900,Research-informed synthetic estimate
KHP104925,Kannur,Kannur Town,Urban,Independent House,3366,5,5,27,1,Semi-Furnished,0,9.9,Narrow Road,No,11800000,4500,Research-informed synthetic estimate
KHP104926,Kollam,Karunagappally,Semi-Urban,Independent House,710,1,1,14,0,Semi-Furnished,0,1.4,Highway Access,No,2720000,3800,Research-informed synthetic estimate
KHP104927,Malappuram,Nilambur,Semi-Urban,Independent House,4161,6,5,15,2,Semi-Furnished,0,2.8,Local Road,Yes,13380000,3300,Research-informed synthetic estimate
KHP104928,Kannur,Chala,Rural,Independent House,1448,2,2,5,2,Semi-Furnished,2,1.5,Main Road,No,4990000,3600,Research-informed synthetic estimate
KHP104929,Kasaragod,Hosdurg,Semi-Urban,Villa,3552,5,5,16,0,Fully Furnished,2,4.5,Narrow Road,No,10880000,3300,Research-informed synthetic estimate
KHP104930,Kasaragod,Kanhangad,Semi-Urban,Apartment,925,2,2,15,0,Semi-Furnished,6,6.1,Narrow Road,Yes,2690000,3500,Research-informed synthetic estimate
KHP104931,Thrissur,Muthuvattoor,Semi-Urban,Apartment,1843,4,4,8,0,Semi-Furnished,0,1.2,Main Road,No,6890000,3500,Research-informed synthetic estimate
KHP104932,Kozhikode,Government Medical College,Urban,Independent House,814,1,1,1,1,Unfurnished,1,2.9,Highway Access,No,7820000,9300,Research-informed synthetic estimate
KHP104933,Malappuram,Kottakkal,Semi-Urban,Independent House,1040,2,2,19,1,Unfurnished,1,3.4,Highway Access,No,4200000,4400,Research-informed synthetic estimate
KHP104934,Kottayam,Kumarakom,Semi-Urban,Independent House,1476,2,2,5,1,Unfurnished,0,7.4,Highway Access,No,11950000,6500,Research-informed synthetic estimate
KHP104935,Malappuram,Tirur,Rural,Villa,3019,4,4,29,2,Unfurnished,2,3.9,Narrow Road,Yes,10110000,4200,Research-informed synthetic estimate
KHP104936,Idukki,Kumily,Semi-Urban,Apartment,2160,4,4,1,1,Fully Furnished,4,4.5,Main Road,Yes,8740000,3400,Research-informed synthetic estimate
KHP104937,Kottayam,Kottayam Town,Urban,Independent House,2750,3,3,27,0,Fully Furnished,2,2.7,Local Road,No,13230000,5200,Research-informed synthetic estimate
KHP104938,Malappuram,Malappuram Town,Urban,Independent House,2514,4,4,17,1,Fully Furnished,2,3.2,Narrow Road,No,10840000,4400,Research-informed synthetic estimate
KHP104939,Idukki,Munnar,Semi-Urban,Villa,3535,5,4,6,3,Fully Furnished,1,5.2,Main Road,No,38280000,6500,Research-informed synthetic estimate
KHP104940,Thrissur,Chalakudy,Semi-Urban,Independent House,2114,2,2,22,2,Unfurnished,0,3.0,Local Road,Yes,7160000,3900,Research-informed synthetic estimate
KHP104941,Thiruvananthapuram,Pattom,Urban,Villa,3418,5,5,1,2,Semi-Furnished,2,7.6,Narrow Road,Yes,27580000,7200,Research-informed synthetic estimate
KHP104942,Thrissur,Punkunnam,Semi-Urban,Independent House,3431,5,5,23,2,Fully Furnished,2,3.9,Local Road,No,19320000,5500,Research-informed synthetic estimate
KHP104943,Kannur,Chala,Semi-Urban,Independent House,1557,2,2,9,1,Unfurnished,2,7.9,Local Road,No,4780000,3600,Research-informed synthetic estimate
KHP104944,Wayanad,Sulthan Bathery,Semi-Urban,Apartment,2657,4,4,24,2,Fully Furnished,2,7.9,Narrow Road,Yes,9800000,3900,Research-informed synthetic estimate
KHP104945,Kozhikode,Chevayur,Semi-Urban,Villa,3505,5,4,28,3,Semi-Furnished,1,4.4,Highway Access,No,16150000,4700,Research-informed synthetic estimate
KHP104946,Kasaragod,Hosdurg,Rural,Villa,2013,4,3,15,0,Semi-Furnished,0,6.1,Main Road,No,6190000,3300,Research-informed synthetic estimate
KHP104947,Malappuram,Ponnani,Rural,Villa,1036,1,1,16,1,Semi-Furnished,2,2.2,Local Road,No,2650000,3500,Research-informed synthetic estimate
KHP104948,Pathanamthitta,Ranni,Rural,Independent House,2521,4,4,11,0,Semi-Furnished,2,2.3,Narrow Road,No,5860000,3000,Research-informed synthetic estimate
KHP104949,Kasaragod,Bekal,Semi-Urban,Residential Plot,2510,3,2,16,3,Unfurnished,1,4.6,Narrow Road,No,7360000,4200,Research-informed synthetic estimate
KHP104950,Kasaragod,Nileshwar,Rural,Independent House,805,2,1,17,0,Fully Furnished,1,11.9,Local Road,Yes,1850000,3200,Research-informed synthetic estimate
KHP104951,Alappuzha,Alappuzha Beach,Rural,Villa,3436,6,5,10,1,Unfurnished,2,6.0,Main Road,No,26270000,6800,Research-informed synthetic estimate
KHP104952,Idukki,Thodupuzha,Semi-Urban,Independent House,3682,5,5,4,1,Unfurnished,1,7.2,Local Road,No,12710000,3900,Research-informed synthetic estimate
KHP104953,Pathanamthitta,Pandalam,Semi-Urban,Apartment,3990,6,5,5,0,Fully Furnished,7,3.2,Local Road,No,18110000,3400,Research-informed synthetic estimate
KHP104954,Kasaragod,Uppala,Semi-Urban,Villa,1672,2,1,12,0,Unfurnished,0,12.4,Local Road,No,3740000,3000,Research-informed synthetic estimate
KHP104955,Kollam,Asramam,Rural,Villa,3971,6,5,29,2,Unfurnished,1,9.5,Highway Access,Yes,21680000,5200,Research-informed synthetic estimate
KHP104956,Pathanamthitta,Mallappally,Semi-Urban,Independent House,4076,6,5,21,1,Fully Furnished,0,4.8,Highway Access,No,14900000,3000,Research-informed synthetic estimate
KHP104957,Alappuzha,Alappuzha Town,Urban,Apartment,2093,4,4,17,1,Semi-Furnished,5,0.3,Narrow Road,No,11590000,6000,Research-informed synthetic estimate
KHP104958,Palakkad,Pattambi,Semi-Urban,Independent House,4130,6,5,18,2,Semi-Furnished,1,2.6,Local Road,No,12720000,3000,Research-informed synthetic estimate
KHP104959,Palakkad,Alathur,Rural,Villa,1654,2,2,3,0,Semi-Furnished,1,9.2,Local Road,No,3650000,2900,Research-informed synthetic estimate
KHP104960,Idukki,Munnar,Rural,Independent House,1669,2,2,14,0,Unfurnished,2,1.8,Main Road,No,9380000,6500,Research-informed synthetic estimate
KHP104961,Kottayam,Changanassery,Semi-Urban,Villa,2576,4,4,28,1,Semi-Furnished,1,3.3,Local Road,No,9480000,4300,Research-informed synthetic estimate
KHP104962,Thiruvananthapuram,Pattom,Urban,Residential Plot,2322,5,5,14,1,Unfurnished,0,1.2,Main Road,No,12800000,7200,Research-informed synthetic estimate
KHP104963,Thrissur,Ayyanthole,Semi-Urban,Apartment,1171,1,1,27,1,Unfurnished,6,6.3,Highway Access,Yes,5400000,5000,Research-informed synthetic estimate
KHP104964,Alappuzha,Kayamkulam,Semi-Urban,Apartment,2532,5,5,10,0,Fully Furnished,4,4.9,Narrow Road,No,9830000,3600,Research-informed synthetic estimate
KHP104965,Thrissur,Naikkanal,Semi-Urban,Independent House,845,1,1,2,0,Unfurnished,1,3.7,Main Road,No,3720000,5300,Research-informed synthetic estimate
KHP104966,Palakkad,Chittur,Semi-Urban,Apartment,3346,5,5,19,0,Semi-Furnished,2,6.7,Local Road,Yes,10090000,2900,Research-informed synthetic estimate
KHP104967,Thiruvananthapuram,Nedumangad,Semi-Urban,Independent House,1411,2,2,27,1,Semi-Furnished,2,2.9,Local Road,Yes,4020000,3600,Research-informed synthetic estimate
KHP104968,Palakkad,Shoranur,Semi-Urban,Independent House,3271,6,5,23,0,Semi-Furnished,0,3.1,Narrow Road,Yes,8820000,3100,Research-informed synthetic estimate
KHP104969,Kasaragod,Manjeshwar,Semi-Urban,Apartment,1421,2,2,3,1,Fully Furnished,1,8.8,Local Road,Yes,5890000,3400,Research-informed synthetic estimate
KHP104970,Palakkad,Alathur,Rural,Apartment,2594,4,4,3,0,Unfurnished,3,7.9,Local Road,No,6500000,2900,Research-informed synthetic estimate
KHP104971,Idukki,Munnar,Semi-Urban,Residential Plot,2251,3,3,1,1,Unfurnished,0,6.1,Local Road,No,13690000,6500,Research-informed synthetic estimate
KHP104972,Kasaragod,Uppala,Rural,Villa,2508,5,5,1,2,Unfurnished,0,2.0,Main Road,Yes,8730000,3000,Research-informed synthetic estimate
KHP104973,Wayanad,Meppadi,Semi-Urban,Apartment,674,1,1,2,2,Unfurnished,3,1.4,Local Road,No,1860000,3300,Research-informed synthetic estimate
KHP104974,Kottayam,Ettumanoor,Semi-Urban,Residential Plot,2458,4,4,12,1,Unfurnished,1,14.0,Local Road,No,6200000,3900,Research-informed synthetic estimate
KHP104975,Idukki,Munnar,Rural,Residential Plot,2680,3,3,19,2,Semi-Furnished,1,1.4,Narrow Road,No,10150000,6500,Research-informed synthetic estimate
KHP104976,Kasaragod,Manjeshwar,Semi-Urban,Villa,2781,3,3,22,3,Unfurnished,0,9.8,Local Road,No,8590000,3400,Research-informed synthetic estimate
KHP104977,Thrissur,Naikkanal,Rural,Villa,1117,1,1,28,0,Semi-Furnished,0,1.0,Main Road,Yes,4010000,5300,Research-informed synthetic estimate
KHP104978,Malappuram,Malappuram Town,Urban,Apartment,3385,5,5,3,1,Fully Furnished,3,3.1,Local Road,Yes,19630000,4400,Research-informed synthetic estimate
KHP104979,Kasaragod,Bekal,Semi-Urban,Villa,966,3,3,21,1,Unfurnished,1,3.9,Local Road,No,3970000,4200,Research-informed synthetic estimate
KHP104980,Thiruvananthapuram,Peroorkada,Semi-Urban,Residential Plot,1763,3,3,0,2,Semi-Furnished,2,7.8,Local Road,No,6550000,5900,Research-informed synthetic estimate
KHP104981,Thrissur,Ollur,Semi-Urban,Apartment,3982,6,5,4,2,Semi-Furnished,0,3.8,Main Road,Yes,49560000,9000,Research-informed synthetic estimate
KHP104982,Thiruvananthapuram,Kesavadasapuram,Semi-Urban,Apartment,3486,6,5,16,1,Semi-Furnished,4,7.7,Main Road,No,27470000,7000,Research-informed synthetic estimate
KHP104983,Thiruvananthapuram,Kesavadasapuram,Semi-Urban,Independent House,2049,4,4,3,1,Unfurnished,1,2.6,Local Road,Yes,14630000,7000,Research-informed synthetic estimate
KHP104984,Wayanad,Ambalavayal,Semi-Urban,Residential Plot,1441,2,2,10,1,Semi-Furnished,2,4.3,Highway Access,No,4210000,3200,Research-informed synthetic estimate
KHP104985,Pathanamthitta,Mallappally,Semi-Urban,Villa,3590,6,5,20,1,Semi-Furnished,0,2.9,Main Road,No,12900000,3000,Research-informed synthetic estimate
KHP104986,Kottayam,Ettumanoor,Semi-Urban,Independent House,3602,5,5,10,3,Unfurnished,2,8.7,Local Road,Yes,13060000,3900,Research-informed synthetic estimate
KHP104987,Alappuzha,Ambalappuzha,Rural,Apartment,767,1,1,23,1,Unfurnished,3,11.0,Local Road,No,1470000,3400,Research-informed synthetic estimate
KHP104988,Kottayam,Kanjirappally,Rural,Independent House,811,1,1,15,1,Semi-Furnished,0,0.9,Local Road,Yes,1910000,3000,Research-informed synthetic estimate
KHP104989,Malappuram,Nilambur,Semi-Urban,Villa,3347,5,5,19,1,Fully Furnished,1,3.4,Narrow Road,No,11580000,3300,Research-informed synthetic estimate
KHP104990,Kozhikode,Palazhi,Semi-Urban,Residential Plot,917,2,2,22,0,Unfurnished,1,8.6,Narrow Road,No,4510000,8600,Research-informed synthetic estimate
KHP104991,Kollam,Chinnakada,Urban,Residential Plot,2916,4,3,14,1,Fully Furnished,2,2.1,Highway Access,Yes,17940000,5000,Research-informed synthetic estimate
KHP104992,Ernakulam,Vyttila,Urban,Independent House,3758,6,5,11,0,Unfurnished,2,2.8,Highway Access,Yes,35660000,8000,Research-informed synthetic estimate
KHP104993,Pathanamthitta,Ranni,Rural,Villa,3890,6,5,12,1,Unfurnished,2,1.9,Local Road,No,12360000,3000,Research-informed synthetic estimate
KHP104994,Alappuzha,Ambalappuzha,Rural,Apartment,2030,3,3,9,1,Unfurnished,0,4.0,Local Road,Yes,5930000,3400,Research-informed synthetic estimate
KHP104995,Malappuram,Kondotty,Semi-Urban,Villa,795,1,1,19,1,Fully Furnished,1,5.4,Main Road,No,3420000,4300,Research-informed synthetic estimate
KHP104996,Thiruvananthapuram,Peroorkada,Rural,Independent House,1881,3,3,26,0,Unfurnished,0,1.1,Local Road,Yes,7190000,5900,Research-informed synthetic estimate
KHP104997,Thrissur,Koorkenchery,Semi-Urban,Independent House,4139,6,5,11,1,Unfurnished,1,13.0,Local Road,Yes,22890000,6500,Research-informed synthetic estimate
KHP104998,Thiruvananthapuram,Attingal,Semi-Urban,Apartment,2534,3,3,22,0,Semi-Furnished,1,4.6,Local Road,No,7550000,3900,Research-informed synthetic estimate
KHP104999,Ernakulam,Vyttila,Urban,Villa,2894,5,4,27,1,Semi-Furnished,0,4.5,Local Road,No,24000000,8000,Research-informed synthetic estimate
KHP105000,Palakkad,Chittur,Semi-Urban,Apartment,1558,2,1,5,3,Unfurnished,1,7.7,Local Road,Yes,4590000,2900,Research-informed synthetic estimate
